-- -*- coding: utf-8 -*-
-- ---------------------------------------------------------------------------
-- Insert taxonomy data
-- Author: Timm Nawrocki & Amanda Droghini, Alaska Center for Conservation Science
-- Last Updated:  2021-06-23
-- Usage: Script should be executed in a PostgreSQL 12 database.
-- Description: "Insert taxonomy data" pushes data from the taxonomy editing tables into the database server. The script "Build taxonomy tables" should be run prior to this script to start with empty, properly formatted tables.
-- ---------------------------------------------------------------------------

-- Initialize transaction
START TRANSACTION;


-- Insert data into class table
INSERT INTO class (class_id, class) VALUES
(1, 'Amphibia'),
(2, 'Aves'),
(3, 'Mammalia'),
(4, 'Reptilia');

-- Insert data into order table
INSERT INTO tax_order (order_id, tax_order) VALUES
(1, 'Accipitriformes'),
(2, 'Anseriformes'),
(3, 'Anura'),
(4, 'Apodiformes'),
(5, 'Artiodactyla'),
(6, 'Caprimulgiformes'),
(7, 'Carnivora'),
(8, 'Caudata'),
(9, 'Cetacea'),
(10, 'Charadriiformes'),
(11, 'Chiroptera'),
(12, 'Columbiformes'),
(13, 'Coraciiformes'),
(14, 'Cuculiformes'),
(15, 'Eulipotyphla'),
(16, 'Falconiformes'),
(17, 'Galliformes'),
(18, 'Gaviiformes'),
(19, 'Gruiformes'),
(20, 'Lagomorpha'),
(21, 'Passeriformes'),
(22, 'Pelecaniformes'),
(23, 'Piciformes'),
(24, 'Podicipediformes'),
(25, 'Procellariiformes'),
(26, 'Rodentia'),
(27, 'Strigiformes'),
(28, 'Suliformes'),
(29, 'Testudines'),
(30, 'Upupiformes');

-- Insert data into family table
INSERT INTO family (family_id, family) VALUES
(1, 'Accipitridae'),
(2, 'Acrocephalidae'),
(3, 'Alaudidae'),
(4, 'Alcedinidae'),
(5, 'Alcidae'),
(6, 'Ambystomatidae'),
(7, 'Anatidae'),
(8, 'Apodidae'),
(9, 'Ardeidae'),
(10, 'Balaenidae'),
(11, 'Balaenopteridae'),
(12, 'Bombycillidae'),
(13, 'Bovidae'),
(14, 'Bufonidae'),
(15, 'Calcariidae'),
(16, 'Canidae'),
(17, 'Caprimulgidae'),
(18, 'Cardinalidae'),
(19, 'Castoridae'),
(20, 'Cathartidae'),
(21, 'Certhiidae'),
(22, 'Cervidae'),
(23, 'Charadriidae'),
(24, 'Chelonidae'),
(25, 'Cinclidae'),
(26, 'Columbidae'),
(27, 'Corvidae'),
(28, 'Cricetidae'),
(29, 'Cuculidae'),
(30, 'Delphinidae'),
(31, 'Dermochelyidae'),
(32, 'Diomedeidae'),
(33, 'Dipodidae'),
(34, 'Emberizidae'),
(35, 'Erethizontidae'),
(36, 'Eschrichtiidae'),
(37, 'Falconidae'),
(38, 'Felidae'),
(39, 'Fregatidae'),
(40, 'Fringillidae'),
(41, 'Gaviidae'),
(42, 'Glareolidae'),
(43, 'Gruidae'),
(44, 'Haematopodidae'),
(45, 'Hirundinidae'),
(46, 'Hydrobatidae'),
(47, 'Hylidae'),
(48, 'Icteridae'),
(49, 'Laniidae'),
(50, 'Laridae'),
(51, 'Leporidae'),
(52, 'Locustellidae'),
(53, 'Mimidae'),
(54, 'Monodontidae'),
(55, 'Motacillidae'),
(56, 'Muridae'),
(57, 'Muscicapidae'),
(58, 'Mustelidae'),
(59, 'Ochotonidae'),
(60, 'Odobenidae'),
(61, 'Otariidae'),
(62, 'Pandionidae'),
(63, 'Paridae'),
(64, 'Parulidae'),
(65, 'Passerellidae'),
(66, 'Passeridae'),
(67, 'Pelecanidae'),
(68, 'Phalacrocoracidae'),
(69, 'Phasianidae'),
(70, 'Phocidae'),
(71, 'Phocoenidae'),
(72, 'Phylloscopidae'),
(73, 'Physeteridae'),
(74, 'Picidae'),
(75, 'Podicipedidae'),
(76, 'Procellariidae'),
(77, 'Procyonidae'),
(78, 'Prunellidae'),
(79, 'Rallidae'),
(80, 'Ranidae'),
(81, 'Recurvirostridae'),
(82, 'Regulidae'),
(83, 'Salamandridae'),
(84, 'Sciuridae'),
(85, 'Scolopacidae'),
(86, 'Sittidae'),
(87, 'Soricidae'),
(88, 'Stercorariidae'),
(89, 'Strigidae'),
(90, 'Sturnidae'),
(91, 'Sulidae'),
(92, 'Sylviidae'),
(93, 'Threskiornithidae'),
(94, 'Trochilidae'),
(95, 'Troglodytidae'),
(96, 'Turdidae'),
(97, 'Tyrannidae'),
(98, 'Upupidae'),
(99, 'Ursidae'),
(100, 'Vespertilionidae'),
(101, 'Vireonidae'),
(102, 'Ziphiidae');

-- Insert data into taxon status table
INSERT INTO taxon_status (taxon_status_id, taxon_status) VALUES
(1, 'accepted'),
(2, 'provisional'),
(3, 'spelling variant'),
(4, 'synonym');

-- Insert data into taxon level table
INSERT INTO taxon_level (level_id, level) VALUES
(1, 'species');

-- Insert data into taxon source table
INSERT INTO taxon_source (taxon_source_id, taxon_source, citation) VALUES
(1, 'Gibson et al. 2021', 'Gibson, D. D., L. H. DeCicco, N. R. Hajdukovich, S. C. Heinl, A. J. Lang, R. L. Scher, T. G. Tobish Jr., and J. J. Withrow. 2021. Checklist of Alaska Birds. 27th edition. Alaska Checklist Committee, University of Alaska, Fairbanks, AK, USA. Available: <a target=''_blank'' href=''https://www.universityofalaskamuseumbirds.org/''>https://www.universityofalaskamuseumbirds.org/</a>'),
(2, 'Hope et al. 2020', 'Hope, A. G., R. B. Stephens, S. D. Mueller, V. V. Tkach, and J. R. Demboski. 2020. Speciation of North American pygmy shrews (Eulipotyphla: Soricidae) supports spatial but not temporal congruence of diversification among boreal species. Biological Journal of the Linnean Society 129(1):41–60.'),
(3, 'Lausen et al. 2019', 'Lausen, C. L., M. Proctor, D. W. Nagorsen, D. Burles, D. Paetkau, E. Harmston, K. Blejwas, P. Govindarajulu, and L. Friis. 2019. Population genetics reveal <i>Myotis keenii</i> (Keen’s myotis) and <i>Myotis evotis</i> (long-eared myotis) to be a single species. Canadian Journal of Zoology 97(3):267–279.'),
(4, 'Lepage et al. 2014', 'Lepage D, Vaidya G, Guralnick R. 2014. Avibase - A database system for managing and organizing taxonomic concepts. ZooKeys 135:117–135.'),
(5, 'MacDonald 2010', 'MacDonald, S. O. 2010. The Amphibians and Reptiles of Alaska: A Field Handbook. Version 2.0. University of Alaska, Fairbanks, AK, USA. Available: <a target=''_blank'' href=''https://faunaofalaska.org/wp-content/uploads/MacDonald_2010_Amphibians_and_Reptiles_of_Alaska.pdf''>https://faunaofalaska.org/wp-content/uploads/MacDonald_2010_Amphibians_and_Reptiles_of_Alaska.pdf</a>'),
(6, 'Olson 2021', 'Olson, L. E. 2021. Checklist of the Mammals of Alaska. University of Alaska, Fairbanks, AK, USA. Available: <a target=''_blank'' href=''https://www.uaf.edu/museum/collections/mammal/current-mammal-species-of/''>https://www.uaf.edu/museum/collections/mammal/current-mammal-species-of/</a>'),
(7, 'Vollmer et al. 2019', 'Vollmer N. L., E. Ashe, R. L. Brownell, F. Cipriano, J. G. Mead, R. R. Reeves, M. S. Soldevilla, and R. Williams. 2019. Taxonomic revision of the dolphin genus <i>Lagenorhynchus</i>. Marine Mammal Science 35:957–1057.'),
(8, 'Weksler et al. 2010', 'Weksler, M., H. C. Lanier, and L. E. Olson. 2010. Eastern Beringian biogeography: Historical and spatial genetic structure of singing voles in Alaska. Journal of Biogeography 37(8):1414–1431.'),
(9, 'Woodman 2018', 'Woodman, N. 2018. American recent Eulipotyphla: Nesophontids, solendons, moles, and shrews in the New World. Smithsonian Institution Scholarly Press, Washington, D.C., USA.');

-- Insert data into hierarchy table
INSERT INTO hierarchy (hierarchy_id, genus_accepted, family_id, order_id, class_id) VALUES
(1, 'Acanthis', 40, 21, 2),
(2, 'Accipiter', 1, 1, 2),
(3, 'Acrocephalus', 2, 21, 2),
(4, 'Actitis', 85, 10, 2),
(5, 'Aechmophorus', 75, 24, 2),
(6, 'Aegolius', 89, 27, 2),
(7, 'Aethia', 5, 10, 2),
(8, 'Agelaius', 48, 21, 2),
(9, 'Aix', 7, 2, 2),
(10, 'Alauda', 3, 21, 2),
(11, 'Alces', 22, 5, 3),
(12, 'Alle', 5, 10, 2),
(13, 'Ambystoma', 6, 8, 1),
(14, 'Ammospiza', 65, 21, 2),
(15, 'Anas', 7, 2, 2),
(16, 'Anaxyrus', 14, 3, 1),
(17, 'Anser', 7, 2, 2),
(18, 'Anthus', 55, 21, 2),
(19, 'Antigone', 43, 19, 2),
(20, 'Antrostomus', 17, 6, 2),
(21, 'Apus', 8, 4, 2),
(22, 'Aquila', 1, 1, 2),
(23, 'Archilochus', 94, 4, 2),
(24, 'Arctocephalus', 61, 7, 3),
(25, 'Ardea', 9, 22, 2),
(26, 'Ardenna', 76, 25, 2),
(27, 'Ardeola', 9, 22, 2),
(28, 'Arenaria', 85, 10, 2),
(29, 'Arundinax', 2, 21, 2),
(30, 'Asio', 89, 27, 2),
(31, 'Aythya', 7, 2, 2),
(32, 'Balaena', 10, 9, 3),
(33, 'Balaenoptera', 11, 9, 3),
(34, 'Bartramia', 85, 10, 2),
(35, 'Berardius', 102, 9, 3),
(36, 'Bison', 13, 5, 3),
(37, 'Bombycilla', 12, 21, 2),
(38, 'Bonasa', 69, 17, 2),
(39, 'Botaurus', 9, 22, 2),
(40, 'Brachyramphus', 5, 10, 2),
(41, 'Branta', 7, 2, 2),
(42, 'Bubo', 89, 27, 2),
(43, 'Bubulcus', 9, 22, 2),
(44, 'Bucephala', 7, 2, 2),
(45, 'Buteo', 1, 1, 2),
(46, 'Butorides', 9, 22, 2),
(47, 'Calcarius', 15, 21, 2),
(48, 'Calidris', 85, 10, 2),
(49, 'Calliope', 57, 21, 2),
(50, 'Callorhinus', 61, 7, 3),
(51, 'Calypte', 94, 4, 2),
(52, 'Canis', 16, 7, 3),
(53, 'Caprimulgus', 17, 6, 2),
(54, 'Cardellina', 64, 21, 2),
(55, 'Caretta', 24, 29, 4),
(56, 'Carpodacus', 40, 21, 2),
(57, 'Castor', 19, 26, 3),
(58, 'Cathartes', 20, 1, 2),
(59, 'Catharus', 96, 21, 2),
(60, 'Cepphus', 5, 10, 2),
(61, 'Cerorhinca', 5, 10, 2),
(62, 'Certhia', 21, 21, 2),
(63, 'Cervus', 22, 5, 3),
(64, 'Chaetura', 8, 4, 2),
(65, 'Charadrius', 23, 10, 2),
(66, 'Chelonia', 24, 29, 4),
(67, 'Chlidonias', 50, 10, 2),
(68, 'Chloris', 40, 21, 2),
(69, 'Chondestes', 65, 21, 2),
(70, 'Chordeiles', 17, 6, 2),
(71, 'Chroicocephalus', 50, 10, 2),
(72, 'Cinclus', 25, 21, 2),
(73, 'Circus', 1, 1, 2),
(74, 'Cistothorus', 95, 21, 2),
(75, 'Clangula', 7, 2, 2),
(76, 'Coccothraustes', 40, 21, 2),
(77, 'Coccyzus', 29, 14, 2),
(78, 'Colaptes', 74, 23, 2),
(79, 'Contopus', 97, 21, 2),
(80, 'Corvus', 27, 21, 2),
(81, 'Cuculus', 29, 14, 2),
(82, 'Cyanecula', 57, 21, 2),
(83, 'Cyanocitta', 27, 21, 2),
(84, 'Cygnus', 7, 2, 2),
(85, 'Cypseloides', 8, 4, 2),
(86, 'Cystophora', 70, 7, 3),
(87, 'Delichon', 45, 21, 2),
(88, 'Delphinapterus', 54, 9, 3),
(89, 'Dendragapus', 69, 17, 2),
(90, 'Dendrocopos', 74, 23, 2),
(91, 'Dermochelys', 31, 29, 4),
(92, 'Dicrostonyx', 28, 26, 3),
(93, 'Dolichonyx', 48, 21, 2),
(94, 'Dryobates', 74, 23, 2),
(95, 'Dumetella', 53, 21, 2),
(96, 'Egretta', 9, 22, 2),
(97, 'Emberiza', 34, 21, 2),
(98, 'Empidonax', 97, 21, 2),
(99, 'Enhydra', 58, 7, 3),
(100, 'Eremophila', 3, 21, 2),
(101, 'Erethizon', 35, 26, 3),
(102, 'Erignathus', 70, 7, 3),
(103, 'Eschrichtius', 36, 9, 3),
(104, 'Eubalaena', 10, 9, 3),
(105, 'Eumetopias', 61, 7, 3),
(106, 'Euphagus', 48, 21, 2),
(107, 'Falcipennis', 69, 17, 2),
(108, 'Falco', 37, 16, 2),
(109, 'Ficedula', 57, 21, 2),
(110, 'Fratercula', 5, 10, 2),
(111, 'Fregata', 39, 28, 2),
(112, 'Fringilla', 40, 21, 2),
(113, 'Fulica', 79, 19, 2),
(114, 'Fulmarus', 76, 25, 2),
(115, 'Gallinago', 85, 10, 2),
(116, 'Gallinula', 79, 19, 2),
(117, 'Gavia', 41, 18, 2),
(118, 'Geothlypis', 64, 21, 2),
(119, 'Glareola', 42, 10, 2),
(120, 'Glaucidium', 89, 27, 2),
(121, 'Glaucomys', 84, 26, 3),
(122, 'Globicephala', 30, 9, 3),
(123, 'Grampus', 30, 9, 3),
(124, 'Grus', 43, 19, 2),
(125, 'Gulo', 58, 7, 3),
(126, 'Haematopus', 44, 10, 2),
(127, 'Haemorhous', 40, 21, 2),
(128, 'Haliaeetus', 1, 1, 2),
(129, 'Helopsaltes', 52, 21, 2),
(130, 'Himantopus', 81, 10, 2),
(131, 'Hirundapus', 8, 4, 2),
(132, 'Hirundo', 45, 21, 2),
(133, 'Histrionicus', 7, 2, 2),
(134, 'Histriophoca', 70, 7, 3),
(135, 'Hydrobates', 46, 25, 2),
(136, 'Hydrocoloeus', 50, 10, 2),
(137, 'Hydroprogne', 50, 10, 2),
(138, 'Hylocichla', 96, 21, 2),
(139, 'Ichthyaetus', 50, 10, 2),
(140, 'Icterus', 48, 21, 2),
(141, 'Ixobrychus', 9, 22, 2),
(142, 'Ixoreus', 96, 21, 2),
(143, 'Junco', 65, 21, 2),
(144, 'Jynx', 74, 23, 2),
(145, 'Kogia', 73, 9, 3),
(146, 'Lagopus', 69, 17, 2),
(147, 'Lanius', 49, 21, 2),
(148, 'Larus', 50, 10, 2),
(149, 'Larvivora', 57, 21, 2),
(150, 'Lasionycteris', 100, 11, 3),
(151, 'Lasiurus', 100, 11, 3),
(152, 'Leiothlypis', 64, 21, 2),
(153, 'Lemmus', 28, 26, 3),
(154, 'Lepidochelys', 24, 29, 4),
(155, 'Lepus', 51, 20, 3),
(156, 'Leucophaeus', 50, 10, 2),
(157, 'Leucosticte', 40, 21, 2),
(158, 'Limnodromus', 85, 10, 2),
(159, 'Limosa', 85, 10, 2),
(160, 'Lissodelphis', 30, 9, 3),
(161, 'Lithobates', 80, 3, 1),
(162, 'Locustella', 52, 21, 2),
(163, 'Lontra', 58, 7, 3),
(164, 'Lophodytes', 7, 2, 2),
(165, 'Loxia', 40, 21, 2),
(166, 'Lymnocryptes', 85, 10, 2),
(167, 'Lynx', 38, 7, 3),
(168, 'Mareca', 7, 2, 2),
(169, 'Marmota', 84, 26, 3),
(170, 'Martes', 58, 7, 3),
(171, 'Megaceryle', 4, 13, 2),
(172, 'Megaptera', 11, 9, 3),
(173, 'Megascops', 89, 27, 2),
(174, 'Melanerpes', 74, 23, 2),
(175, 'Melanitta', 7, 2, 2),
(176, 'Melospiza', 65, 21, 2),
(177, 'Mergellus', 7, 2, 2),
(178, 'Mergus', 7, 2, 2),
(179, 'Mesoplodon', 102, 9, 3),
(180, 'Microtus', 28, 26, 3),
(181, 'Milvus', 1, 1, 2),
(182, 'Mimus', 53, 21, 2),
(183, 'Mirounga', 70, 7, 3),
(184, 'Mniotilta', 64, 21, 2),
(185, 'Molothrus', 48, 21, 2),
(186, 'Monodon', 54, 9, 3),
(187, 'Motacilla', 55, 21, 2),
(188, 'Mus', 56, 26, 3),
(189, 'Muscicapa', 57, 21, 2),
(190, 'Mustela', 58, 7, 3),
(191, 'Myadestes', 96, 21, 2),
(192, 'Myiarchus', 97, 21, 2),
(193, 'Myodes', 28, 26, 3),
(194, 'Myotis', 100, 11, 3),
(195, 'Neotoma', 28, 26, 3),
(196, 'Neovison', 58, 7, 3),
(197, 'Ninox', 89, 27, 2),
(198, 'Nucifraga', 27, 21, 2),
(199, 'Numenius', 85, 10, 2),
(200, 'Nycticorax', 9, 22, 2),
(201, 'Ochotona', 59, 20, 3),
(202, 'Odobenus', 60, 7, 3),
(203, 'Odocoileus', 22, 5, 3),
(204, 'Oenanthe', 57, 21, 2),
(205, 'Ondatra', 28, 26, 3),
(206, 'Onychoprion', 50, 10, 2),
(207, 'Orcinus', 30, 9, 3),
(208, 'Oreamnos', 13, 5, 3),
(209, 'Oryctolagus', 51, 20, 3),
(210, 'Otus', 89, 27, 2),
(211, 'Ovibos', 13, 5, 3),
(212, 'Ovis', 13, 5, 3),
(213, 'Oxyura', 7, 2, 2),
(214, 'Pagophila', 50, 10, 2),
(215, 'Pagophilus', 70, 7, 3),
(216, 'Pandion', 62, 1, 2),
(217, 'Parkesia', 64, 21, 2),
(218, 'Passer', 66, 21, 2),
(219, 'Passerculus', 65, 21, 2),
(220, 'Passerella', 65, 21, 2),
(221, 'Passerina', 18, 21, 2),
(222, 'Patagioenas', 26, 12, 2),
(223, 'Pelecanus', 67, 22, 2),
(224, 'Perisoreus', 27, 21, 2),
(225, 'Peromyscus', 28, 26, 3),
(226, 'Petrochelidon', 45, 21, 2),
(227, 'Phalacrocorax', 68, 28, 2),
(228, 'Phalaropus', 85, 10, 2),
(229, 'Phenacomys', 28, 26, 3),
(230, 'Pheucticus', 18, 21, 2),
(231, 'Phoca', 70, 7, 3),
(232, 'Phocoena', 71, 9, 3),
(233, 'Phocoenoides', 71, 9, 3),
(234, 'Phoebastria', 32, 25, 2),
(235, 'Phoenicurus', 57, 21, 2),
(236, 'Phylloscopus', 72, 21, 2),
(237, 'Physeter', 73, 9, 3),
(238, 'Pica', 27, 21, 2),
(239, 'Picoides', 74, 23, 2),
(240, 'Pinicola', 40, 21, 2),
(241, 'Pipilo', 65, 21, 2),
(242, 'Piranga', 18, 21, 2),
(243, 'Plectrophenax', 15, 21, 2),
(244, 'Plegadis', 93, 22, 2),
(245, 'Pluvialis', 23, 10, 2),
(246, 'Podiceps', 75, 24, 2),
(247, 'Podilymbus', 75, 24, 2),
(248, 'Poecile', 63, 21, 2),
(249, 'Polysticta', 7, 2, 2),
(250, 'Pooecetes', 65, 21, 2),
(251, 'Porzana', 79, 19, 2),
(252, 'Procyon', 77, 7, 3),
(253, 'Progne', 45, 21, 2),
(254, 'Prunella', 78, 21, 2),
(255, 'Pseudacris', 47, 3, 1),
(256, 'Pseudorca', 30, 9, 3),
(257, 'Pterodroma', 76, 25, 2),
(258, 'Ptychoramphus', 5, 10, 2),
(259, 'Puffinus', 76, 25, 2),
(260, 'Puma', 38, 7, 3),
(261, 'Pusa', 70, 7, 3),
(262, 'Pyrrhula', 40, 21, 2),
(263, 'Quiscalus', 48, 21, 2),
(264, 'Rallus', 79, 19, 2),
(265, 'Rana', 80, 3, 1),
(266, 'Rangifer', 22, 5, 3),
(267, 'Rattus', 56, 26, 3),
(268, 'Recurvirostra', 81, 10, 2),
(269, 'Regulus', 82, 21, 2),
(270, 'Rhodostethia', 50, 10, 2),
(271, 'Riparia', 45, 21, 2),
(272, 'Rissa', 50, 10, 2),
(273, 'Sagmatias', 30, 9, 3),
(274, 'Salpinctes', 95, 21, 2),
(275, 'Saxicola', 57, 21, 2),
(276, 'Sayornis', 97, 21, 2),
(277, 'Seiurus', 64, 21, 2),
(278, 'Selasphorus', 94, 4, 2),
(279, 'Setophaga', 64, 21, 2),
(280, 'Sialia', 96, 21, 2),
(281, 'Sibirionetta', 7, 2, 2),
(282, 'Sitta', 86, 21, 2),
(283, 'Somateria', 7, 2, 2),
(284, 'Sorex', 87, 15, 3),
(285, 'Spatula', 7, 2, 2),
(286, 'Sphyrapicus', 74, 23, 2),
(287, 'Spinus', 40, 21, 2),
(288, 'Spiza', 18, 21, 2),
(289, 'Spizella', 65, 21, 2),
(290, 'Spizelloides', 65, 21, 2),
(291, 'Stelgidopteryx', 45, 21, 2),
(292, 'Stellula', 94, 4, 2),
(293, 'Stenella', 30, 9, 3),
(294, 'Stercorarius', 88, 10, 2),
(295, 'Sterna', 50, 10, 2),
(296, 'Streptopelia', 26, 12, 2),
(297, 'Strix', 89, 27, 2),
(298, 'Sturnella', 48, 21, 2),
(299, 'Sturnus', 90, 21, 2),
(300, 'Sula', 91, 28, 2),
(301, 'Surnia', 89, 27, 2),
(302, 'Sylvia', 92, 21, 2),
(303, 'Synaptomys', 28, 26, 3),
(304, 'Synthliboramphus', 5, 10, 2),
(305, 'Tachycineta', 45, 21, 2),
(306, 'Tamiasciurus', 84, 26, 3),
(307, 'Taricha', 83, 8, 1),
(308, 'Tarsiger', 57, 21, 2),
(309, 'Thalassarche', 32, 25, 2),
(310, 'Toxostoma', 53, 21, 2),
(311, 'Tringa', 85, 10, 2),
(312, 'Troglodytes', 95, 21, 2),
(313, 'Turdus', 96, 21, 2),
(314, 'Tympanuchus', 69, 17, 2),
(315, 'Tyrannus', 97, 21, 2),
(316, 'Upupa', 98, 30, 2),
(317, 'Uria', 5, 10, 2),
(318, 'Urocitellus', 84, 26, 3),
(319, 'Ursus', 99, 7, 3),
(320, 'Vanellus', 23, 10, 2),
(321, 'Vireo', 101, 21, 2),
(322, 'Vulpes', 16, 7, 3),
(323, 'Xanthocephalus', 48, 21, 2),
(324, 'Xema', 50, 10, 2),
(325, 'Xenus', 85, 10, 2),
(326, 'Zalophus', 61, 7, 3),
(327, 'Zapus', 33, 26, 3),
(328, 'Zenaida', 26, 12, 2),
(329, 'Ziphius', 102, 9, 3),
(330, 'Zonotrichia', 65, 21, 2);

-- Insert data into accepted taxon table
INSERT INTO taxon_accepted (accepted_id, name_accepted, hierarchy_id, taxon_source_id, link_source, level_id, native, non_native, endemic) VALUES
(1, 'Acanthis flammea', 1, 1, '<a target=''_blank'' href=''https://www.universityofalaskamuseumbirds.org/''>UAM Birds</a>', 1, NULL, NULL, NULL),
(2, 'Acanthis hornemanni', 1, 1, '<a target=''_blank'' href=''https://www.universityofalaskamuseumbirds.org/''>UAM Birds</a>', 1, NULL, NULL, NULL),
(3, 'Accipiter gentilis', 2, 1, '<a target=''_blank'' href=''https://www.universityofalaskamuseumbirds.org/''>UAM Birds</a>', 1, NULL, NULL, NULL),
(4, 'Accipiter striatus', 2, 1, '<a target=''_blank'' href=''https://www.universityofalaskamuseumbirds.org/''>UAM Birds</a>', 1, NULL, NULL, NULL),
(5, 'Acrocephalus dumetorum', 3, 1, '<a target=''_blank'' href=''https://www.universityofalaskamuseumbirds.org/''>UAM Birds</a>', 1, NULL, NULL, NULL),
(6, 'Acrocephalus schoenobaenus', 3, 1, '<a target=''_blank'' href=''https://www.universityofalaskamuseumbirds.org/''>UAM Birds</a>', 1, NULL, NULL, NULL),
(7, 'Actitis hypoleucos', 4, 1, '<a target=''_blank'' href=''https://www.universityofalaskamuseumbirds.org/''>UAM Birds</a>', 1, NULL, NULL, NULL),
(8, 'Actitis macularius', 4, 1, '<a target=''_blank'' href=''https://www.universityofalaskamuseumbirds.org/''>UAM Birds</a>', 1, NULL, NULL, NULL),
(9, 'Aechmophorus occidentalis', 5, 1, '<a target=''_blank'' href=''https://www.universityofalaskamuseumbirds.org/''>UAM Birds</a>', 1, NULL, NULL, NULL),
(10, 'Aegolius acadicus', 6, 1, '<a target=''_blank'' href=''https://www.universityofalaskamuseumbirds.org/''>UAM Birds</a>', 1, NULL, NULL, NULL),
(11, 'Aegolius funereus', 6, 1, '<a target=''_blank'' href=''https://www.universityofalaskamuseumbirds.org/''>UAM Birds</a>', 1, NULL, NULL, NULL),
(12, 'Aethia cristatella', 7, 1, '<a target=''_blank'' href=''https://www.universityofalaskamuseumbirds.org/''>UAM Birds</a>', 1, NULL, NULL, NULL),
(13, 'Aethia psittacula', 7, 1, '<a target=''_blank'' href=''https://www.universityofalaskamuseumbirds.org/''>UAM Birds</a>', 1, NULL, NULL, NULL),
(14, 'Aethia pusilla', 7, 1, '<a target=''_blank'' href=''https://www.universityofalaskamuseumbirds.org/''>UAM Birds</a>', 1, NULL, NULL, NULL),
(15, 'Aethia pygmaea', 7, 1, '<a target=''_blank'' href=''https://www.universityofalaskamuseumbirds.org/''>UAM Birds</a>', 1, NULL, NULL, NULL),
(16, 'Agelaius phoeniceus', 8, 1, '<a target=''_blank'' href=''https://www.universityofalaskamuseumbirds.org/''>UAM Birds</a>', 1, NULL, NULL, NULL),
(17, 'Aix sponsa', 9, 1, '<a target=''_blank'' href=''https://www.universityofalaskamuseumbirds.org/''>UAM Birds</a>', 1, NULL, NULL, NULL),
(18, 'Alauda arvensis', 10, 1, '<a target=''_blank'' href=''https://www.universityofalaskamuseumbirds.org/''>UAM Birds</a>', 1, NULL, NULL, NULL),
(19, 'Alces alces', 11, NULL, NULL, 1, NULL, NULL, NULL),
(20, 'Alle alle', 12, 1, '<a target=''_blank'' href=''https://www.universityofalaskamuseumbirds.org/''>UAM Birds</a>', 1, NULL, NULL, NULL),
(21, 'Ambystoma gracile', 13, 5, '<a target=''_blank'' href=''https://faunaofalaska.org/wp-content/uploads/MacDonald_2010_Amphibians_and_Reptiles_of_Alaska.pdf''>MacDonald 2010</a>', 1, TRUE, FALSE, NULL),
(22, 'Ambystoma macrodactylum', 13, 5, '<a target=''_blank'' href=''https://faunaofalaska.org/wp-content/uploads/MacDonald_2010_Amphibians_and_Reptiles_of_Alaska.pdf''>MacDonald 2010</a>', 1, TRUE, FALSE, NULL),
(23, 'Ammospiza leconteii', 14, 1, '<a target=''_blank'' href=''https://www.universityofalaskamuseumbirds.org/''>UAM Birds</a>', 1, NULL, NULL, NULL),
(24, 'Anas acuta', 15, 1, '<a target=''_blank'' href=''https://www.universityofalaskamuseumbirds.org/''>UAM Birds</a>', 1, NULL, NULL, NULL),
(25, 'Anas crecca', 15, 1, '<a target=''_blank'' href=''https://www.universityofalaskamuseumbirds.org/''>UAM Birds</a>', 1, NULL, NULL, NULL),
(26, 'Anas platyrhynchos', 15, 1, '<a target=''_blank'' href=''https://www.universityofalaskamuseumbirds.org/''>UAM Birds</a>', 1, NULL, NULL, NULL),
(27, 'Anas rubripes', 15, 1, '<a target=''_blank'' href=''https://www.universityofalaskamuseumbirds.org/''>UAM Birds</a>', 1, NULL, NULL, NULL),
(28, 'Anas zonorhyncha', 15, 1, '<a target=''_blank'' href=''https://www.universityofalaskamuseumbirds.org/''>UAM Birds</a>', 1, NULL, NULL, NULL),
(29, 'Anaxyrus boreas', 16, 5, '<a target=''_blank'' href=''https://faunaofalaska.org/wp-content/uploads/MacDonald_2010_Amphibians_and_Reptiles_of_Alaska.pdf''>MacDonald 2010</a>', 1, TRUE, FALSE, NULL),
(30, 'Anser albifrons', 17, 1, '<a target=''_blank'' href=''https://www.universityofalaskamuseumbirds.org/''>UAM Birds</a>', 1, NULL, NULL, NULL),
(31, 'Anser caerulescens', 17, 1, '<a target=''_blank'' href=''https://www.universityofalaskamuseumbirds.org/''>UAM Birds</a>', 1, NULL, NULL, NULL),
(32, 'Anser canagicus', 17, 1, '<a target=''_blank'' href=''https://www.universityofalaskamuseumbirds.org/''>UAM Birds</a>', 1, NULL, NULL, NULL),
(33, 'Anser erythropus', 17, 1, '<a target=''_blank'' href=''https://www.universityofalaskamuseumbirds.org/''>UAM Birds</a>', 1, NULL, NULL, NULL),
(34, 'Anser fabalis', 17, 1, '<a target=''_blank'' href=''https://www.universityofalaskamuseumbirds.org/''>UAM Birds</a>', 1, NULL, NULL, NULL),
(35, 'Anser rossii', 17, 1, '<a target=''_blank'' href=''https://www.universityofalaskamuseumbirds.org/''>UAM Birds</a>', 1, NULL, NULL, NULL),
(36, 'Anser serrirostris', 17, 1, '<a target=''_blank'' href=''https://www.universityofalaskamuseumbirds.org/''>UAM Birds</a>', 1, NULL, NULL, NULL),
(37, 'Anthus cervinus', 18, 1, '<a target=''_blank'' href=''https://www.universityofalaskamuseumbirds.org/''>UAM Birds</a>', 1, NULL, NULL, NULL),
(38, 'Anthus gustavi', 18, 1, '<a target=''_blank'' href=''https://www.universityofalaskamuseumbirds.org/''>UAM Birds</a>', 1, NULL, NULL, NULL),
(39, 'Anthus hodgsoni', 18, 1, '<a target=''_blank'' href=''https://www.universityofalaskamuseumbirds.org/''>UAM Birds</a>', 1, NULL, NULL, NULL),
(40, 'Anthus rubescens', 18, 1, '<a target=''_blank'' href=''https://www.universityofalaskamuseumbirds.org/''>UAM Birds</a>', 1, NULL, NULL, NULL),
(41, 'Anthus trivialis', 18, 1, '<a target=''_blank'' href=''https://www.universityofalaskamuseumbirds.org/''>UAM Birds</a>', 1, NULL, NULL, NULL),
(42, 'Antigone canadensis', 19, 1, '<a target=''_blank'' href=''https://www.universityofalaskamuseumbirds.org/''>UAM Birds</a>', 1, NULL, NULL, NULL),
(43, 'Antrostomus vociferus', 20, 1, '<a target=''_blank'' href=''https://www.universityofalaskamuseumbirds.org/''>UAM Birds</a>', 1, NULL, NULL, NULL),
(44, 'Apus apus', 21, 1, '<a target=''_blank'' href=''https://www.universityofalaskamuseumbirds.org/''>UAM Birds</a>', 1, NULL, NULL, NULL),
(45, 'Apus pacificus', 21, 1, '<a target=''_blank'' href=''https://www.universityofalaskamuseumbirds.org/''>UAM Birds</a>', 1, NULL, NULL, NULL),
(46, 'Aquila chrysaetos', 22, 1, '<a target=''_blank'' href=''https://www.universityofalaskamuseumbirds.org/''>UAM Birds</a>', 1, NULL, NULL, NULL),
(47, 'Archilochus colubris', 23, 1, '<a target=''_blank'' href=''https://www.universityofalaskamuseumbirds.org/''>UAM Birds</a>', 1, NULL, NULL, NULL),
(48, 'Arctocephalus townsendi', 24, 6, '<a target=''_blank'' href=''https://www.uaf.edu/museum/collections/mammal/current-mammal-species-of/''>UAM Mammals</a>', 1, NULL, NULL, NULL),
(49, 'Ardea alba', 25, 1, '<a target=''_blank'' href=''https://www.universityofalaskamuseumbirds.org/''>UAM Birds</a>', 1, NULL, NULL, NULL),
(50, 'Ardea cinerea', 25, 1, '<a target=''_blank'' href=''https://www.universityofalaskamuseumbirds.org/''>UAM Birds</a>', 1, NULL, NULL, NULL),
(51, 'Ardea herodias', 25, 1, '<a target=''_blank'' href=''https://www.universityofalaskamuseumbirds.org/''>UAM Birds</a>', 1, NULL, NULL, NULL),
(52, 'Ardea intermedia', 25, 1, '<a target=''_blank'' href=''https://www.universityofalaskamuseumbirds.org/''>UAM Birds</a>', 1, NULL, NULL, NULL),
(53, 'Ardenna bulleri', 26, 1, '<a target=''_blank'' href=''https://www.universityofalaskamuseumbirds.org/''>UAM Birds</a>', 1, NULL, NULL, NULL),
(54, 'Ardenna carneipes', 26, 1, '<a target=''_blank'' href=''https://www.universityofalaskamuseumbirds.org/''>UAM Birds</a>', 1, NULL, NULL, NULL),
(55, 'Ardenna creatopus', 26, 1, '<a target=''_blank'' href=''https://www.universityofalaskamuseumbirds.org/''>UAM Birds</a>', 1, NULL, NULL, NULL),
(56, 'Ardenna gravis', 26, 1, '<a target=''_blank'' href=''https://www.universityofalaskamuseumbirds.org/''>UAM Birds</a>', 1, NULL, NULL, NULL),
(57, 'Ardenna grisea', 26, 1, '<a target=''_blank'' href=''https://www.universityofalaskamuseumbirds.org/''>UAM Birds</a>', 1, NULL, NULL, NULL),
(58, 'Ardenna tenuirostris', 26, 1, '<a target=''_blank'' href=''https://www.universityofalaskamuseumbirds.org/''>UAM Birds</a>', 1, NULL, NULL, NULL),
(59, 'Ardeola bacchus', 27, 1, '<a target=''_blank'' href=''https://www.universityofalaskamuseumbirds.org/''>UAM Birds</a>', 1, NULL, NULL, NULL),
(60, 'Arenaria interpres', 28, 1, '<a target=''_blank'' href=''https://www.universityofalaskamuseumbirds.org/''>UAM Birds</a>', 1, NULL, NULL, NULL),
(61, 'Arenaria melanocephala', 28, 1, '<a target=''_blank'' href=''https://www.universityofalaskamuseumbirds.org/''>UAM Birds</a>', 1, NULL, NULL, NULL),
(62, 'Arundinax aedon', 29, 1, '<a target=''_blank'' href=''https://www.universityofalaskamuseumbirds.org/''>UAM Birds</a>', 1, NULL, NULL, NULL),
(63, 'Asio flammeus', 30, 1, '<a target=''_blank'' href=''https://www.universityofalaskamuseumbirds.org/''>UAM Birds</a>', 1, NULL, NULL, NULL),
(64, 'Asio otus', 30, 1, '<a target=''_blank'' href=''https://www.universityofalaskamuseumbirds.org/''>UAM Birds</a>', 1, NULL, NULL, NULL),
(65, 'Aythya affinis', 31, 1, '<a target=''_blank'' href=''https://www.universityofalaskamuseumbirds.org/''>UAM Birds</a>', 1, NULL, NULL, NULL),
(66, 'Aythya americana', 31, 1, '<a target=''_blank'' href=''https://www.universityofalaskamuseumbirds.org/''>UAM Birds</a>', 1, NULL, NULL, NULL),
(67, 'Aythya collaris', 31, 1, '<a target=''_blank'' href=''https://www.universityofalaskamuseumbirds.org/''>UAM Birds</a>', 1, NULL, NULL, NULL),
(68, 'Aythya ferina', 31, 1, '<a target=''_blank'' href=''https://www.universityofalaskamuseumbirds.org/''>UAM Birds</a>', 1, NULL, NULL, NULL),
(69, 'Aythya fuligula', 31, 1, '<a target=''_blank'' href=''https://www.universityofalaskamuseumbirds.org/''>UAM Birds</a>', 1, NULL, NULL, NULL),
(70, 'Aythya marila', 31, 1, '<a target=''_blank'' href=''https://www.universityofalaskamuseumbirds.org/''>UAM Birds</a>', 1, NULL, NULL, NULL),
(71, 'Aythya valisineria', 31, 1, '<a target=''_blank'' href=''https://www.universityofalaskamuseumbirds.org/''>UAM Birds</a>', 1, NULL, NULL, NULL),
(72, 'Balaena mysticetus', 32, 6, '<a target=''_blank'' href=''https://www.uaf.edu/museum/collections/mammal/current-mammal-species-of/''>UAM Mammals</a>', 1, NULL, NULL, NULL),
(73, 'Balaenoptera acutorostrata', 33, 6, '<a target=''_blank'' href=''https://www.uaf.edu/museum/collections/mammal/current-mammal-species-of/''>UAM Mammals</a>', 1, NULL, NULL, NULL),
(74, 'Balaenoptera borealis', 33, 6, '<a target=''_blank'' href=''https://www.uaf.edu/museum/collections/mammal/current-mammal-species-of/''>UAM Mammals</a>', 1, NULL, NULL, NULL),
(75, 'Balaenoptera musculus', 33, 6, '<a target=''_blank'' href=''https://www.uaf.edu/museum/collections/mammal/current-mammal-species-of/''>UAM Mammals</a>', 1, NULL, NULL, NULL),
(76, 'Balaenoptera physalus', 33, 6, '<a target=''_blank'' href=''https://www.uaf.edu/museum/collections/mammal/current-mammal-species-of/''>UAM Mammals</a>', 1, NULL, NULL, NULL),
(77, 'Bartramia longicauda', 34, 1, '<a target=''_blank'' href=''https://www.universityofalaskamuseumbirds.org/''>UAM Birds</a>', 1, NULL, NULL, NULL),
(78, 'Berardius bairdii', 35, 6, '<a target=''_blank'' href=''https://www.uaf.edu/museum/collections/mammal/current-mammal-species-of/''>UAM Mammals</a>', 1, NULL, NULL, NULL),
(79, 'Bison bison', 36, 6, '<a target=''_blank'' href=''https://www.uaf.edu/museum/collections/mammal/current-mammal-species-of/''>UAM Mammals</a>', 1, NULL, NULL, NULL),
(80, 'Bombycilla cedrorum', 37, 1, '<a target=''_blank'' href=''https://www.universityofalaskamuseumbirds.org/''>UAM Birds</a>', 1, NULL, NULL, NULL),
(81, 'Bombycilla garrulus', 37, 1, '<a target=''_blank'' href=''https://www.universityofalaskamuseumbirds.org/''>UAM Birds</a>', 1, NULL, NULL, NULL),
(82, 'Bonasa umbellus', 38, 1, '<a target=''_blank'' href=''https://www.universityofalaskamuseumbirds.org/''>UAM Birds</a>', 1, NULL, NULL, NULL),
(83, 'Botaurus lentiginosus', 39, 1, '<a target=''_blank'' href=''https://www.universityofalaskamuseumbirds.org/''>UAM Birds</a>', 1, NULL, NULL, NULL),
(84, 'Brachyramphus brevirostris', 40, 1, '<a target=''_blank'' href=''https://www.universityofalaskamuseumbirds.org/''>UAM Birds</a>', 1, NULL, NULL, NULL),
(85, 'Brachyramphus marmoratus', 40, 1, '<a target=''_blank'' href=''https://www.universityofalaskamuseumbirds.org/''>UAM Birds</a>', 1, NULL, NULL, NULL),
(86, 'Brachyramphus perdix', 40, 1, '<a target=''_blank'' href=''https://www.universityofalaskamuseumbirds.org/''>UAM Birds</a>', 1, NULL, NULL, NULL),
(87, 'Branta bernicla', 41, 1, '<a target=''_blank'' href=''https://www.universityofalaskamuseumbirds.org/''>UAM Birds</a>', 1, NULL, NULL, NULL),
(88, 'Branta canadensis', 41, 1, '<a target=''_blank'' href=''https://www.universityofalaskamuseumbirds.org/''>UAM Birds</a>', 1, NULL, NULL, NULL),
(89, 'Branta hutchinsii', 41, 1, '<a target=''_blank'' href=''https://www.universityofalaskamuseumbirds.org/''>UAM Birds</a>', 1, NULL, NULL, NULL),
(90, 'Bubo scandiacus', 42, 1, '<a target=''_blank'' href=''https://www.universityofalaskamuseumbirds.org/''>UAM Birds</a>', 1, NULL, NULL, NULL),
(91, 'Bubo virginianus', 42, 1, '<a target=''_blank'' href=''https://www.universityofalaskamuseumbirds.org/''>UAM Birds</a>', 1, NULL, NULL, NULL),
(92, 'Bubulcus ibis', 43, 1, '<a target=''_blank'' href=''https://www.universityofalaskamuseumbirds.org/''>UAM Birds</a>', 1, NULL, NULL, NULL),
(93, 'Bucephala albeola', 44, 1, '<a target=''_blank'' href=''https://www.universityofalaskamuseumbirds.org/''>UAM Birds</a>', 1, NULL, NULL, NULL),
(94, 'Bucephala clangula', 44, 1, '<a target=''_blank'' href=''https://www.universityofalaskamuseumbirds.org/''>UAM Birds</a>', 1, NULL, NULL, NULL),
(95, 'Bucephala islandica', 44, 1, '<a target=''_blank'' href=''https://www.universityofalaskamuseumbirds.org/''>UAM Birds</a>', 1, NULL, NULL, NULL),
(96, 'Buteo jamaicensis', 45, 1, '<a target=''_blank'' href=''https://www.universityofalaskamuseumbirds.org/''>UAM Birds</a>', 1, NULL, NULL, NULL),
(97, 'Buteo lagopus', 45, 1, '<a target=''_blank'' href=''https://www.universityofalaskamuseumbirds.org/''>UAM Birds</a>', 1, NULL, NULL, NULL),
(98, 'Buteo rufinus', 45, 1, '<a target=''_blank'' href=''https://www.universityofalaskamuseumbirds.org/''>UAM Birds</a>', 1, NULL, NULL, NULL),
(99, 'Buteo swainsoni', 45, 1, '<a target=''_blank'' href=''https://www.universityofalaskamuseumbirds.org/''>UAM Birds</a>', 1, NULL, NULL, NULL),
(100, 'Butorides virescens', 46, 1, '<a target=''_blank'' href=''https://www.universityofalaskamuseumbirds.org/''>UAM Birds</a>', 1, NULL, NULL, NULL),
(101, 'Calcarius lapponicus', 47, 1, '<a target=''_blank'' href=''https://www.universityofalaskamuseumbirds.org/''>UAM Birds</a>', 1, NULL, NULL, NULL),
(102, 'Calcarius pictus', 47, 1, '<a target=''_blank'' href=''https://www.universityofalaskamuseumbirds.org/''>UAM Birds</a>', 1, NULL, NULL, NULL),
(103, 'Calidris acuminata', 48, 1, '<a target=''_blank'' href=''https://www.universityofalaskamuseumbirds.org/''>UAM Birds</a>', 1, NULL, NULL, NULL),
(104, 'Calidris alba', 48, 1, '<a target=''_blank'' href=''https://www.universityofalaskamuseumbirds.org/''>UAM Birds</a>', 1, NULL, NULL, NULL),
(105, 'Calidris alpina', 48, 1, '<a target=''_blank'' href=''https://www.universityofalaskamuseumbirds.org/''>UAM Birds</a>', 1, NULL, NULL, NULL),
(106, 'Calidris bairdii', 48, 1, '<a target=''_blank'' href=''https://www.universityofalaskamuseumbirds.org/''>UAM Birds</a>', 1, NULL, NULL, NULL),
(107, 'Calidris canutus', 48, 1, '<a target=''_blank'' href=''https://www.universityofalaskamuseumbirds.org/''>UAM Birds</a>', 1, NULL, NULL, NULL),
(108, 'Calidris falcinellus', 48, 1, '<a target=''_blank'' href=''https://www.universityofalaskamuseumbirds.org/''>UAM Birds</a>', 1, NULL, NULL, NULL),
(109, 'Calidris ferruginea', 48, 1, '<a target=''_blank'' href=''https://www.universityofalaskamuseumbirds.org/''>UAM Birds</a>', 1, NULL, NULL, NULL),
(110, 'Calidris fuscicollis', 48, 1, '<a target=''_blank'' href=''https://www.universityofalaskamuseumbirds.org/''>UAM Birds</a>', 1, NULL, NULL, NULL),
(111, 'Calidris himantopus', 48, 1, '<a target=''_blank'' href=''https://www.universityofalaskamuseumbirds.org/''>UAM Birds</a>', 1, NULL, NULL, NULL),
(112, 'Calidris maritima', 48, 1, '<a target=''_blank'' href=''https://www.universityofalaskamuseumbirds.org/''>UAM Birds</a>', 1, NULL, NULL, NULL),
(113, 'Calidris mauri', 48, 1, '<a target=''_blank'' href=''https://www.universityofalaskamuseumbirds.org/''>UAM Birds</a>', 1, NULL, NULL, NULL),
(114, 'Calidris melanotos', 48, 1, '<a target=''_blank'' href=''https://www.universityofalaskamuseumbirds.org/''>UAM Birds</a>', 1, NULL, NULL, NULL),
(115, 'Calidris minuta', 48, 1, '<a target=''_blank'' href=''https://www.universityofalaskamuseumbirds.org/''>UAM Birds</a>', 1, NULL, NULL, NULL),
(116, 'Calidris minutilla', 48, 1, '<a target=''_blank'' href=''https://www.universityofalaskamuseumbirds.org/''>UAM Birds</a>', 1, NULL, NULL, NULL),
(117, 'Calidris ptilocnemis', 48, 1, '<a target=''_blank'' href=''https://www.universityofalaskamuseumbirds.org/''>UAM Birds</a>', 1, NULL, NULL, NULL),
(118, 'Calidris pugnax', 48, 1, '<a target=''_blank'' href=''https://www.universityofalaskamuseumbirds.org/''>UAM Birds</a>', 1, NULL, NULL, NULL),
(119, 'Calidris pusilla', 48, 1, '<a target=''_blank'' href=''https://www.universityofalaskamuseumbirds.org/''>UAM Birds</a>', 1, NULL, NULL, NULL),
(120, 'Calidris pygmea', 48, 1, '<a target=''_blank'' href=''https://www.universityofalaskamuseumbirds.org/''>UAM Birds</a>', 1, NULL, NULL, NULL),
(121, 'Calidris ruficollis', 48, 1, '<a target=''_blank'' href=''https://www.universityofalaskamuseumbirds.org/''>UAM Birds</a>', 1, NULL, NULL, NULL),
(122, 'Calidris subminuta', 48, 1, '<a target=''_blank'' href=''https://www.universityofalaskamuseumbirds.org/''>UAM Birds</a>', 1, NULL, NULL, NULL),
(123, 'Calidris subruficollis', 48, 1, '<a target=''_blank'' href=''https://www.universityofalaskamuseumbirds.org/''>UAM Birds</a>', 1, NULL, NULL, NULL),
(124, 'Calidris temminckii', 48, 1, '<a target=''_blank'' href=''https://www.universityofalaskamuseumbirds.org/''>UAM Birds</a>', 1, NULL, NULL, NULL),
(125, 'Calidris tenuirostris', 48, 1, '<a target=''_blank'' href=''https://www.universityofalaskamuseumbirds.org/''>UAM Birds</a>', 1, NULL, NULL, NULL),
(126, 'Calidris virgata', 48, 1, '<a target=''_blank'' href=''https://www.universityofalaskamuseumbirds.org/''>UAM Birds</a>', 1, NULL, NULL, NULL),
(127, 'Calliope calliope', 49, 1, '<a target=''_blank'' href=''https://www.universityofalaskamuseumbirds.org/''>UAM Birds</a>', 1, NULL, NULL, NULL),
(128, 'Callorhinus ursinus', 50, 6, '<a target=''_blank'' href=''https://www.uaf.edu/museum/collections/mammal/current-mammal-species-of/''>UAM Mammals</a>', 1, NULL, NULL, NULL),
(129, 'Calypte anna', 51, 1, '<a target=''_blank'' href=''https://www.universityofalaskamuseumbirds.org/''>UAM Birds</a>', 1, NULL, NULL, NULL),
(130, 'Calypte costae', 51, 1, '<a target=''_blank'' href=''https://www.universityofalaskamuseumbirds.org/''>UAM Birds</a>', 1, NULL, NULL, NULL),
(131, 'Canis latrans', 52, 6, '<a target=''_blank'' href=''https://www.uaf.edu/museum/collections/mammal/current-mammal-species-of/''>UAM Mammals</a>', 1, NULL, NULL, NULL),
(132, 'Canis lupus', 52, 6, '<a target=''_blank'' href=''https://www.uaf.edu/museum/collections/mammal/current-mammal-species-of/''>UAM Mammals</a>', 1, NULL, NULL, NULL),
(133, 'Caprimulgus jotaka', 53, 1, '<a target=''_blank'' href=''https://www.universityofalaskamuseumbirds.org/''>UAM Birds</a>', 1, NULL, NULL, NULL),
(134, 'Cardellina canadensis', 54, 1, '<a target=''_blank'' href=''https://www.universityofalaskamuseumbirds.org/''>UAM Birds</a>', 1, NULL, NULL, NULL),
(135, 'Cardellina pusilla', 54, 1, '<a target=''_blank'' href=''https://www.universityofalaskamuseumbirds.org/''>UAM Birds</a>', 1, NULL, NULL, NULL),
(136, 'Caretta caretta', 55, 5, '<a target=''_blank'' href=''https://faunaofalaska.org/wp-content/uploads/MacDonald_2010_Amphibians_and_Reptiles_of_Alaska.pdf''>MacDonald 2010</a>', 1, TRUE, FALSE, NULL),
(137, 'Carpodacus erythrinus', 56, 1, '<a target=''_blank'' href=''https://www.universityofalaskamuseumbirds.org/''>UAM Birds</a>', 1, NULL, NULL, NULL),
(138, 'Carpodacus roseus', 56, 1, '<a target=''_blank'' href=''https://www.universityofalaskamuseumbirds.org/''>UAM Birds</a>', 1, NULL, NULL, NULL),
(139, 'Castor canadensis', 57, 6, '<a target=''_blank'' href=''https://www.uaf.edu/museum/collections/mammal/current-mammal-species-of/''>UAM Mammals</a>', 1, NULL, NULL, NULL),
(140, 'Cathartes aura', 58, 1, '<a target=''_blank'' href=''https://www.universityofalaskamuseumbirds.org/''>UAM Birds</a>', 1, NULL, NULL, NULL),
(141, 'Catharus fuscescens', 59, 1, '<a target=''_blank'' href=''https://www.universityofalaskamuseumbirds.org/''>UAM Birds</a>', 1, NULL, NULL, NULL),
(142, 'Catharus guttatus', 59, 1, '<a target=''_blank'' href=''https://www.universityofalaskamuseumbirds.org/''>UAM Birds</a>', 1, NULL, NULL, NULL),
(143, 'Catharus minimus', 59, 1, '<a target=''_blank'' href=''https://www.universityofalaskamuseumbirds.org/''>UAM Birds</a>', 1, NULL, NULL, NULL),
(144, 'Catharus ustulatus', 59, 1, '<a target=''_blank'' href=''https://www.universityofalaskamuseumbirds.org/''>UAM Birds</a>', 1, NULL, NULL, NULL),
(145, 'Cepphus columba', 60, 1, '<a target=''_blank'' href=''https://www.universityofalaskamuseumbirds.org/''>UAM Birds</a>', 1, NULL, NULL, NULL),
(146, 'Cepphus grylle', 60, 1, '<a target=''_blank'' href=''https://www.universityofalaskamuseumbirds.org/''>UAM Birds</a>', 1, NULL, NULL, NULL),
(147, 'Cerorhinca monocerata', 61, 1, '<a target=''_blank'' href=''https://www.universityofalaskamuseumbirds.org/''>UAM Birds</a>', 1, NULL, NULL, NULL),
(148, 'Certhia americana', 62, 1, '<a target=''_blank'' href=''https://www.universityofalaskamuseumbirds.org/''>UAM Birds</a>', 1, NULL, NULL, NULL),
(149, 'Cervus canadensis', 63, 6, '<a target=''_blank'' href=''https://www.uaf.edu/museum/collections/mammal/current-mammal-species-of/''>UAM Mammals</a>', 1, NULL, NULL, NULL),
(150, 'Chaetura pelagica', 64, 1, '<a target=''_blank'' href=''https://www.universityofalaskamuseumbirds.org/''>UAM Birds</a>', 1, NULL, NULL, NULL),
(151, 'Chaetura vauxi', 64, 1, '<a target=''_blank'' href=''https://www.universityofalaskamuseumbirds.org/''>UAM Birds</a>', 1, NULL, NULL, NULL),
(152, 'Charadrius dubius', 65, 1, '<a target=''_blank'' href=''https://www.universityofalaskamuseumbirds.org/''>UAM Birds</a>', 1, NULL, NULL, NULL),
(153, 'Charadrius hiaticula', 65, 1, '<a target=''_blank'' href=''https://www.universityofalaskamuseumbirds.org/''>UAM Birds</a>', 1, NULL, NULL, NULL),
(154, 'Charadrius mongolus', 65, 1, '<a target=''_blank'' href=''https://www.universityofalaskamuseumbirds.org/''>UAM Birds</a>', 1, NULL, NULL, NULL),
(155, 'Charadrius morinellus', 65, 1, '<a target=''_blank'' href=''https://www.universityofalaskamuseumbirds.org/''>UAM Birds</a>', 1, NULL, NULL, NULL),
(156, 'Charadrius nivosus', 65, 1, '<a target=''_blank'' href=''https://www.universityofalaskamuseumbirds.org/''>UAM Birds</a>', 1, NULL, NULL, NULL),
(157, 'Charadrius semipalmatus', 65, 1, '<a target=''_blank'' href=''https://www.universityofalaskamuseumbirds.org/''>UAM Birds</a>', 1, NULL, NULL, NULL),
(158, 'Charadrius vociferus', 65, 1, '<a target=''_blank'' href=''https://www.universityofalaskamuseumbirds.org/''>UAM Birds</a>', 1, NULL, NULL, NULL),
(159, 'Chelonia mydas', 66, 5, '<a target=''_blank'' href=''https://faunaofalaska.org/wp-content/uploads/MacDonald_2010_Amphibians_and_Reptiles_of_Alaska.pdf''>MacDonald 2010</a>', 1, TRUE, FALSE, NULL),
(160, 'Chlidonias leucopterus', 67, 1, '<a target=''_blank'' href=''https://www.universityofalaskamuseumbirds.org/''>UAM Birds</a>', 1, NULL, NULL, NULL),
(161, 'Chlidonias niger', 67, 1, '<a target=''_blank'' href=''https://www.universityofalaskamuseumbirds.org/''>UAM Birds</a>', 1, NULL, NULL, NULL),
(162, 'Chloris sinica', 68, 1, '<a target=''_blank'' href=''https://www.universityofalaskamuseumbirds.org/''>UAM Birds</a>', 1, NULL, NULL, NULL),
(163, 'Chondestes grammacus', 69, 1, '<a target=''_blank'' href=''https://www.universityofalaskamuseumbirds.org/''>UAM Birds</a>', 1, NULL, NULL, NULL),
(164, 'Chordeiles acutipennis', 70, 1, '<a target=''_blank'' href=''https://www.universityofalaskamuseumbirds.org/''>UAM Birds</a>', 1, NULL, NULL, NULL),
(165, 'Chordeiles minor', 70, 1, '<a target=''_blank'' href=''https://www.universityofalaskamuseumbirds.org/''>UAM Birds</a>', 1, NULL, NULL, NULL),
(166, 'Chroicocephalus philadelphia', 71, 1, '<a target=''_blank'' href=''https://www.universityofalaskamuseumbirds.org/''>UAM Birds</a>', 1, NULL, NULL, NULL),
(167, 'Chroicocephalus ridibundus', 71, 1, '<a target=''_blank'' href=''https://www.universityofalaskamuseumbirds.org/''>UAM Birds</a>', 1, NULL, NULL, NULL),
(168, 'Cinclus mexicanus', 72, 1, '<a target=''_blank'' href=''https://www.universityofalaskamuseumbirds.org/''>UAM Birds</a>', 1, NULL, NULL, NULL),
(169, 'Circus hudsonius', 73, 1, '<a target=''_blank'' href=''https://www.universityofalaskamuseumbirds.org/''>UAM Birds</a>', 1, NULL, NULL, NULL),
(170, 'Cistothorus palustris', 74, 1, '<a target=''_blank'' href=''https://www.universityofalaskamuseumbirds.org/''>UAM Birds</a>', 1, NULL, NULL, NULL),
(171, 'Clangula hyemalis', 75, 1, '<a target=''_blank'' href=''https://www.universityofalaskamuseumbirds.org/''>UAM Birds</a>', 1, NULL, NULL, NULL),
(172, 'Coccothraustes coccothraustes', 76, 1, '<a target=''_blank'' href=''https://www.universityofalaskamuseumbirds.org/''>UAM Birds</a>', 1, NULL, NULL, NULL),
(173, 'Coccothraustes vespertinus', 76, 1, '<a target=''_blank'' href=''https://www.universityofalaskamuseumbirds.org/''>UAM Birds</a>', 1, NULL, NULL, NULL),
(174, 'Coccyzus americanus', 77, 1, '<a target=''_blank'' href=''https://www.universityofalaskamuseumbirds.org/''>UAM Birds</a>', 1, NULL, NULL, NULL),
(175, 'Colaptes auratus', 78, 1, '<a target=''_blank'' href=''https://www.universityofalaskamuseumbirds.org/''>UAM Birds</a>', 1, NULL, NULL, NULL),
(176, 'Contopus cooperi', 79, 1, '<a target=''_blank'' href=''https://www.universityofalaskamuseumbirds.org/''>UAM Birds</a>', 1, NULL, NULL, NULL),
(177, 'Contopus sordidulus', 79, 1, '<a target=''_blank'' href=''https://www.universityofalaskamuseumbirds.org/''>UAM Birds</a>', 1, NULL, NULL, NULL),
(178, 'Corvus brachyrhynchos', 80, 1, '<a target=''_blank'' href=''https://www.universityofalaskamuseumbirds.org/''>UAM Birds</a>', 1, NULL, NULL, NULL),
(179, 'Corvus corax', 80, 1, '<a target=''_blank'' href=''https://www.universityofalaskamuseumbirds.org/''>UAM Birds</a>', 1, NULL, NULL, NULL),
(180, 'Cuculus canorus', 81, 1, '<a target=''_blank'' href=''https://www.universityofalaskamuseumbirds.org/''>UAM Birds</a>', 1, NULL, NULL, NULL),
(181, 'Cuculus optatus', 81, 1, '<a target=''_blank'' href=''https://www.universityofalaskamuseumbirds.org/''>UAM Birds</a>', 1, NULL, NULL, NULL),
(182, 'Cyanecula svecica', 82, 1, '<a target=''_blank'' href=''https://www.universityofalaskamuseumbirds.org/''>UAM Birds</a>', 1, NULL, NULL, NULL),
(183, 'Cyanocitta stelleri', 83, 1, '<a target=''_blank'' href=''https://www.universityofalaskamuseumbirds.org/''>UAM Birds</a>', 1, NULL, NULL, NULL),
(184, 'Cygnus buccinator', 84, 1, '<a target=''_blank'' href=''https://www.universityofalaskamuseumbirds.org/''>UAM Birds</a>', 1, NULL, NULL, NULL),
(185, 'Cygnus columbianus', 84, 1, '<a target=''_blank'' href=''https://www.universityofalaskamuseumbirds.org/''>UAM Birds</a>', 1, NULL, NULL, NULL),
(186, 'Cygnus cygnus', 84, 1, '<a target=''_blank'' href=''https://www.universityofalaskamuseumbirds.org/''>UAM Birds</a>', 1, NULL, NULL, NULL),
(187, 'Cypseloides niger', 85, 1, '<a target=''_blank'' href=''https://www.universityofalaskamuseumbirds.org/''>UAM Birds</a>', 1, NULL, NULL, NULL),
(188, 'Cystophora cristata', 86, 6, '<a target=''_blank'' href=''https://www.uaf.edu/museum/collections/mammal/current-mammal-species-of/''>UAM Mammals</a>', 1, NULL, NULL, NULL),
(189, 'Delichon urbicum', 87, 1, '<a target=''_blank'' href=''https://www.universityofalaskamuseumbirds.org/''>UAM Birds</a>', 1, NULL, NULL, NULL),
(190, 'Delphinapterus leucas', 88, 6, '<a target=''_blank'' href=''https://www.uaf.edu/museum/collections/mammal/current-mammal-species-of/''>UAM Mammals</a>', 1, NULL, NULL, NULL),
(191, 'Dendragapus fuliginosus', 89, 1, '<a target=''_blank'' href=''https://www.universityofalaskamuseumbirds.org/''>UAM Birds</a>', 1, NULL, NULL, NULL),
(192, 'Dendrocopos major', 90, 1, '<a target=''_blank'' href=''https://www.universityofalaskamuseumbirds.org/''>UAM Birds</a>', 1, NULL, NULL, NULL),
(193, 'Dermochelys coriacea', 91, 5, '<a target=''_blank'' href=''https://faunaofalaska.org/wp-content/uploads/MacDonald_2010_Amphibians_and_Reptiles_of_Alaska.pdf''>MacDonald 2010</a>', 1, TRUE, FALSE, NULL),
(194, 'Dicrostonyx groenlandicus', 92, 6, '<a target=''_blank'' href=''https://www.uaf.edu/museum/collections/mammal/current-mammal-species-of/''>UAM Mammals</a>', 1, NULL, NULL, NULL),
(195, 'Dolichonyx oryzivorus', 93, 1, '<a target=''_blank'' href=''https://www.universityofalaskamuseumbirds.org/''>UAM Birds</a>', 1, NULL, NULL, NULL),
(196, 'Dryobates pubescens', 94, 1, '<a target=''_blank'' href=''https://www.universityofalaskamuseumbirds.org/''>UAM Birds</a>', 1, NULL, NULL, NULL),
(197, 'Dryobates villosus', 94, 1, '<a target=''_blank'' href=''https://www.universityofalaskamuseumbirds.org/''>UAM Birds</a>', 1, NULL, NULL, NULL),
(198, 'Dumetella carolinensis', 95, 1, '<a target=''_blank'' href=''https://www.universityofalaskamuseumbirds.org/''>UAM Birds</a>', 1, NULL, NULL, NULL),
(199, 'Egretta eulophotes', 96, 1, '<a target=''_blank'' href=''https://www.universityofalaskamuseumbirds.org/''>UAM Birds</a>', 1, NULL, NULL, NULL),
(200, 'Egretta garzetta', 96, 1, '<a target=''_blank'' href=''https://www.universityofalaskamuseumbirds.org/''>UAM Birds</a>', 1, NULL, NULL, NULL),
(201, 'Egretta tricolor', 96, 1, '<a target=''_blank'' href=''https://www.universityofalaskamuseumbirds.org/''>UAM Birds</a>', 1, NULL, NULL, NULL),
(202, 'Emberiza aureola', 97, 1, '<a target=''_blank'' href=''https://www.universityofalaskamuseumbirds.org/''>UAM Birds</a>', 1, NULL, NULL, NULL),
(203, 'Emberiza chrysophrys', 97, 1, '<a target=''_blank'' href=''https://www.universityofalaskamuseumbirds.org/''>UAM Birds</a>', 1, NULL, NULL, NULL),
(204, 'Emberiza elegans', 97, 1, '<a target=''_blank'' href=''https://www.universityofalaskamuseumbirds.org/''>UAM Birds</a>', 1, NULL, NULL, NULL),
(205, 'Emberiza leucocephalos', 97, 1, '<a target=''_blank'' href=''https://www.universityofalaskamuseumbirds.org/''>UAM Birds</a>', 1, NULL, NULL, NULL),
(206, 'Emberiza pallasi', 97, 1, '<a target=''_blank'' href=''https://www.universityofalaskamuseumbirds.org/''>UAM Birds</a>', 1, NULL, NULL, NULL),
(207, 'Emberiza pusilla', 97, 1, '<a target=''_blank'' href=''https://www.universityofalaskamuseumbirds.org/''>UAM Birds</a>', 1, NULL, NULL, NULL),
(208, 'Emberiza rustica', 97, 1, '<a target=''_blank'' href=''https://www.universityofalaskamuseumbirds.org/''>UAM Birds</a>', 1, NULL, NULL, NULL),
(209, 'Emberiza schoeniclus', 97, 1, '<a target=''_blank'' href=''https://www.universityofalaskamuseumbirds.org/''>UAM Birds</a>', 1, NULL, NULL, NULL),
(210, 'Emberiza variabilis', 97, 1, '<a target=''_blank'' href=''https://www.universityofalaskamuseumbirds.org/''>UAM Birds</a>', 1, NULL, NULL, NULL),
(211, 'Empidonax alnorum', 98, 1, '<a target=''_blank'' href=''https://www.universityofalaskamuseumbirds.org/''>UAM Birds</a>', 1, NULL, NULL, NULL),
(212, 'Empidonax difficilis', 98, 1, '<a target=''_blank'' href=''https://www.universityofalaskamuseumbirds.org/''>UAM Birds</a>', 1, NULL, NULL, NULL),
(213, 'Empidonax flaviventris', 98, 1, '<a target=''_blank'' href=''https://www.universityofalaskamuseumbirds.org/''>UAM Birds</a>', 1, NULL, NULL, NULL),
(214, 'Empidonax hammondii', 98, 1, '<a target=''_blank'' href=''https://www.universityofalaskamuseumbirds.org/''>UAM Birds</a>', 1, NULL, NULL, NULL),
(215, 'Empidonax minimus', 98, 1, '<a target=''_blank'' href=''https://www.universityofalaskamuseumbirds.org/''>UAM Birds</a>', 1, NULL, NULL, NULL),
(216, 'Empidonax oberholseri', 98, 1, '<a target=''_blank'' href=''https://www.universityofalaskamuseumbirds.org/''>UAM Birds</a>', 1, NULL, NULL, NULL),
(217, 'Empidonax traillii', 98, 1, '<a target=''_blank'' href=''https://www.universityofalaskamuseumbirds.org/''>UAM Birds</a>', 1, NULL, NULL, NULL),
(218, 'Enhydra lutris', 99, 6, '<a target=''_blank'' href=''https://www.uaf.edu/museum/collections/mammal/current-mammal-species-of/''>UAM Mammals</a>', 1, NULL, NULL, NULL),
(219, 'Eremophila alpestris', 100, 1, '<a target=''_blank'' href=''https://www.universityofalaskamuseumbirds.org/''>UAM Birds</a>', 1, NULL, NULL, NULL),
(220, 'Erethizon dorsatum', 101, 6, '<a target=''_blank'' href=''https://www.uaf.edu/museum/collections/mammal/current-mammal-species-of/''>UAM Mammals</a>', 1, NULL, NULL, NULL),
(221, 'Erignathus barbatus', 102, 6, '<a target=''_blank'' href=''https://www.uaf.edu/museum/collections/mammal/current-mammal-species-of/''>UAM Mammals</a>', 1, NULL, NULL, NULL),
(222, 'Eschrichtius robustus', 103, 6, '<a target=''_blank'' href=''https://www.uaf.edu/museum/collections/mammal/current-mammal-species-of/''>UAM Mammals</a>', 1, NULL, NULL, NULL),
(223, 'Eubalaena japonica', 104, 6, '<a target=''_blank'' href=''https://www.uaf.edu/museum/collections/mammal/current-mammal-species-of/''>UAM Mammals</a>', 1, NULL, NULL, NULL),
(224, 'Eumetopias jubatus', 105, 6, '<a target=''_blank'' href=''https://www.uaf.edu/museum/collections/mammal/current-mammal-species-of/''>UAM Mammals</a>', 1, NULL, NULL, NULL),
(225, 'Euphagus carolinus', 106, 1, '<a target=''_blank'' href=''https://www.universityofalaskamuseumbirds.org/''>UAM Birds</a>', 1, NULL, NULL, NULL),
(226, 'Euphagus cyanocephalus', 106, 1, '<a target=''_blank'' href=''https://www.universityofalaskamuseumbirds.org/''>UAM Birds</a>', 1, NULL, NULL, NULL),
(227, 'Falcipennis canadensis', 107, 1, '<a target=''_blank'' href=''https://www.universityofalaskamuseumbirds.org/''>UAM Birds</a>', 1, NULL, NULL, NULL),
(228, 'Falco columbarius', 108, 1, '<a target=''_blank'' href=''https://www.universityofalaskamuseumbirds.org/''>UAM Birds</a>', 1, NULL, NULL, NULL),
(229, 'Falco peregrinus', 108, 1, '<a target=''_blank'' href=''https://www.universityofalaskamuseumbirds.org/''>UAM Birds</a>', 1, NULL, NULL, NULL),
(230, 'Falco rusticolus', 108, 1, '<a target=''_blank'' href=''https://www.universityofalaskamuseumbirds.org/''>UAM Birds</a>', 1, NULL, NULL, NULL),
(231, 'Falco sparverius', 108, 1, '<a target=''_blank'' href=''https://www.universityofalaskamuseumbirds.org/''>UAM Birds</a>', 1, NULL, NULL, NULL),
(232, 'Falco subbuteo', 108, 1, '<a target=''_blank'' href=''https://www.universityofalaskamuseumbirds.org/''>UAM Birds</a>', 1, NULL, NULL, NULL),
(233, 'Falco tinnunculus', 108, 1, '<a target=''_blank'' href=''https://www.universityofalaskamuseumbirds.org/''>UAM Birds</a>', 1, NULL, NULL, NULL),
(234, 'Ficedula albicilla', 109, 1, '<a target=''_blank'' href=''https://www.universityofalaskamuseumbirds.org/''>UAM Birds</a>', 1, NULL, NULL, NULL),
(235, 'Ficedula narcissina', 109, 1, '<a target=''_blank'' href=''https://www.universityofalaskamuseumbirds.org/''>UAM Birds</a>', 1, NULL, NULL, NULL),
(236, 'Fratercula cirrhata', 110, 1, '<a target=''_blank'' href=''https://www.universityofalaskamuseumbirds.org/''>UAM Birds</a>', 1, NULL, NULL, NULL),
(237, 'Fratercula corniculata', 110, 1, '<a target=''_blank'' href=''https://www.universityofalaskamuseumbirds.org/''>UAM Birds</a>', 1, NULL, NULL, NULL),
(238, 'Fregata magnificens', 111, 1, '<a target=''_blank'' href=''https://www.universityofalaskamuseumbirds.org/''>UAM Birds</a>', 1, NULL, NULL, NULL),
(239, 'Fringilla montifringilla', 112, 1, '<a target=''_blank'' href=''https://www.universityofalaskamuseumbirds.org/''>UAM Birds</a>', 1, NULL, NULL, NULL),
(240, 'Fulica americana', 113, 1, '<a target=''_blank'' href=''https://www.universityofalaskamuseumbirds.org/''>UAM Birds</a>', 1, NULL, NULL, NULL),
(241, 'Fulica atra', 113, 1, '<a target=''_blank'' href=''https://www.universityofalaskamuseumbirds.org/''>UAM Birds</a>', 1, NULL, NULL, NULL),
(242, 'Fulmarus glacialis', 114, 1, '<a target=''_blank'' href=''https://www.universityofalaskamuseumbirds.org/''>UAM Birds</a>', 1, NULL, NULL, NULL),
(243, 'Gallinago delicata', 115, 1, '<a target=''_blank'' href=''https://www.universityofalaskamuseumbirds.org/''>UAM Birds</a>', 1, NULL, NULL, NULL),
(244, 'Gallinago gallinago', 115, 1, '<a target=''_blank'' href=''https://www.universityofalaskamuseumbirds.org/''>UAM Birds</a>', 1, NULL, NULL, NULL),
(245, 'Gallinago solitaria', 115, 1, '<a target=''_blank'' href=''https://www.universityofalaskamuseumbirds.org/''>UAM Birds</a>', 1, NULL, NULL, NULL),
(246, 'Gallinago stenura', 115, 1, '<a target=''_blank'' href=''https://www.universityofalaskamuseumbirds.org/''>UAM Birds</a>', 1, NULL, NULL, NULL),
(247, 'Gallinula chloropus', 116, 1, '<a target=''_blank'' href=''https://www.universityofalaskamuseumbirds.org/''>UAM Birds</a>', 1, NULL, NULL, NULL),
(248, 'Gavia adamsii', 117, 1, '<a target=''_blank'' href=''https://www.universityofalaskamuseumbirds.org/''>UAM Birds</a>', 1, NULL, NULL, NULL),
(249, 'Gavia arctica', 117, 1, '<a target=''_blank'' href=''https://www.universityofalaskamuseumbirds.org/''>UAM Birds</a>', 1, NULL, NULL, NULL),
(250, 'Gavia immer', 117, 1, '<a target=''_blank'' href=''https://www.universityofalaskamuseumbirds.org/''>UAM Birds</a>', 1, NULL, NULL, NULL),
(251, 'Gavia pacifica', 117, 1, '<a target=''_blank'' href=''https://www.universityofalaskamuseumbirds.org/''>UAM Birds</a>', 1, NULL, NULL, NULL),
(252, 'Gavia stellata', 117, 1, '<a target=''_blank'' href=''https://www.universityofalaskamuseumbirds.org/''>UAM Birds</a>', 1, NULL, NULL, NULL),
(253, 'Geothlypis philadelphia', 118, 1, '<a target=''_blank'' href=''https://www.universityofalaskamuseumbirds.org/''>UAM Birds</a>', 1, NULL, NULL, NULL),
(254, 'Geothlypis tolmiei', 118, 1, '<a target=''_blank'' href=''https://www.universityofalaskamuseumbirds.org/''>UAM Birds</a>', 1, NULL, NULL, NULL),
(255, 'Geothlypis trichas', 118, 1, '<a target=''_blank'' href=''https://www.universityofalaskamuseumbirds.org/''>UAM Birds</a>', 1, NULL, NULL, NULL),
(256, 'Glareola maldivarum', 119, 1, '<a target=''_blank'' href=''https://www.universityofalaskamuseumbirds.org/''>UAM Birds</a>', 1, NULL, NULL, NULL),
(257, 'Glaucidium gnoma', 120, 1, '<a target=''_blank'' href=''https://www.universityofalaskamuseumbirds.org/''>UAM Birds</a>', 1, NULL, NULL, NULL),
(258, 'Glaucomys sabrinus', 121, 6, '<a target=''_blank'' href=''https://www.uaf.edu/museum/collections/mammal/current-mammal-species-of/''>UAM Mammals</a>', 1, NULL, NULL, NULL),
(259, 'Globicephala macrorhynchus', 122, 6, '<a target=''_blank'' href=''https://www.uaf.edu/museum/collections/mammal/current-mammal-species-of/''>UAM Mammals</a>', 1, NULL, NULL, NULL),
(260, 'Grampus griseus', 123, 6, '<a target=''_blank'' href=''https://www.uaf.edu/museum/collections/mammal/current-mammal-species-of/''>UAM Mammals</a>', 1, NULL, NULL, NULL),
(261, 'Grus grus', 124, 1, '<a target=''_blank'' href=''https://www.universityofalaskamuseumbirds.org/''>UAM Birds</a>', 1, NULL, NULL, NULL),
(262, 'Grus monacha', 124, 1, '<a target=''_blank'' href=''https://www.universityofalaskamuseumbirds.org/''>UAM Birds</a>', 1, NULL, NULL, NULL),
(263, 'Gulo gulo', 125, 6, '<a target=''_blank'' href=''https://www.uaf.edu/museum/collections/mammal/current-mammal-species-of/''>UAM Mammals</a>', 1, NULL, NULL, NULL),
(264, 'Haematopus bachmani', 126, 1, '<a target=''_blank'' href=''https://www.universityofalaskamuseumbirds.org/''>UAM Birds</a>', 1, NULL, NULL, NULL),
(265, 'Haematopus ostralegus', 126, 1, '<a target=''_blank'' href=''https://www.universityofalaskamuseumbirds.org/''>UAM Birds</a>', 1, NULL, NULL, NULL),
(266, 'Haemorhous cassinii', 127, 1, '<a target=''_blank'' href=''https://www.universityofalaskamuseumbirds.org/''>UAM Birds</a>', 1, NULL, NULL, NULL),
(267, 'Haemorhous mexicanus', 127, 1, '<a target=''_blank'' href=''https://www.universityofalaskamuseumbirds.org/''>UAM Birds</a>', 1, NULL, NULL, NULL),
(268, 'Haemorhous purpureus', 127, 1, '<a target=''_blank'' href=''https://www.universityofalaskamuseumbirds.org/''>UAM Birds</a>', 1, NULL, NULL, NULL),
(269, 'Haliaeetus albicilla', 128, 1, '<a target=''_blank'' href=''https://www.universityofalaskamuseumbirds.org/''>UAM Birds</a>', 1, NULL, NULL, NULL),
(270, 'Haliaeetus leucocephalus', 128, 1, '<a target=''_blank'' href=''https://www.universityofalaskamuseumbirds.org/''>UAM Birds</a>', 1, NULL, NULL, NULL),
(271, 'Haliaeetus pelagicus', 128, 1, '<a target=''_blank'' href=''https://www.universityofalaskamuseumbirds.org/''>UAM Birds</a>', 1, NULL, NULL, NULL),
(272, 'Helopsaltes certhiola', 129, 1, '<a target=''_blank'' href=''https://www.universityofalaskamuseumbirds.org/''>UAM Birds</a>', 1, NULL, NULL, NULL),
(273, 'Helopsaltes ochotensis', 129, 1, '<a target=''_blank'' href=''https://www.universityofalaskamuseumbirds.org/''>UAM Birds</a>', 1, NULL, NULL, NULL),
(274, 'Himantopus himantopus', 130, 1, '<a target=''_blank'' href=''https://www.universityofalaskamuseumbirds.org/''>UAM Birds</a>', 1, NULL, NULL, NULL),
(275, 'Hirundapus caudacutus', 131, 1, '<a target=''_blank'' href=''https://www.universityofalaskamuseumbirds.org/''>UAM Birds</a>', 1, NULL, NULL, NULL),
(276, 'Hirundo rustica', 132, 1, '<a target=''_blank'' href=''https://www.universityofalaskamuseumbirds.org/''>UAM Birds</a>', 1, NULL, NULL, NULL),
(277, 'Histrionicus histrionicus', 133, 1, '<a target=''_blank'' href=''https://www.universityofalaskamuseumbirds.org/''>UAM Birds</a>', 1, NULL, NULL, NULL),
(278, 'Histriophoca fasciata', 134, 6, '<a target=''_blank'' href=''https://www.uaf.edu/museum/collections/mammal/current-mammal-species-of/''>UAM Mammals</a>', 1, NULL, NULL, NULL),
(279, 'Hydrobates furcatus', 135, 1, '<a target=''_blank'' href=''https://www.universityofalaskamuseumbirds.org/''>UAM Birds</a>', 1, NULL, NULL, NULL),
(280, 'Hydrobates leucorhous', 135, 1, '<a target=''_blank'' href=''https://www.universityofalaskamuseumbirds.org/''>UAM Birds</a>', 1, NULL, NULL, NULL),
(281, 'Hydrocoloeus minutus', 136, 1, '<a target=''_blank'' href=''https://www.universityofalaskamuseumbirds.org/''>UAM Birds</a>', 1, NULL, NULL, NULL),
(282, 'Hydroprogne caspia', 137, 1, '<a target=''_blank'' href=''https://www.universityofalaskamuseumbirds.org/''>UAM Birds</a>', 1, NULL, NULL, NULL),
(283, 'Hylocichla mustelina', 138, 1, '<a target=''_blank'' href=''https://www.universityofalaskamuseumbirds.org/''>UAM Birds</a>', 1, NULL, NULL, NULL),
(284, 'Ichthyaetus ichthyaetus', 139, 1, '<a target=''_blank'' href=''https://www.universityofalaskamuseumbirds.org/''>UAM Birds</a>', 1, NULL, NULL, NULL),
(285, 'Icterus bullockii', 140, 1, '<a target=''_blank'' href=''https://www.universityofalaskamuseumbirds.org/''>UAM Birds</a>', 1, NULL, NULL, NULL),
(286, 'Icterus cucullatus', 140, 1, '<a target=''_blank'' href=''https://www.universityofalaskamuseumbirds.org/''>UAM Birds</a>', 1, NULL, NULL, NULL),
(287, 'Icterus spurius', 140, 1, '<a target=''_blank'' href=''https://www.universityofalaskamuseumbirds.org/''>UAM Birds</a>', 1, NULL, NULL, NULL),
(288, 'Ixobrychus sinensis', 141, 1, '<a target=''_blank'' href=''https://www.universityofalaskamuseumbirds.org/''>UAM Birds</a>', 1, NULL, NULL, NULL),
(289, 'Ixoreus naevius', 142, 1, '<a target=''_blank'' href=''https://www.universityofalaskamuseumbirds.org/''>UAM Birds</a>', 1, NULL, NULL, NULL),
(290, 'Junco hyemalis', 143, 1, '<a target=''_blank'' href=''https://www.universityofalaskamuseumbirds.org/''>UAM Birds</a>', 1, NULL, NULL, NULL),
(291, 'Jynx torquilla', 144, 1, '<a target=''_blank'' href=''https://www.universityofalaskamuseumbirds.org/''>UAM Birds</a>', 1, NULL, NULL, NULL),
(292, 'Kogia breviceps', 145, 6, '<a target=''_blank'' href=''https://www.uaf.edu/museum/collections/mammal/current-mammal-species-of/''>UAM Mammals</a>', 1, NULL, NULL, NULL),
(293, 'Lagopus lagopus', 146, 1, '<a target=''_blank'' href=''https://www.universityofalaskamuseumbirds.org/''>UAM Birds</a>', 1, NULL, NULL, NULL),
(294, 'Lagopus leucura', 146, 1, '<a target=''_blank'' href=''https://www.universityofalaskamuseumbirds.org/''>UAM Birds</a>', 1, NULL, NULL, NULL),
(295, 'Lagopus muta', 146, 1, '<a target=''_blank'' href=''https://www.universityofalaskamuseumbirds.org/''>UAM Birds</a>', 1, NULL, NULL, NULL),
(296, 'Lanius borealis', 147, 1, '<a target=''_blank'' href=''https://www.universityofalaskamuseumbirds.org/''>UAM Birds</a>', 1, NULL, NULL, NULL),
(297, 'Lanius collurio', 147, 1, '<a target=''_blank'' href=''https://www.universityofalaskamuseumbirds.org/''>UAM Birds</a>', 1, NULL, NULL, NULL),
(298, 'Lanius cristatus', 147, 1, '<a target=''_blank'' href=''https://www.universityofalaskamuseumbirds.org/''>UAM Birds</a>', 1, NULL, NULL, NULL),
(299, 'Larus argentatus', 148, 1, '<a target=''_blank'' href=''https://www.universityofalaskamuseumbirds.org/''>UAM Birds</a>', 1, NULL, NULL, NULL),
(300, 'Larus californicus', 148, 1, '<a target=''_blank'' href=''https://www.universityofalaskamuseumbirds.org/''>UAM Birds</a>', 1, NULL, NULL, NULL),
(301, 'Larus canus', 148, 1, '<a target=''_blank'' href=''https://www.universityofalaskamuseumbirds.org/''>UAM Birds</a>', 1, NULL, NULL, NULL),
(302, 'Larus crassirostris', 148, 1, '<a target=''_blank'' href=''https://www.universityofalaskamuseumbirds.org/''>UAM Birds</a>', 1, NULL, NULL, NULL),
(303, 'Larus delawarensis', 148, 1, '<a target=''_blank'' href=''https://www.universityofalaskamuseumbirds.org/''>UAM Birds</a>', 1, NULL, NULL, NULL),
(304, 'Larus fuscus', 148, 1, '<a target=''_blank'' href=''https://www.universityofalaskamuseumbirds.org/''>UAM Birds</a>', 1, NULL, NULL, NULL),
(305, 'Larus glaucescens', 148, 1, '<a target=''_blank'' href=''https://www.universityofalaskamuseumbirds.org/''>UAM Birds</a>', 1, NULL, NULL, NULL),
(306, 'Larus glaucoides', 148, 1, '<a target=''_blank'' href=''https://www.universityofalaskamuseumbirds.org/''>UAM Birds</a>', 1, NULL, NULL, NULL),
(307, 'Larus heermanni', 148, 1, '<a target=''_blank'' href=''https://www.universityofalaskamuseumbirds.org/''>UAM Birds</a>', 1, NULL, NULL, NULL),
(308, 'Larus hyperboreus', 148, 1, '<a target=''_blank'' href=''https://www.universityofalaskamuseumbirds.org/''>UAM Birds</a>', 1, NULL, NULL, NULL),
(309, 'Larus marinus', 148, 1, '<a target=''_blank'' href=''https://www.universityofalaskamuseumbirds.org/''>UAM Birds</a>', 1, NULL, NULL, NULL),
(310, 'Larus occidentalis', 148, 1, '<a target=''_blank'' href=''https://www.universityofalaskamuseumbirds.org/''>UAM Birds</a>', 1, NULL, NULL, NULL),
(311, 'Larus schistisagus', 148, 1, '<a target=''_blank'' href=''https://www.universityofalaskamuseumbirds.org/''>UAM Birds</a>', 1, NULL, NULL, NULL),
(312, 'Larvivora cyane', 149, 1, '<a target=''_blank'' href=''https://www.universityofalaskamuseumbirds.org/''>UAM Birds</a>', 1, NULL, NULL, NULL),
(313, 'Larvivora sibilans', 149, 1, '<a target=''_blank'' href=''https://www.universityofalaskamuseumbirds.org/''>UAM Birds</a>', 1, NULL, NULL, NULL),
(314, 'Lasionycteris noctivagans', 150, 6, '<a target=''_blank'' href=''https://www.uaf.edu/museum/collections/mammal/current-mammal-species-of/''>UAM Mammals</a>', 1, NULL, NULL, NULL),
(315, 'Lasiurus cinereus', 151, 6, '<a target=''_blank'' href=''https://www.uaf.edu/museum/collections/mammal/current-mammal-species-of/''>UAM Mammals</a>', 1, NULL, NULL, NULL),
(316, 'Leiothlypis celata', 152, 1, '<a target=''_blank'' href=''https://www.universityofalaskamuseumbirds.org/''>UAM Birds</a>', 1, NULL, NULL, NULL),
(317, 'Leiothlypis peregrina', 152, 1, '<a target=''_blank'' href=''https://www.universityofalaskamuseumbirds.org/''>UAM Birds</a>', 1, NULL, NULL, NULL),
(318, 'Leiothlypis ruficapilla', 152, 1, '<a target=''_blank'' href=''https://www.universityofalaskamuseumbirds.org/''>UAM Birds</a>', 1, NULL, NULL, NULL),
(319, 'Lemmus trimucronatus', 153, 6, '<a target=''_blank'' href=''https://www.uaf.edu/museum/collections/mammal/current-mammal-species-of/''>UAM Mammals</a>', 1, NULL, NULL, NULL),
(320, 'Lepidochelys olivacea', 154, 5, '<a target=''_blank'' href=''https://faunaofalaska.org/wp-content/uploads/MacDonald_2010_Amphibians_and_Reptiles_of_Alaska.pdf''>MacDonald 2010</a>', 1, TRUE, FALSE, NULL),
(321, 'Lepus americanus', 155, 6, '<a target=''_blank'' href=''https://www.uaf.edu/museum/collections/mammal/current-mammal-species-of/''>UAM Mammals</a>', 1, NULL, NULL, NULL),
(322, 'Lepus othus', 155, 6, '<a target=''_blank'' href=''https://www.uaf.edu/museum/collections/mammal/current-mammal-species-of/''>UAM Mammals</a>', 1, NULL, NULL, NULL),
(323, 'Leucophaeus atricilla', 156, 1, '<a target=''_blank'' href=''https://www.universityofalaskamuseumbirds.org/''>UAM Birds</a>', 1, NULL, NULL, NULL),
(324, 'Leucophaeus pipixcan', 156, 1, '<a target=''_blank'' href=''https://www.universityofalaskamuseumbirds.org/''>UAM Birds</a>', 1, NULL, NULL, NULL),
(325, 'Leucosticte arctoa', 157, 1, '<a target=''_blank'' href=''https://www.universityofalaskamuseumbirds.org/''>UAM Birds</a>', 1, NULL, NULL, NULL),
(326, 'Leucosticte tephrocotis', 157, 1, '<a target=''_blank'' href=''https://www.universityofalaskamuseumbirds.org/''>UAM Birds</a>', 1, NULL, NULL, NULL),
(327, 'Limnodromus griseus', 158, 1, '<a target=''_blank'' href=''https://www.universityofalaskamuseumbirds.org/''>UAM Birds</a>', 1, NULL, NULL, NULL),
(328, 'Limnodromus scolopaceus', 158, 1, '<a target=''_blank'' href=''https://www.universityofalaskamuseumbirds.org/''>UAM Birds</a>', 1, NULL, NULL, NULL),
(329, 'Limosa fedoa', 159, 1, '<a target=''_blank'' href=''https://www.universityofalaskamuseumbirds.org/''>UAM Birds</a>', 1, NULL, NULL, NULL),
(330, 'Limosa haemastica', 159, 1, '<a target=''_blank'' href=''https://www.universityofalaskamuseumbirds.org/''>UAM Birds</a>', 1, NULL, NULL, NULL),
(331, 'Limosa lapponica', 159, 1, '<a target=''_blank'' href=''https://www.universityofalaskamuseumbirds.org/''>UAM Birds</a>', 1, NULL, NULL, NULL),
(332, 'Limosa limosa', 159, 1, '<a target=''_blank'' href=''https://www.universityofalaskamuseumbirds.org/''>UAM Birds</a>', 1, NULL, NULL, NULL),
(333, 'Lissodelphis borealis', 160, 6, '<a target=''_blank'' href=''https://www.uaf.edu/museum/collections/mammal/current-mammal-species-of/''>UAM Mammals</a>', 1, NULL, NULL, NULL),
(334, 'Lithobates sylvaticus', 161, 5, '<a target=''_blank'' href=''https://faunaofalaska.org/wp-content/uploads/MacDonald_2010_Amphibians_and_Reptiles_of_Alaska.pdf''>MacDonald 2010</a>', 1, TRUE, FALSE, NULL),
(335, 'Locustella fluviatilis', 162, 1, '<a target=''_blank'' href=''https://www.universityofalaskamuseumbirds.org/''>UAM Birds</a>', 1, NULL, NULL, NULL),
(336, 'Locustella lanceolata', 162, 1, '<a target=''_blank'' href=''https://www.universityofalaskamuseumbirds.org/''>UAM Birds</a>', 1, NULL, NULL, NULL),
(337, 'Lontra canadensis', 163, 6, '<a target=''_blank'' href=''https://www.uaf.edu/museum/collections/mammal/current-mammal-species-of/''>UAM Mammals</a>', 1, NULL, NULL, NULL),
(338, 'Lophodytes cucullatus', 164, 1, '<a target=''_blank'' href=''https://www.universityofalaskamuseumbirds.org/''>UAM Birds</a>', 1, NULL, NULL, NULL),
(339, 'Loxia curvirostra', 165, 1, '<a target=''_blank'' href=''https://www.universityofalaskamuseumbirds.org/''>UAM Birds</a>', 1, NULL, NULL, NULL),
(340, 'Loxia leucoptera', 165, 1, '<a target=''_blank'' href=''https://www.universityofalaskamuseumbirds.org/''>UAM Birds</a>', 1, NULL, NULL, NULL),
(341, 'Lymnocryptes minimus', 166, 1, '<a target=''_blank'' href=''https://www.universityofalaskamuseumbirds.org/''>UAM Birds</a>', 1, NULL, NULL, NULL),
(342, 'Lynx canadensis', 167, 6, '<a target=''_blank'' href=''https://www.uaf.edu/museum/collections/mammal/current-mammal-species-of/''>UAM Mammals</a>', 1, NULL, NULL, NULL),
(343, 'Mareca americana', 168, 1, '<a target=''_blank'' href=''https://www.universityofalaskamuseumbirds.org/''>UAM Birds</a>', 1, NULL, NULL, NULL),
(344, 'Mareca falcata', 168, 1, '<a target=''_blank'' href=''https://www.universityofalaskamuseumbirds.org/''>UAM Birds</a>', 1, NULL, NULL, NULL),
(345, 'Mareca penelope', 168, 1, '<a target=''_blank'' href=''https://www.universityofalaskamuseumbirds.org/''>UAM Birds</a>', 1, NULL, NULL, NULL),
(346, 'Mareca strepera', 168, 1, '<a target=''_blank'' href=''https://www.universityofalaskamuseumbirds.org/''>UAM Birds</a>', 1, NULL, NULL, NULL),
(347, 'Marmota broweri', 169, 6, '<a target=''_blank'' href=''https://www.uaf.edu/museum/collections/mammal/current-mammal-species-of/''>UAM Mammals</a>', 1, NULL, NULL, NULL),
(348, 'Marmota caligata', 169, 6, '<a target=''_blank'' href=''https://www.uaf.edu/museum/collections/mammal/current-mammal-species-of/''>UAM Mammals</a>', 1, NULL, NULL, NULL),
(349, 'Marmota monax', 169, 6, '<a target=''_blank'' href=''https://www.uaf.edu/museum/collections/mammal/current-mammal-species-of/''>UAM Mammals</a>', 1, NULL, NULL, NULL),
(350, 'Martes americana', 170, 6, '<a target=''_blank'' href=''https://www.uaf.edu/museum/collections/mammal/current-mammal-species-of/''>UAM Mammals</a>', 1, NULL, NULL, NULL),
(351, 'Martes caurina', 170, 6, '<a target=''_blank'' href=''https://www.uaf.edu/museum/collections/mammal/current-mammal-species-of/''>UAM Mammals</a>', 1, NULL, NULL, NULL),
(352, 'Martes pennanti', 170, 6, '<a target=''_blank'' href=''https://www.uaf.edu/museum/collections/mammal/current-mammal-species-of/''>UAM Mammals</a>', 1, NULL, NULL, NULL),
(353, 'Megaceryle alcyon', 171, 1, '<a target=''_blank'' href=''https://www.universityofalaskamuseumbirds.org/''>UAM Birds</a>', 1, NULL, NULL, NULL),
(354, 'Megaptera novaeangliae', 172, 6, '<a target=''_blank'' href=''https://www.uaf.edu/museum/collections/mammal/current-mammal-species-of/''>UAM Mammals</a>', 1, NULL, NULL, NULL),
(355, 'Megascops kennicottii', 173, 1, '<a target=''_blank'' href=''https://www.universityofalaskamuseumbirds.org/''>UAM Birds</a>', 1, NULL, NULL, NULL),
(356, 'Melanerpes lewis', 174, 1, '<a target=''_blank'' href=''https://www.universityofalaskamuseumbirds.org/''>UAM Birds</a>', 1, NULL, NULL, NULL),
(357, 'Melanitta americana', 175, 1, '<a target=''_blank'' href=''https://www.universityofalaskamuseumbirds.org/''>UAM Birds</a>', 1, NULL, NULL, NULL),
(358, 'Melanitta deglandi', 175, 1, '<a target=''_blank'' href=''https://www.universityofalaskamuseumbirds.org/''>UAM Birds</a>', 1, NULL, NULL, NULL),
(359, 'Melanitta perspicillata', 175, 1, '<a target=''_blank'' href=''https://www.universityofalaskamuseumbirds.org/''>UAM Birds</a>', 1, NULL, NULL, NULL),
(360, 'Melanitta stejnegeri', 175, 1, '<a target=''_blank'' href=''https://www.universityofalaskamuseumbirds.org/''>UAM Birds</a>', 1, NULL, NULL, NULL),
(361, 'Melospiza georgiana', 176, 1, '<a target=''_blank'' href=''https://www.universityofalaskamuseumbirds.org/''>UAM Birds</a>', 1, NULL, NULL, NULL),
(362, 'Melospiza lincolnii', 176, 1, '<a target=''_blank'' href=''https://www.universityofalaskamuseumbirds.org/''>UAM Birds</a>', 1, NULL, NULL, NULL),
(363, 'Melospiza melodia', 176, 1, '<a target=''_blank'' href=''https://www.universityofalaskamuseumbirds.org/''>UAM Birds</a>', 1, NULL, NULL, NULL),
(364, 'Mergellus albellus', 177, 1, '<a target=''_blank'' href=''https://www.universityofalaskamuseumbirds.org/''>UAM Birds</a>', 1, NULL, NULL, NULL),
(365, 'Mergus merganser', 178, 1, '<a target=''_blank'' href=''https://www.universityofalaskamuseumbirds.org/''>UAM Birds</a>', 1, NULL, NULL, NULL),
(366, 'Mergus serrator', 178, 1, '<a target=''_blank'' href=''https://www.universityofalaskamuseumbirds.org/''>UAM Birds</a>', 1, NULL, NULL, NULL),
(367, 'Mesoplodon stejnegeri', 179, 6, '<a target=''_blank'' href=''https://www.uaf.edu/museum/collections/mammal/current-mammal-species-of/''>UAM Mammals</a>', 1, NULL, NULL, NULL),
(368, 'Microtus longicaudus', 180, 6, '<a target=''_blank'' href=''https://www.uaf.edu/museum/collections/mammal/current-mammal-species-of/''>UAM Mammals</a>', 1, NULL, NULL, NULL),
(369, 'Microtus miurus', 180, 6, '<a target=''_blank'' href=''https://www.uaf.edu/museum/collections/mammal/current-mammal-species-of/''>UAM Mammals</a>', 1, NULL, NULL, NULL),
(370, 'Microtus oeconomus', 180, 6, '<a target=''_blank'' href=''https://www.uaf.edu/museum/collections/mammal/current-mammal-species-of/''>UAM Mammals</a>', 1, NULL, NULL, NULL),
(371, 'Microtus pennsylvanicus', 180, 6, '<a target=''_blank'' href=''https://www.uaf.edu/museum/collections/mammal/current-mammal-species-of/''>UAM Mammals</a>', 1, NULL, NULL, NULL),
(372, 'Microtus xanthognathus', 180, 6, '<a target=''_blank'' href=''https://www.uaf.edu/museum/collections/mammal/current-mammal-species-of/''>UAM Mammals</a>', 1, NULL, NULL, NULL),
(373, 'Milvus migrans', 181, 1, '<a target=''_blank'' href=''https://www.universityofalaskamuseumbirds.org/''>UAM Birds</a>', 1, NULL, NULL, NULL),
(374, 'Mimus polyglottos', 182, 1, '<a target=''_blank'' href=''https://www.universityofalaskamuseumbirds.org/''>UAM Birds</a>', 1, NULL, NULL, NULL),
(375, 'Mirounga angustirostris', 183, 6, '<a target=''_blank'' href=''https://www.uaf.edu/museum/collections/mammal/current-mammal-species-of/''>UAM Mammals</a>', 1, NULL, NULL, NULL),
(376, 'Mniotilta varia', 184, 1, '<a target=''_blank'' href=''https://www.universityofalaskamuseumbirds.org/''>UAM Birds</a>', 1, NULL, NULL, NULL),
(377, 'Molothrus ater', 185, 1, '<a target=''_blank'' href=''https://www.universityofalaskamuseumbirds.org/''>UAM Birds</a>', 1, NULL, NULL, NULL),
(378, 'Monodon monoceros', 186, 6, '<a target=''_blank'' href=''https://www.uaf.edu/museum/collections/mammal/current-mammal-species-of/''>UAM Mammals</a>', 1, NULL, NULL, NULL),
(379, 'Motacilla alba', 187, 1, '<a target=''_blank'' href=''https://www.universityofalaskamuseumbirds.org/''>UAM Birds</a>', 1, NULL, NULL, NULL),
(380, 'Motacilla cinerea', 187, 1, '<a target=''_blank'' href=''https://www.universityofalaskamuseumbirds.org/''>UAM Birds</a>', 1, NULL, NULL, NULL),
(381, 'Motacilla tschutschensis', 187, 1, '<a target=''_blank'' href=''https://www.universityofalaskamuseumbirds.org/''>UAM Birds</a>', 1, NULL, NULL, NULL),
(382, 'Mus musculus', 188, 6, '<a target=''_blank'' href=''https://www.uaf.edu/museum/collections/mammal/current-mammal-species-of/''>UAM Mammals</a>', 1, TRUE, FALSE, NULL),
(383, 'Muscicapa dauurica', 189, 1, '<a target=''_blank'' href=''https://www.universityofalaskamuseumbirds.org/''>UAM Birds</a>', 1, NULL, NULL, NULL),
(384, 'Muscicapa griseisticta', 189, 1, '<a target=''_blank'' href=''https://www.universityofalaskamuseumbirds.org/''>UAM Birds</a>', 1, NULL, NULL, NULL),
(385, 'Muscicapa sibirica', 189, 1, '<a target=''_blank'' href=''https://www.universityofalaskamuseumbirds.org/''>UAM Birds</a>', 1, NULL, NULL, NULL),
(386, 'Muscicapa striata', 189, 1, '<a target=''_blank'' href=''https://www.universityofalaskamuseumbirds.org/''>UAM Birds</a>', 1, NULL, NULL, NULL),
(387, 'Mustela erminea', 190, 6, '<a target=''_blank'' href=''https://www.uaf.edu/museum/collections/mammal/current-mammal-species-of/''>UAM Mammals</a>', 1, NULL, NULL, NULL),
(388, 'Mustela nivalis', 190, 6, '<a target=''_blank'' href=''https://www.uaf.edu/museum/collections/mammal/current-mammal-species-of/''>UAM Mammals</a>', 1, NULL, NULL, NULL),
(389, 'Myadestes townsendi', 191, 1, '<a target=''_blank'' href=''https://www.universityofalaskamuseumbirds.org/''>UAM Birds</a>', 1, NULL, NULL, NULL),
(390, 'Myiarchus cinerascens', 192, 1, '<a target=''_blank'' href=''https://www.universityofalaskamuseumbirds.org/''>UAM Birds</a>', 1, NULL, NULL, NULL),
(391, 'Myiarchus crinitus', 192, 1, '<a target=''_blank'' href=''https://www.universityofalaskamuseumbirds.org/''>UAM Birds</a>', 1, NULL, NULL, NULL),
(392, 'Myodes gapperi', 193, 6, '<a target=''_blank'' href=''https://www.uaf.edu/museum/collections/mammal/current-mammal-species-of/''>UAM Mammals</a>', 1, NULL, NULL, NULL),
(393, 'Myodes rutilus', 193, 6, '<a target=''_blank'' href=''https://www.uaf.edu/museum/collections/mammal/current-mammal-species-of/''>UAM Mammals</a>', 1, NULL, NULL, NULL),
(394, 'Myotis californicus', 194, 6, '<a target=''_blank'' href=''https://www.uaf.edu/museum/collections/mammal/current-mammal-species-of/''>UAM Mammals</a>', 1, NULL, NULL, NULL),
(395, 'Myotis evotis', 194, 3, '<a target=''_blank'' href=''https://doi.org/10.1139/cjz-2018-0113''>Lausen et al. 2019</a>', 1, NULL, NULL, NULL),
(396, 'Myotis lucifugus', 194, 6, '<a target=''_blank'' href=''https://www.uaf.edu/museum/collections/mammal/current-mammal-species-of/''>UAM Mammals</a>', 1, NULL, NULL, NULL),
(397, 'Myotis volans', 194, 6, '<a target=''_blank'' href=''https://www.uaf.edu/museum/collections/mammal/current-mammal-species-of/''>UAM Mammals</a>', 1, NULL, NULL, NULL),
(398, 'Myotis yumanensis', 194, 6, '<a target=''_blank'' href=''https://www.uaf.edu/museum/collections/mammal/current-mammal-species-of/''>UAM Mammals</a>', 1, NULL, NULL, NULL),
(399, 'Neotoma cinerea', 195, 6, '<a target=''_blank'' href=''https://www.uaf.edu/museum/collections/mammal/current-mammal-species-of/''>UAM Mammals</a>', 1, NULL, NULL, NULL),
(400, 'Neovison vison', 196, 6, '<a target=''_blank'' href=''https://www.uaf.edu/museum/collections/mammal/current-mammal-species-of/''>UAM Mammals</a>', 1, NULL, NULL, NULL),
(401, 'Ninox japonica', 197, 1, '<a target=''_blank'' href=''https://www.universityofalaskamuseumbirds.org/''>UAM Birds</a>', 1, NULL, NULL, NULL),
(402, 'Nucifraga columbiana', 198, 1, '<a target=''_blank'' href=''https://www.universityofalaskamuseumbirds.org/''>UAM Birds</a>', 1, NULL, NULL, NULL),
(403, 'Numenius americanus', 199, 1, '<a target=''_blank'' href=''https://www.universityofalaskamuseumbirds.org/''>UAM Birds</a>', 1, NULL, NULL, NULL),
(404, 'Numenius borealis', 199, 1, '<a target=''_blank'' href=''https://www.universityofalaskamuseumbirds.org/''>UAM Birds</a>', 1, NULL, NULL, NULL),
(405, 'Numenius madagascariensis', 199, 1, '<a target=''_blank'' href=''https://www.universityofalaskamuseumbirds.org/''>UAM Birds</a>', 1, NULL, NULL, NULL),
(406, 'Numenius minutus', 199, 1, '<a target=''_blank'' href=''https://www.universityofalaskamuseumbirds.org/''>UAM Birds</a>', 1, NULL, NULL, NULL),
(407, 'Numenius phaeopus', 199, 1, '<a target=''_blank'' href=''https://www.universityofalaskamuseumbirds.org/''>UAM Birds</a>', 1, NULL, NULL, NULL),
(408, 'Numenius tahitiensis', 199, 1, '<a target=''_blank'' href=''https://www.universityofalaskamuseumbirds.org/''>UAM Birds</a>', 1, NULL, NULL, NULL),
(409, 'Nycticorax nycticorax', 200, 1, '<a target=''_blank'' href=''https://www.universityofalaskamuseumbirds.org/''>UAM Birds</a>', 1, NULL, NULL, NULL),
(410, 'Ochotona collaris', 201, 6, '<a target=''_blank'' href=''https://www.uaf.edu/museum/collections/mammal/current-mammal-species-of/''>UAM Mammals</a>', 1, NULL, NULL, NULL),
(411, 'Odobenus rosmarus', 202, 6, '<a target=''_blank'' href=''https://www.uaf.edu/museum/collections/mammal/current-mammal-species-of/''>UAM Mammals</a>', 1, NULL, NULL, NULL),
(412, 'Odocoileus hemionus', 203, 6, '<a target=''_blank'' href=''https://www.uaf.edu/museum/collections/mammal/current-mammal-species-of/''>UAM Mammals</a>', 1, NULL, NULL, NULL),
(413, 'Oenanthe oenanthe', 204, 1, '<a target=''_blank'' href=''https://www.universityofalaskamuseumbirds.org/''>UAM Birds</a>', 1, NULL, NULL, NULL),
(414, 'Oenanthe pleschanka', 204, 1, '<a target=''_blank'' href=''https://www.universityofalaskamuseumbirds.org/''>UAM Birds</a>', 1, NULL, NULL, NULL),
(415, 'Ondatra zibethicus', 205, 6, '<a target=''_blank'' href=''https://www.uaf.edu/museum/collections/mammal/current-mammal-species-of/''>UAM Mammals</a>', 1, NULL, NULL, NULL),
(416, 'Onychoprion aleuticus', 206, 1, '<a target=''_blank'' href=''https://www.universityofalaskamuseumbirds.org/''>UAM Birds</a>', 1, NULL, NULL, NULL),
(417, 'Onychoprion fuscatus', 206, 1, '<a target=''_blank'' href=''https://www.universityofalaskamuseumbirds.org/''>UAM Birds</a>', 1, NULL, NULL, NULL),
(418, 'Orcinus orca', 207, 6, '<a target=''_blank'' href=''https://www.uaf.edu/museum/collections/mammal/current-mammal-species-of/''>UAM Mammals</a>', 1, NULL, NULL, NULL),
(419, 'Oreamnos americanus', 208, 6, '<a target=''_blank'' href=''https://www.uaf.edu/museum/collections/mammal/current-mammal-species-of/''>UAM Mammals</a>', 1, NULL, NULL, NULL),
(420, 'Oryctolagus cuniculus', 209, 6, '<a target=''_blank'' href=''https://www.uaf.edu/museum/collections/mammal/current-mammal-species-of/''>UAM Mammals</a>', 1, TRUE, FALSE, NULL),
(421, 'Otus sunia', 210, 1, '<a target=''_blank'' href=''https://www.universityofalaskamuseumbirds.org/''>UAM Birds</a>', 1, NULL, NULL, NULL),
(422, 'Ovibos moschatus', 211, 6, '<a target=''_blank'' href=''https://www.uaf.edu/museum/collections/mammal/current-mammal-species-of/''>UAM Mammals</a>', 1, NULL, NULL, NULL),
(423, 'Ovis dalli', 212, 6, '<a target=''_blank'' href=''https://www.uaf.edu/museum/collections/mammal/current-mammal-species-of/''>UAM Mammals</a>', 1, NULL, NULL, NULL),
(424, 'Oxyura jamaicensis', 213, 1, '<a target=''_blank'' href=''https://www.universityofalaskamuseumbirds.org/''>UAM Birds</a>', 1, NULL, NULL, NULL),
(425, 'Pagophila eburnea', 214, 1, '<a target=''_blank'' href=''https://www.universityofalaskamuseumbirds.org/''>UAM Birds</a>', 1, NULL, NULL, NULL),
(426, 'Pagophilus groenlandicus', 215, 6, '<a target=''_blank'' href=''https://www.uaf.edu/museum/collections/mammal/current-mammal-species-of/''>UAM Mammals</a>', 1, NULL, NULL, NULL),
(427, 'Pandion haliaetus', 216, 1, '<a target=''_blank'' href=''https://www.universityofalaskamuseumbirds.org/''>UAM Birds</a>', 1, NULL, NULL, NULL),
(428, 'Parkesia noveboracensis', 217, 1, '<a target=''_blank'' href=''https://www.universityofalaskamuseumbirds.org/''>UAM Birds</a>', 1, NULL, NULL, NULL),
(429, 'Passer domesticus', 218, 1, '<a target=''_blank'' href=''https://www.universityofalaskamuseumbirds.org/''>UAM Birds</a>', 1, NULL, NULL, NULL),
(430, 'Passerculus sandwichensis', 219, 1, '<a target=''_blank'' href=''https://www.universityofalaskamuseumbirds.org/''>UAM Birds</a>', 1, NULL, NULL, NULL),
(431, 'Passerella iliaca', 220, 1, '<a target=''_blank'' href=''https://www.universityofalaskamuseumbirds.org/''>UAM Birds</a>', 1, NULL, NULL, NULL),
(432, 'Passerina amoena', 221, 1, '<a target=''_blank'' href=''https://www.universityofalaskamuseumbirds.org/''>UAM Birds</a>', 1, NULL, NULL, NULL),
(433, 'Passerina caerulea', 221, 1, '<a target=''_blank'' href=''https://www.universityofalaskamuseumbirds.org/''>UAM Birds</a>', 1, NULL, NULL, NULL),
(434, 'Passerina cyanea', 221, 1, '<a target=''_blank'' href=''https://www.universityofalaskamuseumbirds.org/''>UAM Birds</a>', 1, NULL, NULL, NULL),
(435, 'Patagioenas fasciata', 222, 1, '<a target=''_blank'' href=''https://www.universityofalaskamuseumbirds.org/''>UAM Birds</a>', 1, NULL, NULL, NULL),
(436, 'Pelecanus erythrorhynchos', 223, 1, '<a target=''_blank'' href=''https://www.universityofalaskamuseumbirds.org/''>UAM Birds</a>', 1, NULL, NULL, NULL),
(437, 'Pelecanus occidentalis', 223, 1, '<a target=''_blank'' href=''https://www.universityofalaskamuseumbirds.org/''>UAM Birds</a>', 1, NULL, NULL, NULL),
(438, 'Perisoreus canadensis', 224, 1, '<a target=''_blank'' href=''https://www.universityofalaskamuseumbirds.org/''>UAM Birds</a>', 1, NULL, NULL, NULL),
(439, 'Peromyscus keeni', 225, 6, '<a target=''_blank'' href=''https://www.uaf.edu/museum/collections/mammal/current-mammal-species-of/''>UAM Mammals</a>', 1, NULL, NULL, NULL),
(440, 'Peromyscus maniculatus', 225, 6, '<a target=''_blank'' href=''https://www.uaf.edu/museum/collections/mammal/current-mammal-species-of/''>UAM Mammals</a>', 1, NULL, NULL, NULL),
(441, 'Petrochelidon pyrrhonota', 226, 1, '<a target=''_blank'' href=''https://www.universityofalaskamuseumbirds.org/''>UAM Birds</a>', 1, NULL, NULL, NULL),
(442, 'Phalacrocorax auritus', 227, 1, '<a target=''_blank'' href=''https://www.universityofalaskamuseumbirds.org/''>UAM Birds</a>', 1, NULL, NULL, NULL),
(443, 'Phalacrocorax pelagicus', 227, 1, '<a target=''_blank'' href=''https://www.universityofalaskamuseumbirds.org/''>UAM Birds</a>', 1, NULL, NULL, NULL),
(444, 'Phalacrocorax penicillatus', 227, 1, '<a target=''_blank'' href=''https://www.universityofalaskamuseumbirds.org/''>UAM Birds</a>', 1, NULL, NULL, NULL),
(445, 'Phalacrocorax urile', 227, 1, '<a target=''_blank'' href=''https://www.universityofalaskamuseumbirds.org/''>UAM Birds</a>', 1, NULL, NULL, NULL),
(446, 'Phalaropus fulicarius', 228, 1, '<a target=''_blank'' href=''https://www.universityofalaskamuseumbirds.org/''>UAM Birds</a>', 1, NULL, NULL, NULL),
(447, 'Phalaropus lobatus', 228, 1, '<a target=''_blank'' href=''https://www.universityofalaskamuseumbirds.org/''>UAM Birds</a>', 1, NULL, NULL, NULL),
(448, 'Phalaropus tricolor', 228, 1, '<a target=''_blank'' href=''https://www.universityofalaskamuseumbirds.org/''>UAM Birds</a>', 1, NULL, NULL, NULL),
(449, 'Phenacomys intermedius', 229, 6, '<a target=''_blank'' href=''https://www.uaf.edu/museum/collections/mammal/current-mammal-species-of/''>UAM Mammals</a>', 1, NULL, NULL, NULL),
(450, 'Pheucticus ludovicianus', 230, 1, '<a target=''_blank'' href=''https://www.universityofalaskamuseumbirds.org/''>UAM Birds</a>', 1, NULL, NULL, NULL),
(451, 'Pheucticus melanocephalus', 230, 1, '<a target=''_blank'' href=''https://www.universityofalaskamuseumbirds.org/''>UAM Birds</a>', 1, NULL, NULL, NULL),
(452, 'Phoca largha', 231, 6, '<a target=''_blank'' href=''https://www.uaf.edu/museum/collections/mammal/current-mammal-species-of/''>UAM Mammals</a>', 1, NULL, NULL, NULL),
(453, 'Phoca vitulina', 231, 6, '<a target=''_blank'' href=''https://www.uaf.edu/museum/collections/mammal/current-mammal-species-of/''>UAM Mammals</a>', 1, NULL, NULL, NULL),
(454, 'Phocoena phocoena', 232, 6, '<a target=''_blank'' href=''https://www.uaf.edu/museum/collections/mammal/current-mammal-species-of/''>UAM Mammals</a>', 1, NULL, NULL, NULL),
(455, 'Phocoenoides dalli', 233, 6, '<a target=''_blank'' href=''https://www.uaf.edu/museum/collections/mammal/current-mammal-species-of/''>UAM Mammals</a>', 1, NULL, NULL, NULL),
(456, 'Phoebastria albatrus', 234, 1, '<a target=''_blank'' href=''https://www.universityofalaskamuseumbirds.org/''>UAM Birds</a>', 1, NULL, NULL, NULL),
(457, 'Phoebastria immutabilis', 234, 1, '<a target=''_blank'' href=''https://www.universityofalaskamuseumbirds.org/''>UAM Birds</a>', 1, NULL, NULL, NULL),
(458, 'Phoebastria nigripes', 234, 1, '<a target=''_blank'' href=''https://www.universityofalaskamuseumbirds.org/''>UAM Birds</a>', 1, NULL, NULL, NULL),
(459, 'Phoenicurus phoenicurus', 235, 1, '<a target=''_blank'' href=''https://www.universityofalaskamuseumbirds.org/''>UAM Birds</a>', 1, NULL, NULL, NULL),
(460, 'Phylloscopus borealis', 236, 1, '<a target=''_blank'' href=''https://www.universityofalaskamuseumbirds.org/''>UAM Birds</a>', 1, NULL, NULL, NULL),
(461, 'Phylloscopus collybita', 236, 1, '<a target=''_blank'' href=''https://www.universityofalaskamuseumbirds.org/''>UAM Birds</a>', 1, NULL, NULL, NULL),
(462, 'Phylloscopus examinandus', 236, 1, '<a target=''_blank'' href=''https://www.universityofalaskamuseumbirds.org/''>UAM Birds</a>', 1, NULL, NULL, NULL),
(463, 'Phylloscopus fuscatus', 236, 1, '<a target=''_blank'' href=''https://www.universityofalaskamuseumbirds.org/''>UAM Birds</a>', 1, NULL, NULL, NULL),
(464, 'Phylloscopus inornatus', 236, 1, '<a target=''_blank'' href=''https://www.universityofalaskamuseumbirds.org/''>UAM Birds</a>', 1, NULL, NULL, NULL),
(465, 'Phylloscopus proregulus', 236, 1, '<a target=''_blank'' href=''https://www.universityofalaskamuseumbirds.org/''>UAM Birds</a>', 1, NULL, NULL, NULL),
(466, 'Phylloscopus sibilatrix', 236, 1, '<a target=''_blank'' href=''https://www.universityofalaskamuseumbirds.org/''>UAM Birds</a>', 1, NULL, NULL, NULL),
(467, 'Phylloscopus trochilus', 236, 1, '<a target=''_blank'' href=''https://www.universityofalaskamuseumbirds.org/''>UAM Birds</a>', 1, NULL, NULL, NULL),
(468, 'Physeter macrocephalus', 237, NULL, NULL, 1, NULL, NULL, NULL),
(469, 'Pica hudsonia', 238, 1, '<a target=''_blank'' href=''https://www.universityofalaskamuseumbirds.org/''>UAM Birds</a>', 1, NULL, NULL, NULL),
(470, 'Picoides arcticus', 239, 1, '<a target=''_blank'' href=''https://www.universityofalaskamuseumbirds.org/''>UAM Birds</a>', 1, NULL, NULL, NULL),
(471, 'Picoides dorsalis', 239, 1, '<a target=''_blank'' href=''https://www.universityofalaskamuseumbirds.org/''>UAM Birds</a>', 1, NULL, NULL, NULL),
(472, 'Pinicola enucleator', 240, 1, '<a target=''_blank'' href=''https://www.universityofalaskamuseumbirds.org/''>UAM Birds</a>', 1, NULL, NULL, NULL),
(473, 'Pipilo maculatus', 241, 1, '<a target=''_blank'' href=''https://www.universityofalaskamuseumbirds.org/''>UAM Birds</a>', 1, NULL, NULL, NULL),
(474, 'Piranga ludoviciana', 242, 1, '<a target=''_blank'' href=''https://www.universityofalaskamuseumbirds.org/''>UAM Birds</a>', 1, NULL, NULL, NULL),
(475, 'Piranga olivacea', 242, 1, '<a target=''_blank'' href=''https://www.universityofalaskamuseumbirds.org/''>UAM Birds</a>', 1, NULL, NULL, NULL),
(476, 'Plectrophenax hyperboreus', 243, 1, '<a target=''_blank'' href=''https://www.universityofalaskamuseumbirds.org/''>UAM Birds</a>', 1, NULL, NULL, NULL),
(477, 'Plectrophenax nivalis', 243, 1, '<a target=''_blank'' href=''https://www.universityofalaskamuseumbirds.org/''>UAM Birds</a>', 1, NULL, NULL, NULL),
(478, 'Plegadis chihi', 244, 1, '<a target=''_blank'' href=''https://www.universityofalaskamuseumbirds.org/''>UAM Birds</a>', 1, NULL, NULL, NULL),
(479, 'Pluvialis apricaria', 245, 1, '<a target=''_blank'' href=''https://www.universityofalaskamuseumbirds.org/''>UAM Birds</a>', 1, NULL, NULL, NULL),
(480, 'Pluvialis dominica', 245, 1, '<a target=''_blank'' href=''https://www.universityofalaskamuseumbirds.org/''>UAM Birds</a>', 1, NULL, NULL, NULL),
(481, 'Pluvialis fulva', 245, 1, '<a target=''_blank'' href=''https://www.universityofalaskamuseumbirds.org/''>UAM Birds</a>', 1, NULL, NULL, NULL),
(482, 'Pluvialis squatarola', 245, 1, '<a target=''_blank'' href=''https://www.universityofalaskamuseumbirds.org/''>UAM Birds</a>', 1, NULL, NULL, NULL),
(483, 'Podiceps auritus', 246, 1, '<a target=''_blank'' href=''https://www.universityofalaskamuseumbirds.org/''>UAM Birds</a>', 1, NULL, NULL, NULL),
(484, 'Podiceps grisegena', 246, 1, '<a target=''_blank'' href=''https://www.universityofalaskamuseumbirds.org/''>UAM Birds</a>', 1, NULL, NULL, NULL),
(485, 'Podiceps nigricollis', 246, 1, '<a target=''_blank'' href=''https://www.universityofalaskamuseumbirds.org/''>UAM Birds</a>', 1, NULL, NULL, NULL),
(486, 'Podilymbus podiceps', 247, 1, '<a target=''_blank'' href=''https://www.universityofalaskamuseumbirds.org/''>UAM Birds</a>', 1, NULL, NULL, NULL),
(487, 'Poecile atricapillus', 248, 1, '<a target=''_blank'' href=''https://www.universityofalaskamuseumbirds.org/''>UAM Birds</a>', 1, NULL, NULL, NULL),
(488, 'Poecile cinctus', 248, 1, '<a target=''_blank'' href=''https://www.universityofalaskamuseumbirds.org/''>UAM Birds</a>', 1, NULL, NULL, NULL),
(489, 'Poecile gambeli', 248, 1, '<a target=''_blank'' href=''https://www.universityofalaskamuseumbirds.org/''>UAM Birds</a>', 1, NULL, NULL, NULL),
(490, 'Poecile hudsonicus', 248, 1, '<a target=''_blank'' href=''https://www.universityofalaskamuseumbirds.org/''>UAM Birds</a>', 1, NULL, NULL, NULL),
(491, 'Poecile rufescens', 248, 1, '<a target=''_blank'' href=''https://www.universityofalaskamuseumbirds.org/''>UAM Birds</a>', 1, NULL, NULL, NULL),
(492, 'Polysticta stelleri', 249, 1, '<a target=''_blank'' href=''https://www.universityofalaskamuseumbirds.org/''>UAM Birds</a>', 1, NULL, NULL, NULL),
(493, 'Pooecetes gramineus', 250, 1, '<a target=''_blank'' href=''https://www.universityofalaskamuseumbirds.org/''>UAM Birds</a>', 1, NULL, NULL, NULL),
(494, 'Porzana carolina', 251, 1, '<a target=''_blank'' href=''https://www.universityofalaskamuseumbirds.org/''>UAM Birds</a>', 1, NULL, NULL, NULL),
(495, 'Procyon lotor', 252, 6, '<a target=''_blank'' href=''https://www.uaf.edu/museum/collections/mammal/current-mammal-species-of/''>UAM Mammals</a>', 1, TRUE, FALSE, NULL),
(496, 'Progne subis', 253, 1, '<a target=''_blank'' href=''https://www.universityofalaskamuseumbirds.org/''>UAM Birds</a>', 1, NULL, NULL, NULL),
(497, 'Prunella montanella', 254, 1, '<a target=''_blank'' href=''https://www.universityofalaskamuseumbirds.org/''>UAM Birds</a>', 1, NULL, NULL, NULL),
(498, 'Pseudacris regilla', 255, 5, '<a target=''_blank'' href=''https://faunaofalaska.org/wp-content/uploads/MacDonald_2010_Amphibians_and_Reptiles_of_Alaska.pdf''>MacDonald 2010</a>', 1, FALSE, TRUE, NULL),
(499, 'Pseudorca crassidens', 256, 6, '<a target=''_blank'' href=''https://www.uaf.edu/museum/collections/mammal/current-mammal-species-of/''>UAM Mammals</a>', 1, NULL, NULL, NULL),
(500, 'Pterodroma cookii', 257, 1, '<a target=''_blank'' href=''https://www.universityofalaskamuseumbirds.org/''>UAM Birds</a>', 1, NULL, NULL, NULL),
(501, 'Pterodroma inexpectata', 257, 1, '<a target=''_blank'' href=''https://www.universityofalaskamuseumbirds.org/''>UAM Birds</a>', 1, NULL, NULL, NULL),
(502, 'Pterodroma solandri', 257, 1, '<a target=''_blank'' href=''https://www.universityofalaskamuseumbirds.org/''>UAM Birds</a>', 1, NULL, NULL, NULL),
(503, 'Ptychoramphus aleuticus', 258, 1, '<a target=''_blank'' href=''https://www.universityofalaskamuseumbirds.org/''>UAM Birds</a>', 1, NULL, NULL, NULL),
(504, 'Puffinus puffinus', 259, 1, '<a target=''_blank'' href=''https://www.universityofalaskamuseumbirds.org/''>UAM Birds</a>', 1, NULL, NULL, NULL),
(505, 'Puma concolor', 260, 6, '<a target=''_blank'' href=''https://www.uaf.edu/museum/collections/mammal/current-mammal-species-of/''>UAM Mammals</a>', 1, NULL, NULL, NULL),
(506, 'Pusa hispida', 261, 6, '<a target=''_blank'' href=''https://www.uaf.edu/museum/collections/mammal/current-mammal-species-of/''>UAM Mammals</a>', 1, NULL, NULL, NULL),
(507, 'Pyrrhula pyrrhula', 262, 1, '<a target=''_blank'' href=''https://www.universityofalaskamuseumbirds.org/''>UAM Birds</a>', 1, NULL, NULL, NULL),
(508, 'Quiscalus quiscula', 263, 1, '<a target=''_blank'' href=''https://www.universityofalaskamuseumbirds.org/''>UAM Birds</a>', 1, NULL, NULL, NULL),
(509, 'Rallus limicola', 264, 1, '<a target=''_blank'' href=''https://www.universityofalaskamuseumbirds.org/''>UAM Birds</a>', 1, NULL, NULL, NULL),
(510, 'Rana aurora', 265, 5, '<a target=''_blank'' href=''https://faunaofalaska.org/wp-content/uploads/MacDonald_2010_Amphibians_and_Reptiles_of_Alaska.pdf''>MacDonald 2010</a>', 1, FALSE, TRUE, NULL),
(511, 'Rana luteiventris', 265, 5, '<a target=''_blank'' href=''https://faunaofalaska.org/wp-content/uploads/MacDonald_2010_Amphibians_and_Reptiles_of_Alaska.pdf''>MacDonald 2010</a>', 1, TRUE, FALSE, NULL),
(512, 'Rangifer tarandus', 266, 6, '<a target=''_blank'' href=''https://www.uaf.edu/museum/collections/mammal/current-mammal-species-of/''>UAM Mammals</a>', 1, NULL, NULL, NULL),
(513, 'Rattus norvegicus', 267, 6, '<a target=''_blank'' href=''https://www.uaf.edu/museum/collections/mammal/current-mammal-species-of/''>UAM Mammals</a>', 1, TRUE, FALSE, NULL),
(514, 'Rattus rattus', 267, 6, '<a target=''_blank'' href=''https://www.uaf.edu/museum/collections/mammal/current-mammal-species-of/''>UAM Mammals</a>', 1, TRUE, FALSE, NULL),
(515, 'Recurvirostra americana', 268, 1, '<a target=''_blank'' href=''https://www.universityofalaskamuseumbirds.org/''>UAM Birds</a>', 1, NULL, NULL, NULL),
(516, 'Regulus calendula', 269, 1, '<a target=''_blank'' href=''https://www.universityofalaskamuseumbirds.org/''>UAM Birds</a>', 1, NULL, NULL, NULL),
(517, 'Regulus satrapa', 269, 1, '<a target=''_blank'' href=''https://www.universityofalaskamuseumbirds.org/''>UAM Birds</a>', 1, NULL, NULL, NULL),
(518, 'Rhodostethia rosea', 270, 1, '<a target=''_blank'' href=''https://www.universityofalaskamuseumbirds.org/''>UAM Birds</a>', 1, NULL, NULL, NULL),
(519, 'Riparia riparia', 271, 1, '<a target=''_blank'' href=''https://www.universityofalaskamuseumbirds.org/''>UAM Birds</a>', 1, NULL, NULL, NULL),
(520, 'Rissa brevirostris', 272, 1, '<a target=''_blank'' href=''https://www.universityofalaskamuseumbirds.org/''>UAM Birds</a>', 1, NULL, NULL, NULL),
(521, 'Rissa tridactyla', 272, 1, '<a target=''_blank'' href=''https://www.universityofalaskamuseumbirds.org/''>UAM Birds</a>', 1, NULL, NULL, NULL),
(522, 'Sagmatias obliquidens', 273, 7, '<a target=''_blank'' href=''https://doi.org/10.1111/mms.12573''>Vollmer et al. 2019</a>', 1, NULL, NULL, NULL),
(523, 'Salpinctes obsoletus', 274, 1, '<a target=''_blank'' href=''https://www.universityofalaskamuseumbirds.org/''>UAM Birds</a>', 1, NULL, NULL, NULL),
(524, 'Saxicola torquatus', 275, 1, '<a target=''_blank'' href=''https://www.universityofalaskamuseumbirds.org/''>UAM Birds</a>', 1, NULL, NULL, NULL),
(525, 'Sayornis nigricans', 276, 1, '<a target=''_blank'' href=''https://www.universityofalaskamuseumbirds.org/''>UAM Birds</a>', 1, NULL, NULL, NULL),
(526, 'Sayornis phoebe', 276, 1, '<a target=''_blank'' href=''https://www.universityofalaskamuseumbirds.org/''>UAM Birds</a>', 1, NULL, NULL, NULL),
(527, 'Sayornis saya', 276, 1, '<a target=''_blank'' href=''https://www.universityofalaskamuseumbirds.org/''>UAM Birds</a>', 1, NULL, NULL, NULL),
(528, 'Seiurus aurocapilla', 277, 1, '<a target=''_blank'' href=''https://www.universityofalaskamuseumbirds.org/''>UAM Birds</a>', 1, NULL, NULL, NULL),
(529, 'Selasphorus calliope', 278, 1, '<a target=''_blank'' href=''https://www.universityofalaskamuseumbirds.org/''>UAM Birds</a>', 1, NULL, NULL, NULL),
(530, 'Selasphorus rufus', 278, 1, '<a target=''_blank'' href=''https://www.universityofalaskamuseumbirds.org/''>UAM Birds</a>', 1, NULL, NULL, NULL),
(531, 'Setophaga americana', 279, 1, '<a target=''_blank'' href=''https://www.universityofalaskamuseumbirds.org/''>UAM Birds</a>', 1, NULL, NULL, NULL),
(532, 'Setophaga caerulescens', 279, 1, '<a target=''_blank'' href=''https://www.universityofalaskamuseumbirds.org/''>UAM Birds</a>', 1, NULL, NULL, NULL),
(533, 'Setophaga castanea', 279, 1, '<a target=''_blank'' href=''https://www.universityofalaskamuseumbirds.org/''>UAM Birds</a>', 1, NULL, NULL, NULL),
(534, 'Setophaga coronata', 279, 1, '<a target=''_blank'' href=''https://www.universityofalaskamuseumbirds.org/''>UAM Birds</a>', 1, NULL, NULL, NULL),
(535, 'Setophaga discolor', 279, 1, '<a target=''_blank'' href=''https://www.universityofalaskamuseumbirds.org/''>UAM Birds</a>', 1, NULL, NULL, NULL),
(536, 'Setophaga dominica', 279, 1, '<a target=''_blank'' href=''https://www.universityofalaskamuseumbirds.org/''>UAM Birds</a>', 1, NULL, NULL, NULL),
(537, 'Setophaga magnolia', 279, 1, '<a target=''_blank'' href=''https://www.universityofalaskamuseumbirds.org/''>UAM Birds</a>', 1, NULL, NULL, NULL),
(538, 'Setophaga nigrescens', 279, 1, '<a target=''_blank'' href=''https://www.universityofalaskamuseumbirds.org/''>UAM Birds</a>', 1, NULL, NULL, NULL),
(539, 'Setophaga palmarum', 279, 1, '<a target=''_blank'' href=''https://www.universityofalaskamuseumbirds.org/''>UAM Birds</a>', 1, NULL, NULL, NULL),
(540, 'Setophaga pensylvanica', 279, 1, '<a target=''_blank'' href=''https://www.universityofalaskamuseumbirds.org/''>UAM Birds</a>', 1, NULL, NULL, NULL),
(541, 'Setophaga petechia', 279, 1, '<a target=''_blank'' href=''https://www.universityofalaskamuseumbirds.org/''>UAM Birds</a>', 1, NULL, NULL, NULL),
(542, 'Setophaga ruticilla', 279, 1, '<a target=''_blank'' href=''https://www.universityofalaskamuseumbirds.org/''>UAM Birds</a>', 1, NULL, NULL, NULL),
(543, 'Setophaga striata', 279, 1, '<a target=''_blank'' href=''https://www.universityofalaskamuseumbirds.org/''>UAM Birds</a>', 1, NULL, NULL, NULL),
(544, 'Setophaga tigrina', 279, 1, '<a target=''_blank'' href=''https://www.universityofalaskamuseumbirds.org/''>UAM Birds</a>', 1, NULL, NULL, NULL),
(545, 'Setophaga townsendi', 279, 1, '<a target=''_blank'' href=''https://www.universityofalaskamuseumbirds.org/''>UAM Birds</a>', 1, NULL, NULL, NULL),
(546, 'Setophaga virens', 279, 1, '<a target=''_blank'' href=''https://www.universityofalaskamuseumbirds.org/''>UAM Birds</a>', 1, NULL, NULL, NULL),
(547, 'Sialia currucoides', 280, 1, '<a target=''_blank'' href=''https://www.universityofalaskamuseumbirds.org/''>UAM Birds</a>', 1, NULL, NULL, NULL),
(548, 'Sibirionetta formosa', 281, 1, '<a target=''_blank'' href=''https://www.universityofalaskamuseumbirds.org/''>UAM Birds</a>', 1, NULL, NULL, NULL),
(549, 'Sitta canadensis', 282, 1, '<a target=''_blank'' href=''https://www.universityofalaskamuseumbirds.org/''>UAM Birds</a>', 1, NULL, NULL, NULL),
(550, 'Somateria fischeri', 283, 1, '<a target=''_blank'' href=''https://www.universityofalaskamuseumbirds.org/''>UAM Birds</a>', 1, NULL, NULL, NULL),
(551, 'Somateria mollissima', 283, 1, '<a target=''_blank'' href=''https://www.universityofalaskamuseumbirds.org/''>UAM Birds</a>', 1, NULL, NULL, NULL),
(552, 'Somateria spectabilis', 283, 1, '<a target=''_blank'' href=''https://www.universityofalaskamuseumbirds.org/''>UAM Birds</a>', 1, NULL, NULL, NULL),
(553, 'Sorex cinereus', 284, 6, '<a target=''_blank'' href=''https://www.uaf.edu/museum/collections/mammal/current-mammal-species-of/''>UAM Mammals</a>', 1, NULL, NULL, NULL),
(554, 'Sorex eximius', 284, 2, '<a target=''_blank'' href=''https://doi.org/10.1093/biolinnean/blz139''>Hope et al. 2020</a>', 1, NULL, NULL, NULL),
(555, 'Sorex jacksoni', 284, 6, '<a target=''_blank'' href=''https://www.uaf.edu/museum/collections/mammal/current-mammal-species-of/''>UAM Mammals</a>', 1, NULL, NULL, NULL),
(556, 'Sorex minutissimus', 284, 6, '<a target=''_blank'' href=''https://www.uaf.edu/museum/collections/mammal/current-mammal-species-of/''>UAM Mammals</a>', 1, NULL, NULL, NULL),
(557, 'Sorex navigator', 284, 6, '<a target=''_blank'' href=''https://www.uaf.edu/museum/collections/mammal/current-mammal-species-of/''>UAM Mammals</a>', 1, NULL, NULL, NULL),
(558, 'Sorex obscurus', 284, 9, '<a target=''_blank'' href=''https://doi.org/10.5479/si.1943-6696.650''>Woodman 2018</a>', 1, NULL, NULL, NULL),
(559, 'Sorex pribilofensis', 284, 6, '<a target=''_blank'' href=''https://www.uaf.edu/museum/collections/mammal/current-mammal-species-of/''>UAM Mammals</a>', 1, NULL, NULL, NULL),
(560, 'Sorex tundrensis', 284, 6, '<a target=''_blank'' href=''https://www.uaf.edu/museum/collections/mammal/current-mammal-species-of/''>UAM Mammals</a>', 1, NULL, NULL, NULL),
(561, 'Sorex ugyunak', 284, 6, '<a target=''_blank'' href=''https://www.uaf.edu/museum/collections/mammal/current-mammal-species-of/''>UAM Mammals</a>', 1, NULL, NULL, NULL),
(562, 'Spatula clypeata', 285, 1, '<a target=''_blank'' href=''https://www.universityofalaskamuseumbirds.org/''>UAM Birds</a>', 1, NULL, NULL, NULL),
(563, 'Spatula cyanoptera', 285, 1, '<a target=''_blank'' href=''https://www.universityofalaskamuseumbirds.org/''>UAM Birds</a>', 1, NULL, NULL, NULL),
(564, 'Spatula discors', 285, 1, '<a target=''_blank'' href=''https://www.universityofalaskamuseumbirds.org/''>UAM Birds</a>', 1, NULL, NULL, NULL),
(565, 'Spatula querquedula', 285, 1, '<a target=''_blank'' href=''https://www.universityofalaskamuseumbirds.org/''>UAM Birds</a>', 1, NULL, NULL, NULL),
(566, 'Sphyrapicus ruber', 286, 1, '<a target=''_blank'' href=''https://www.universityofalaskamuseumbirds.org/''>UAM Birds</a>', 1, NULL, NULL, NULL),
(567, 'Sphyrapicus varius', 286, 1, '<a target=''_blank'' href=''https://www.universityofalaskamuseumbirds.org/''>UAM Birds</a>', 1, NULL, NULL, NULL),
(568, 'Spinus pinus', 287, 1, '<a target=''_blank'' href=''https://www.universityofalaskamuseumbirds.org/''>UAM Birds</a>', 1, NULL, NULL, NULL),
(569, 'Spinus spinus', 287, 1, '<a target=''_blank'' href=''https://www.universityofalaskamuseumbirds.org/''>UAM Birds</a>', 1, NULL, NULL, NULL),
(570, 'Spinus tristis', 287, 1, '<a target=''_blank'' href=''https://www.universityofalaskamuseumbirds.org/''>UAM Birds</a>', 1, NULL, NULL, NULL),
(571, 'Spiza americana', 288, 1, '<a target=''_blank'' href=''https://www.universityofalaskamuseumbirds.org/''>UAM Birds</a>', 1, NULL, NULL, NULL),
(572, 'Spizella breweri', 289, 1, '<a target=''_blank'' href=''https://www.universityofalaskamuseumbirds.org/''>UAM Birds</a>', 1, NULL, NULL, NULL),
(573, 'Spizella pallida', 289, 1, '<a target=''_blank'' href=''https://www.universityofalaskamuseumbirds.org/''>UAM Birds</a>', 1, NULL, NULL, NULL),
(574, 'Spizella passerina', 289, 1, '<a target=''_blank'' href=''https://www.universityofalaskamuseumbirds.org/''>UAM Birds</a>', 1, NULL, NULL, NULL),
(575, 'Spizelloides arborea', 290, 1, '<a target=''_blank'' href=''https://www.universityofalaskamuseumbirds.org/''>UAM Birds</a>', 1, NULL, NULL, NULL),
(576, 'Stelgidopteryx serripennis', 291, 1, '<a target=''_blank'' href=''https://www.universityofalaskamuseumbirds.org/''>UAM Birds</a>', 1, NULL, NULL, NULL),
(577, 'Stenella attenuata', 293, 6, '<a target=''_blank'' href=''https://www.uaf.edu/museum/collections/mammal/current-mammal-species-of/''>UAM Mammals</a>', 1, NULL, NULL, NULL),
(578, 'Stercorarius longicaudus', 294, 1, '<a target=''_blank'' href=''https://www.universityofalaskamuseumbirds.org/''>UAM Birds</a>', 1, NULL, NULL, NULL),
(579, 'Stercorarius maccormicki', 294, 1, '<a target=''_blank'' href=''https://www.universityofalaskamuseumbirds.org/''>UAM Birds</a>', 1, NULL, NULL, NULL),
(580, 'Stercorarius parasiticus', 294, 1, '<a target=''_blank'' href=''https://www.universityofalaskamuseumbirds.org/''>UAM Birds</a>', 1, NULL, NULL, NULL),
(581, 'Stercorarius pomarinus', 294, 1, '<a target=''_blank'' href=''https://www.universityofalaskamuseumbirds.org/''>UAM Birds</a>', 1, NULL, NULL, NULL),
(582, 'Sterna hirundo', 295, 1, '<a target=''_blank'' href=''https://www.universityofalaskamuseumbirds.org/''>UAM Birds</a>', 1, NULL, NULL, NULL),
(583, 'Sterna paradisaea', 295, 1, '<a target=''_blank'' href=''https://www.universityofalaskamuseumbirds.org/''>UAM Birds</a>', 1, NULL, NULL, NULL),
(584, 'Streptopelia decaocto', 296, 1, '<a target=''_blank'' href=''https://www.universityofalaskamuseumbirds.org/''>UAM Birds</a>', 1, NULL, NULL, NULL),
(585, 'Streptopelia orientalis', 296, 1, '<a target=''_blank'' href=''https://www.universityofalaskamuseumbirds.org/''>UAM Birds</a>', 1, NULL, NULL, NULL),
(586, 'Strix nebulosa', 297, 1, '<a target=''_blank'' href=''https://www.universityofalaskamuseumbirds.org/''>UAM Birds</a>', 1, NULL, NULL, NULL),
(587, 'Strix varia', 297, 1, '<a target=''_blank'' href=''https://www.universityofalaskamuseumbirds.org/''>UAM Birds</a>', 1, NULL, NULL, NULL),
(588, 'Sturnella neglecta', 298, 1, '<a target=''_blank'' href=''https://www.universityofalaskamuseumbirds.org/''>UAM Birds</a>', 1, NULL, NULL, NULL),
(589, 'Sturnus vulgaris', 299, 1, '<a target=''_blank'' href=''https://www.universityofalaskamuseumbirds.org/''>UAM Birds</a>', 1, NULL, NULL, NULL),
(590, 'Sula granti', 300, 1, '<a target=''_blank'' href=''https://www.universityofalaskamuseumbirds.org/''>UAM Birds</a>', 1, NULL, NULL, NULL),
(591, 'Sula leucogaster', 300, 1, '<a target=''_blank'' href=''https://www.universityofalaskamuseumbirds.org/''>UAM Birds</a>', 1, NULL, NULL, NULL),
(592, 'Sula sula', 300, 1, '<a target=''_blank'' href=''https://www.universityofalaskamuseumbirds.org/''>UAM Birds</a>', 1, NULL, NULL, NULL),
(593, 'Surnia ulula', 301, 1, '<a target=''_blank'' href=''https://www.universityofalaskamuseumbirds.org/''>UAM Birds</a>', 1, NULL, NULL, NULL),
(594, 'Sylvia curruca', 302, 1, '<a target=''_blank'' href=''https://www.universityofalaskamuseumbirds.org/''>UAM Birds</a>', 1, NULL, NULL, NULL),
(595, 'Synaptomys borealis', 303, 6, '<a target=''_blank'' href=''https://www.uaf.edu/museum/collections/mammal/current-mammal-species-of/''>UAM Mammals</a>', 1, NULL, NULL, NULL),
(596, 'Synthliboramphus antiquus', 304, 1, '<a target=''_blank'' href=''https://www.universityofalaskamuseumbirds.org/''>UAM Birds</a>', 1, NULL, NULL, NULL),
(597, 'Tachycineta bicolor', 305, 1, '<a target=''_blank'' href=''https://www.universityofalaskamuseumbirds.org/''>UAM Birds</a>', 1, NULL, NULL, NULL),
(598, 'Tachycineta thalassina', 305, 1, '<a target=''_blank'' href=''https://www.universityofalaskamuseumbirds.org/''>UAM Birds</a>', 1, NULL, NULL, NULL),
(599, 'Tamiasciurus hudsonicus', 306, 6, '<a target=''_blank'' href=''https://www.uaf.edu/museum/collections/mammal/current-mammal-species-of/''>UAM Mammals</a>', 1, NULL, NULL, NULL),
(600, 'Taricha granulosa', 307, 5, '<a target=''_blank'' href=''https://faunaofalaska.org/wp-content/uploads/MacDonald_2010_Amphibians_and_Reptiles_of_Alaska.pdf''>MacDonald 2010</a>', 1, TRUE, FALSE, NULL),
(601, 'Tarsiger cyanurus', 308, 1, '<a target=''_blank'' href=''https://www.universityofalaskamuseumbirds.org/''>UAM Birds</a>', 1, NULL, NULL, NULL),
(602, 'Thalassarche salvini', 309, 1, '<a target=''_blank'' href=''https://www.universityofalaskamuseumbirds.org/''>UAM Birds</a>', 1, NULL, NULL, NULL),
(603, 'Toxostoma rufum', 310, 1, '<a target=''_blank'' href=''https://www.universityofalaskamuseumbirds.org/''>UAM Birds</a>', 1, NULL, NULL, NULL),
(604, 'Tringa brevipes', 311, 1, '<a target=''_blank'' href=''https://www.universityofalaskamuseumbirds.org/''>UAM Birds</a>', 1, NULL, NULL, NULL),
(605, 'Tringa erythropus', 311, 1, '<a target=''_blank'' href=''https://www.universityofalaskamuseumbirds.org/''>UAM Birds</a>', 1, NULL, NULL, NULL),
(606, 'Tringa flavipes', 311, 1, '<a target=''_blank'' href=''https://www.universityofalaskamuseumbirds.org/''>UAM Birds</a>', 1, NULL, NULL, NULL),
(607, 'Tringa glareola', 311, 1, '<a target=''_blank'' href=''https://www.universityofalaskamuseumbirds.org/''>UAM Birds</a>', 1, NULL, NULL, NULL),
(608, 'Tringa incana', 311, 1, '<a target=''_blank'' href=''https://www.universityofalaskamuseumbirds.org/''>UAM Birds</a>', 1, NULL, NULL, NULL),
(609, 'Tringa melanoleuca', 311, 1, '<a target=''_blank'' href=''https://www.universityofalaskamuseumbirds.org/''>UAM Birds</a>', 1, NULL, NULL, NULL),
(610, 'Tringa nebularia', 311, 1, '<a target=''_blank'' href=''https://www.universityofalaskamuseumbirds.org/''>UAM Birds</a>', 1, NULL, NULL, NULL),
(611, 'Tringa ochropus', 311, 1, '<a target=''_blank'' href=''https://www.universityofalaskamuseumbirds.org/''>UAM Birds</a>', 1, NULL, NULL, NULL),
(612, 'Tringa semipalmata', 311, 1, '<a target=''_blank'' href=''https://www.universityofalaskamuseumbirds.org/''>UAM Birds</a>', 1, NULL, NULL, NULL),
(613, 'Tringa solitaria', 311, 1, '<a target=''_blank'' href=''https://www.universityofalaskamuseumbirds.org/''>UAM Birds</a>', 1, NULL, NULL, NULL),
(614, 'Tringa stagnatilis', 311, 1, '<a target=''_blank'' href=''https://www.universityofalaskamuseumbirds.org/''>UAM Birds</a>', 1, NULL, NULL, NULL),
(615, 'Troglodytes pacificus', 312, 1, '<a target=''_blank'' href=''https://www.universityofalaskamuseumbirds.org/''>UAM Birds</a>', 1, NULL, NULL, NULL),
(616, 'Turdus eunomus', 313, 1, '<a target=''_blank'' href=''https://www.universityofalaskamuseumbirds.org/''>UAM Birds</a>', 1, NULL, NULL, NULL),
(617, 'Turdus iliacus', 313, 1, '<a target=''_blank'' href=''https://www.universityofalaskamuseumbirds.org/''>UAM Birds</a>', 1, NULL, NULL, NULL),
(618, 'Turdus migratorius', 313, 1, '<a target=''_blank'' href=''https://www.universityofalaskamuseumbirds.org/''>UAM Birds</a>', 1, NULL, NULL, NULL),
(619, 'Turdus obscurus', 313, 1, '<a target=''_blank'' href=''https://www.universityofalaskamuseumbirds.org/''>UAM Birds</a>', 1, NULL, NULL, NULL),
(620, 'Turdus philomelos', 313, 1, '<a target=''_blank'' href=''https://www.universityofalaskamuseumbirds.org/''>UAM Birds</a>', 1, NULL, NULL, NULL),
(621, 'Turdus pilaris', 313, 1, '<a target=''_blank'' href=''https://www.universityofalaskamuseumbirds.org/''>UAM Birds</a>', 1, NULL, NULL, NULL),
(622, 'Tympanuchus phasianellus', 314, 1, '<a target=''_blank'' href=''https://www.universityofalaskamuseumbirds.org/''>UAM Birds</a>', 1, NULL, NULL, NULL),
(623, 'Tyrannus forficatus', 315, 1, '<a target=''_blank'' href=''https://www.universityofalaskamuseumbirds.org/''>UAM Birds</a>', 1, NULL, NULL, NULL),
(624, 'Tyrannus melancholicus', 315, 1, '<a target=''_blank'' href=''https://www.universityofalaskamuseumbirds.org/''>UAM Birds</a>', 1, NULL, NULL, NULL),
(625, 'Tyrannus tyrannus', 315, 1, '<a target=''_blank'' href=''https://www.universityofalaskamuseumbirds.org/''>UAM Birds</a>', 1, NULL, NULL, NULL),
(626, 'Tyrannus verticalis', 315, 1, '<a target=''_blank'' href=''https://www.universityofalaskamuseumbirds.org/''>UAM Birds</a>', 1, NULL, NULL, NULL),
(627, 'Upupa epops', 316, 1, '<a target=''_blank'' href=''https://www.universityofalaskamuseumbirds.org/''>UAM Birds</a>', 1, NULL, NULL, NULL),
(628, 'Uria aalge', 317, 1, '<a target=''_blank'' href=''https://www.universityofalaskamuseumbirds.org/''>UAM Birds</a>', 1, NULL, NULL, NULL),
(629, 'Uria lomvia', 317, 1, '<a target=''_blank'' href=''https://www.universityofalaskamuseumbirds.org/''>UAM Birds</a>', 1, NULL, NULL, NULL),
(630, 'Urocitellus parryii', 318, 6, '<a target=''_blank'' href=''https://www.uaf.edu/museum/collections/mammal/current-mammal-species-of/''>UAM Mammals</a>', 1, NULL, NULL, NULL),
(631, 'Ursus americanus', 319, 6, '<a target=''_blank'' href=''https://www.uaf.edu/museum/collections/mammal/current-mammal-species-of/''>UAM Mammals</a>', 1, NULL, NULL, NULL),
(632, 'Ursus arctos', 319, 6, '<a target=''_blank'' href=''https://www.uaf.edu/museum/collections/mammal/current-mammal-species-of/''>UAM Mammals</a>', 1, NULL, NULL, NULL),
(633, 'Ursus maritimus', 319, 6, '<a target=''_blank'' href=''https://www.uaf.edu/museum/collections/mammal/current-mammal-species-of/''>UAM Mammals</a>', 1, NULL, NULL, NULL),
(634, 'Vanellus vanellus', 320, 1, '<a target=''_blank'' href=''https://www.universityofalaskamuseumbirds.org/''>UAM Birds</a>', 1, NULL, NULL, NULL),
(635, 'Vireo cassinii', 321, 1, '<a target=''_blank'' href=''https://www.universityofalaskamuseumbirds.org/''>UAM Birds</a>', 1, NULL, NULL, NULL),
(636, 'Vireo gilvus', 321, 1, '<a target=''_blank'' href=''https://www.universityofalaskamuseumbirds.org/''>UAM Birds</a>', 1, NULL, NULL, NULL),
(637, 'Vireo olivaceus', 321, 1, '<a target=''_blank'' href=''https://www.universityofalaskamuseumbirds.org/''>UAM Birds</a>', 1, NULL, NULL, NULL),
(638, 'Vireo philadelphicus', 321, 1, '<a target=''_blank'' href=''https://www.universityofalaskamuseumbirds.org/''>UAM Birds</a>', 1, NULL, NULL, NULL),
(639, 'Vireo solitarius', 321, 1, '<a target=''_blank'' href=''https://www.universityofalaskamuseumbirds.org/''>UAM Birds</a>', 1, NULL, NULL, NULL),
(640, 'Vulpes lagopus', 322, 6, '<a target=''_blank'' href=''https://www.uaf.edu/museum/collections/mammal/current-mammal-species-of/''>UAM Mammals</a>', 1, NULL, NULL, NULL),
(641, 'Vulpes vulpes', 322, 6, '<a target=''_blank'' href=''https://www.uaf.edu/museum/collections/mammal/current-mammal-species-of/''>UAM Mammals</a>', 1, NULL, NULL, NULL),
(642, 'Xanthocephalus xanthocephalus', 323, 1, '<a target=''_blank'' href=''https://www.universityofalaskamuseumbirds.org/''>UAM Birds</a>', 1, NULL, NULL, NULL),
(643, 'Xema sabini', 324, 1, '<a target=''_blank'' href=''https://www.universityofalaskamuseumbirds.org/''>UAM Birds</a>', 1, NULL, NULL, NULL),
(644, 'Xenus cinereus', 325, 1, '<a target=''_blank'' href=''https://www.universityofalaskamuseumbirds.org/''>UAM Birds</a>', 1, NULL, NULL, NULL),
(645, 'Zalophus californianus', 326, 6, '<a target=''_blank'' href=''https://www.uaf.edu/museum/collections/mammal/current-mammal-species-of/''>UAM Mammals</a>', 1, NULL, NULL, NULL),
(646, 'Zapus hudsonius', 327, 6, '<a target=''_blank'' href=''https://www.uaf.edu/museum/collections/mammal/current-mammal-species-of/''>UAM Mammals</a>', 1, NULL, NULL, NULL),
(647, 'Zapus princeps', 327, 6, '<a target=''_blank'' href=''https://www.uaf.edu/museum/collections/mammal/current-mammal-species-of/''>UAM Mammals</a>', 1, NULL, NULL, NULL),
(648, 'Zenaida asiatica', 328, 1, '<a target=''_blank'' href=''https://www.universityofalaskamuseumbirds.org/''>UAM Birds</a>', 1, NULL, NULL, NULL),
(649, 'Zenaida macroura', 328, 1, '<a target=''_blank'' href=''https://www.universityofalaskamuseumbirds.org/''>UAM Birds</a>', 1, NULL, NULL, NULL),
(650, 'Ziphius cavirostris', 329, 6, '<a target=''_blank'' href=''https://www.uaf.edu/museum/collections/mammal/current-mammal-species-of/''>UAM Mammals</a>', 1, NULL, NULL, NULL),
(651, 'Zonotrichia albicollis', 330, 1, '<a target=''_blank'' href=''https://www.universityofalaskamuseumbirds.org/''>UAM Birds</a>', 1, NULL, NULL, NULL),
(652, 'Zonotrichia atricapilla', 330, 1, '<a target=''_blank'' href=''https://www.universityofalaskamuseumbirds.org/''>UAM Birds</a>', 1, NULL, NULL, NULL),
(653, 'Zonotrichia leucophrys', 330, 1, '<a target=''_blank'' href=''https://www.universityofalaskamuseumbirds.org/''>UAM Birds</a>', 1, NULL, NULL, NULL),
(654, 'Zonotrichia querula', 330, 1, '<a target=''_blank'' href=''https://www.universityofalaskamuseumbirds.org/''>UAM Birds</a>', 1, NULL, NULL, NULL);

-- Insert data into synonyms taxon table
INSERT INTO taxon_synonyms (synonym_id, name_given, taxon_status_id, accepted_id) VALUES
(367, 'Acanthis flammea', 1, 1),
(368, 'Acanthis hornemanni', 1, 2),
(13, 'Accipiter gentilis', 1, 3),
(14, 'Accipiter striatus', 1, 4),
(325, 'Acrocephalus dumetorum', 1, 5),
(326, 'Acrocephalus schoenobaenus', 1, 6),
(202, 'Actitis hypoleucos', 1, 7),
(203, 'Actitis macularius', 1, 8),
(667, 'Aechmophorus occidentalis', 1, 9),
(140, 'Aegialitis nivosa', 4, 156),
(141, 'Aegialitis occidentalis', 4, 156),
(702, 'Aegolius acadicus', 1, 10),
(703, 'Aegolius funereus', 1, 11),
(121, 'Aethia cristatella', 1, 12),
(122, 'Aethia psittacula', 1, 13),
(123, 'Aethia pusilla', 1, 14),
(124, 'Aethia pygmaea', 1, 15),
(409, 'Agelaius phoeniceus', 1, 16),
(28, 'Aix sponsa', 1, 17),
(328, 'Alauda arvensis', 1, 18),
(734, 'Alces alces', 1, 19),
(735, 'Alces americana', 4, 19),
(736, 'Alces americanus', 4, 19),
(125, 'Alle alle', 1, 20),
(741, 'Alopex lagopus', 4, 640),
(10, 'Ambystoma gracile', 1, 21),
(11, 'Ambystoma macrodactylum', 1, 22),
(536, 'Ammospiza leconteii', 1, 23),
(29, 'Anas acuta', 1, 24),
(30, 'Anas americana', 4, 343),
(31, 'Anas clypeata', 4, 562),
(32, 'Anas crecca', 1, 25),
(33, 'Anas cyanoptera', 4, 563),
(34, 'Anas discors', 4, 564),
(35, 'Anas falcata', 4, 344),
(36, 'Anas falcata', 4, 344),
(37, 'Anas formosa', 4, 548),
(38, 'Anas nigra', 4, 357),
(39, 'Anas penelope', 4, 345),
(40, 'Anas platyrhynchos', 1, 26),
(41, 'Anas poecilorhyncha', 4, 28),
(42, 'Anas querquedula', 4, 565),
(43, 'Anas rubripes', 1, 27),
(44, 'Anas strepera', 4, 346),
(45, 'Anas zonorhyncha', 1, 28),
(1, 'Anaxyrus boreas', 1, 29),
(46, 'Anser albifrons', 1, 30),
(47, 'Anser caerulescens', 1, 31),
(48, 'Anser canagicus', 1, 32),
(49, 'Anser erythropus', 1, 33),
(50, 'Anser fabalis', 1, 34),
(51, 'Anser rossii', 1, 35),
(52, 'Anser serrirostris', 1, 36),
(433, 'Anthus cervinus', 1, 37),
(434, 'Anthus gustavi', 1, 38),
(435, 'Anthus hodgsoni', 1, 39),
(436, 'Anthus rubescens', 1, 40),
(437, 'Anthus trivialis', 1, 41),
(316, 'Antigone canadensis', 1, 42),
(115, 'Antrostomus vociferus', 1, 43),
(204, 'Aphriza virgata', 4, 126),
(100, 'Apus apus', 1, 44),
(101, 'Apus pacificus', 1, 45),
(15, 'Aquila chrysaetos', 1, 46),
(106, 'Archilochus anna', 4, 129),
(107, 'Archilochus calliope', 4, 529),
(108, 'Archilochus colubris', 1, 47),
(109, 'Archilocus costae', 4, 130),
(764, 'Arctocephalus townsendi', 1, 48),
(633, 'Ardea alba', 1, 49),
(634, 'Ardea cinerea', 1, 50),
(635, 'Ardea herodias', 1, 51),
(636, 'Ardea intermedia', 1, 52),
(685, 'Ardenna bulleri', 1, 53),
(686, 'Ardenna carneipes', 1, 54),
(687, 'Ardenna creatopus', 1, 55),
(688, 'Ardenna gravis', 1, 56),
(689, 'Ardenna grisea', 1, 57),
(690, 'Ardenna tenuirostris', 1, 58),
(637, 'Ardeola bacchus', 1, 59),
(205, 'Arenaria interpres', 1, 60),
(206, 'Arenaria melanocephala', 1, 61),
(327, 'Arundinax aedon', 1, 62),
(704, 'Asio flammeus', 1, 63),
(705, 'Asio otus', 1, 64),
(53, 'Aythya affinis', 1, 65),
(54, 'Aythya americana', 1, 66),
(55, 'Aythya collaris', 1, 67),
(56, 'Aythya ferina', 1, 68),
(57, 'Aythya fuligula', 1, 69),
(58, 'Aythya marila', 1, 70),
(59, 'Aythya valisineria', 1, 71),
(784, 'Balaena japonica', 4, 223),
(785, 'Balaena mysticetus', 1, 72),
(787, 'Balaenoptera acutorostrata', 1, 73),
(788, 'Balaenoptera borealis', 1, 74),
(789, 'Balaenoptera musculus', 1, 75),
(790, 'Balaenoptera physalus', 1, 76),
(207, 'Bartramia longicauda', 1, 77),
(809, 'Berardius bairdii', 1, 78),
(729, 'Bison bison', 1, 79),
(330, 'Bombycilla cedrorum', 1, 80),
(331, 'Bombycilla garrulus', 1, 81),
(299, 'Bonasa umbellus', 1, 82),
(2, 'Boreas boreas', 4, 29),
(730, 'Bos bison', 4, 79),
(638, 'Botaurus lentiginosus', 1, 83),
(126, 'Brachyramphus brevirostris', 1, 84),
(127, 'Brachyramphus marmoratus', 1, 85),
(128, 'Brachyramphus perdix', 1, 86),
(60, 'Branta bernicla', 1, 87),
(61, 'Branta canadensis', 1, 88),
(62, 'Branta hutchinsii', 1, 89),
(706, 'Bubo scandiaca', 3, 90),
(707, 'Bubo scandiacus', 1, 90),
(708, 'Bubo virginianus', 1, 91),
(639, 'Bubulcus ibis', 1, 92),
(63, 'Bucephala albeola', 1, 93),
(64, 'Bucephala clangula', 1, 94),
(65, 'Bucephala islandica', 1, 95),
(3, 'Bufo boreas', 4, 29),
(16, 'Buteo jamaicensis', 1, 96),
(17, 'Buteo lagopus', 1, 97),
(18, 'Buteo rufinus', 1, 98),
(19, 'Buteo swainsoni', 1, 99),
(640, 'Butorides virescens', 1, 100),
(332, 'Calcarius lapponicus', 1, 101),
(333, 'Calcarius pictus', 1, 102),
(208, 'Calidris acuminata', 1, 103),
(209, 'Calidris alba', 1, 104),
(210, 'Calidris alpina', 1, 105),
(211, 'Calidris bairdii', 1, 106),
(212, 'Calidris canutus', 1, 107),
(213, 'Calidris falcinellus', 1, 108),
(214, 'Calidris ferruginea', 1, 109),
(215, 'Calidris fuscicollis', 1, 110),
(216, 'Calidris himantopus', 1, 111),
(217, 'Calidris maritima', 1, 112),
(218, 'Calidris mauri', 1, 113),
(219, 'Calidris melanotos', 1, 114),
(220, 'Calidris minuta', 1, 115),
(221, 'Calidris minutilla', 1, 116),
(222, 'Calidris ptilocnemis', 1, 117),
(223, 'Calidris pugnax', 1, 118),
(224, 'Calidris pusilla', 1, 119),
(225, 'Calidris pygmea', 1, 120),
(226, 'Calidris ruficollis', 1, 121),
(227, 'Calidris subminuta', 1, 122),
(228, 'Calidris subruficollis', 1, 123),
(229, 'Calidris temminckii', 1, 124),
(230, 'Calidris tenuirostris', 1, 125),
(231, 'Calidris virgata', 1, 126),
(441, 'Calliope calliope', 1, 127),
(765, 'Callorhinus ursinus', 1, 128),
(110, 'Calypte anna', 1, 129),
(111, 'Calypte costae', 1, 130),
(742, 'Canis latrans', 1, 131),
(743, 'Canis lupus', 1, 132),
(232, 'Capella delicata', 4, 243),
(116, 'Caprimulgus indicus jotaka', 4, 133),
(117, 'Caprimulgus jotaka', 1, 133),
(118, 'Caprimulgus vociferus', 4, 43),
(483, 'Cardellina canadensis', 1, 134),
(484, 'Cardellina pusilla', 1, 135),
(369, 'Carduelis flammea', 4, 1),
(370, 'Carduelis hornemanni', 4, 2),
(371, 'Carduelis pinus', 4, 568),
(372, 'Carduelis sinica', 4, 162),
(373, 'Carduelis spinus', 4, 569),
(374, 'Carduelis tristis', 4, 570),
(884, 'Caretta caretta', 1, 136),
(375, 'Carpodacus cassinii', 4, 266),
(376, 'Carpodacus erythrinus', 1, 137),
(377, 'Carpodacus mexicanus', 4, 267),
(378, 'Carpodacus purpureus', 4, 268),
(379, 'Carpodacus roseus', 1, 138),
(641, 'Casmerodius alba', 4, 49),
(843, 'Castor canadensis', 1, 139),
(26, 'Cathartes aura', 1, 140),
(574, 'Catharus fuscescens', 1, 141),
(575, 'Catharus guttatus', 1, 142),
(576, 'Catharus minimus', 1, 143),
(577, 'Catharus ustulatus', 1, 144),
(233, 'Catoptrophorus semipalmata', 4, 612),
(129, 'Cepphus columba', 1, 145),
(130, 'Cepphus grylle', 1, 146),
(131, 'Cerorhinca monocerata', 1, 147),
(347, 'Certhia americana', 1, 148),
(348, 'Certhia familiaris', 4, 148),
(737, 'Cervus canadensis', 1, 149),
(738, 'Cervus elaphus', 4, 149),
(102, 'Chaetura pelagica', 1, 150),
(103, 'Chaetura vauxi', 1, 151),
(142, 'Charadrius alexandrinus', 4, 156),
(143, 'Charadrius dubius', 1, 152),
(144, 'Charadrius hiaticula', 1, 153),
(145, 'Charadrius mongolus', 1, 154),
(146, 'Charadrius morinellus', 1, 155),
(147, 'Charadrius nivosus', 1, 156),
(148, 'Charadrius occidentalis', 4, 156),
(149, 'Charadrius semipalmatus', 1, 157),
(150, 'Charadrius vociferus', 1, 158),
(885, 'Chelonia mydas', 1, 159),
(66, 'Chen caerulescens', 4, 31),
(67, 'Chen canagica', 4, 32),
(68, 'Chen rossii', 4, 35),
(160, 'Chlidonias leucopterus', 1, 160),
(161, 'Chlidonias niger', 1, 161),
(380, 'Chloris sinica', 1, 162),
(537, 'Chondestes grammacus', 1, 163),
(119, 'Chordeiles acutipennis', 1, 164),
(120, 'Chordeiles minor', 1, 165),
(162, 'Chroicocephalus philadelphia', 1, 166),
(163, 'Chroicocephalus ridibundus', 1, 167),
(349, 'Cinclus mexicanus', 1, 168),
(20, 'Circus cyaneus hudsonius', 4, 169),
(21, 'Circus hudsonius', 1, 169),
(570, 'Cistothorus palustris', 1, 170),
(875, 'Citellus parryii', 4, 630),
(69, 'Clangula hyemalis', 1, 171),
(844, 'Clethrionomys gapperi', 4, 392),
(845, 'Clethrionomys rutilus', 4, 393),
(381, 'Coccothraustes coccothraustes', 1, 172),
(382, 'Coccothraustes vespertinus', 1, 173),
(289, 'Coccyzus americanus', 1, 174),
(653, 'Colaptes auratus', 1, 175),
(282, 'Columba fasciata', 4, 435),
(603, 'Contopus borealis', 4, 176),
(604, 'Contopus cooperi', 1, 176),
(605, 'Contopus sordidulus', 1, 177),
(350, 'Corvus brachyrhynchos', 1, 178),
(351, 'Corvus caurinus', 4, 178),
(352, 'Corvus corax', 1, 179),
(234, 'Crocethia alba', 4, 104),
(290, 'Cuculus canorus', 1, 180),
(291, 'Cuculus optatus', 1, 181),
(292, 'Cuculus saturatus', 4, 181),
(442, 'Cyanecula svecica', 1, 182),
(353, 'Cyanocitta stelleri', 1, 183),
(132, 'Cyclorrhynchus psittacula', 4, 13),
(70, 'Cygnus buccinator', 1, 184),
(71, 'Cygnus columbianus', 1, 185),
(72, 'Cygnus cygnus', 1, 186),
(104, 'Cypseloides niger', 1, 187),
(768, 'Cystophora cristata', 1, 188),
(397, 'Delichon urbica', 3, 189),
(398, 'Delichon urbicum', 1, 189),
(802, 'Delphinapterus leucas', 1, 190),
(300, 'Dendragapus canadensis', 4, 227),
(301, 'Dendragapus fuliginosus', 1, 191),
(302, 'Dendragapus obscurus', 4, 191),
(654, 'Dendrocopos major', 1, 192),
(485, 'Dendroica caerulescens', 4, 532),
(486, 'Dendroica castanea', 4, 533),
(487, 'Dendroica coronata', 4, 534),
(488, 'Dendroica discolor', 4, 535),
(489, 'Dendroica magnolia', 4, 537),
(490, 'Dendroica nigrescens', 4, 538),
(491, 'Dendroica palmarum', 4, 539),
(492, 'Dendroica pensylvanica', 4, 540),
(493, 'Dendroica petechia', 4, 541),
(494, 'Dendroica striata', 4, 543),
(495, 'Dendroica tigrina', 4, 544),
(496, 'Dendroica townsendi', 4, 545),
(497, 'Dendroica virens', 4, 546),
(887, 'Dermochelys coriacea', 1, 193),
(846, 'Dicrostonyx exsul', 4, 194),
(847, 'Dicrostonyx groenlandicus', 1, 194),
(848, 'Dicrostonyx nelsoni', 4, 194),
(849, 'Dicrostonyx torquatus', 4, 194),
(850, 'Dicrostonyx unalascensis', 4, 194),
(672, 'Diomedea albatrus', 4, 456),
(673, 'Diomedea cauta salvini', 4, 602),
(674, 'Diomedea immutabilis', 4, 457),
(675, 'Diomedea nigripes', 4, 458),
(410, 'Dolichonyx oryzivorus', 1, 195),
(655, 'Dryobates pubescens', 1, 196),
(656, 'Dryobates villosus', 1, 197),
(430, 'Dumetella carolinensis', 1, 198),
(642, 'Egretta alba', 4, 49),
(643, 'Egretta eulophotes', 1, 199),
(644, 'Egretta garzetta', 1, 200),
(645, 'Egretta intermedia', 4, 52),
(646, 'Egretta tricolor', 1, 201),
(358, 'Emberiza aureola', 1, 202),
(359, 'Emberiza chrysophrys', 1, 203),
(360, 'Emberiza elegans', 1, 204),
(361, 'Emberiza leucocephalos', 1, 205),
(362, 'Emberiza pallasi', 1, 206),
(363, 'Emberiza pusilla', 1, 207),
(364, 'Emberiza rustica', 1, 208),
(365, 'Emberiza schoeniclus', 1, 209),
(366, 'Emberiza variabilis', 1, 210),
(606, 'Empidonax alnorum', 1, 211),
(607, 'Empidonax brewsteri', 4, 217),
(608, 'Empidonax difficilis', 1, 212),
(609, 'Empidonax flaviventris', 1, 213),
(610, 'Empidonax hammondii', 1, 214),
(611, 'Empidonax minimus', 1, 215),
(612, 'Empidonax oberholseri', 1, 216),
(613, 'Empidonax occidentalis', 4, 212),
(614, 'Empidonax pusillus', 4, 215),
(615, 'Empidonax traillii', 1, 217),
(616, 'Empidonax wrightii', 4, 216),
(750, 'Enhydra lutris', 1, 218),
(329, 'Eremophila alpestris', 1, 219),
(871, 'Erethizon dorsatum', 1, 220),
(769, 'Erignathus barbatus', 1, 221),
(800, 'Eschrichtius gibbosus', 4, 222),
(801, 'Eschrichtius robustus', 1, 222),
(786, 'Eubalaena japonica', 1, 223),
(151, 'Eudromias morinellus', 4, 155),
(766, 'Eumetopias jubatus', 1, 224),
(411, 'Euphagus carolinus', 1, 225),
(412, 'Euphagus cyanocephalus', 1, 226),
(235, 'Eurynorhynchus pygmeus', 4, 120),
(303, 'Falcipennis canadensis', 1, 227),
(293, 'Falco columbarius', 1, 228),
(294, 'Falco peregrinus', 1, 229),
(295, 'Falco rusticolus', 1, 230),
(296, 'Falco sparverius', 1, 231),
(297, 'Falco subbuteo', 1, 232),
(298, 'Falco tinnunculus', 1, 233),
(746, 'Felis canadensis', 4, 342),
(747, 'Felis concolor', 4, 505),
(443, 'Ficedula albicilla', 1, 234),
(444, 'Ficedula narcissina', 1, 235),
(445, 'Ficedula parva', 4, 234),
(133, 'Fratercula cirrhata', 1, 236),
(134, 'Fratercula corniculata', 1, 237),
(720, 'Fregata magnificens', 1, 238),
(383, 'Fringilla montifringilla', 1, 239),
(320, 'Fulica americana', 1, 240),
(321, 'Fulica atra', 1, 241),
(691, 'Fulmarus glacialis', 1, 242),
(236, 'Gallinago delicata', 1, 243),
(237, 'Gallinago gallinago', 1, 244),
(238, 'Gallinago solitaria', 1, 245),
(239, 'Gallinago stenura', 1, 246),
(322, 'Gallinula chloropus', 1, 247),
(310, 'Gavia adamsii', 1, 248),
(311, 'Gavia arctica', 1, 249),
(312, 'Gavia arctica pacifica', 4, 251),
(313, 'Gavia immer', 1, 250),
(314, 'Gavia pacifica', 1, 251),
(315, 'Gavia stellata', 1, 252),
(498, 'Geothlypis philadelphia', 1, 253),
(499, 'Geothlypis tolmiei', 1, 254),
(500, 'Geothlypis trichas', 1, 255),
(157, 'Glareola maldivarum', 1, 256),
(709, 'Glaucidium gnoma', 1, 257),
(876, 'Glaucomys sabrinus', 1, 258),
(792, 'Globicephala macrorhynchus', 1, 259),
(793, 'Grampus griseus', 1, 260),
(317, 'Grus canadensis', 4, 42),
(318, 'Grus grus', 1, 261),
(319, 'Grus monacha', 1, 262),
(336, 'Guiraca caerulea', 4, 433),
(751, 'Gulo gulo', 1, 263),
(752, 'Gulo luscus', 4, 263),
(158, 'Haematopus bachmani', 1, 264),
(159, 'Haematopus ostralegus', 1, 265),
(384, 'Haemorhous cassinii', 1, 266),
(385, 'Haemorhous mexicanus', 1, 267),
(386, 'Haemorhous purpureus', 1, 268),
(22, 'Haliaeetus albicilla', 1, 269),
(23, 'Haliaeetus leucocephalus', 1, 270),
(24, 'Haliaeetus pelagicus', 1, 271),
(425, 'Helopsaltes certhiola', 1, 272),
(426, 'Helopsaltes ochotensis', 1, 273),
(387, 'Hesperiphona vespertinus', 4, 173),
(240, 'Heteroscelus brevipes', 4, 604),
(241, 'Heteroscelus incanus', 4, 608),
(200, 'Himantopus himantopus', 1, 274),
(105, 'Hirundapus caudacutus', 1, 275),
(399, 'Hirundo pyrrhonota', 4, 441),
(400, 'Hirundo rustica', 1, 276),
(401, 'Hirundo thalassinus', 4, 598),
(73, 'Histrionicus histrionicus', 1, 277),
(770, 'Histriophoca fasciata', 1, 278),
(681, 'Hydrobates furcatus', 1, 279),
(682, 'Hydrobates leucorhous', 1, 280),
(164, 'Hydrocoloeus minutus', 1, 281),
(165, 'Hydroprogne caspia', 1, 282),
(578, 'Hylocichla aliciae', 4, 143),
(579, 'Hylocichla aonalaschkae', 4, 142),
(580, 'Hylocichla fuscescens', 4, 141),
(581, 'Hylocichla guttata', 4, 142),
(582, 'Hylocichla minima', 4, 143),
(583, 'Hylocichla mustelina', 1, 283),
(584, 'Hylocichla ustulata', 4, 144),
(166, 'Ichthyaetus ichthyaetus', 1, 284),
(413, 'Icterus bullockii', 1, 285),
(414, 'Icterus cucullatus', 1, 286),
(415, 'Icterus spurius', 1, 287),
(402, 'Iridoprocne bicolor', 4, 597),
(647, 'Ixobrychus sinensis', 1, 288),
(585, 'Ixoreus naevius', 1, 289),
(538, 'Junco hyemalis', 1, 290),
(657, 'Jynx torquilla', 1, 291),
(806, 'Kogia breviceps', 1, 292),
(794, 'Lagenorhynchus obliquidens', 4, 522),
(304, 'Lagopus lagopus', 1, 293),
(305, 'Lagopus leucura', 1, 294),
(306, 'Lagopus leucurus', 3, 294),
(307, 'Lagopus muta', 1, 295),
(308, 'Lagopus mutus', 3, 295),
(420, 'Lanius borealis', 1, 296),
(421, 'Lanius collurio', 1, 297),
(422, 'Lanius cristatus', 1, 298),
(423, 'Lanius excubitor borealis', 4, 296),
(424, 'Lanius septentrionalis', 4, 296),
(167, 'Larus argentatus', 1, 299),
(168, 'Larus atricilla', 4, 323),
(169, 'Larus californicus', 1, 300),
(170, 'Larus canus', 1, 301),
(171, 'Larus crassirostris', 1, 302),
(172, 'Larus delawarensis', 1, 303),
(173, 'Larus fuscus', 1, 304),
(174, 'Larus glaucescens', 1, 305),
(175, 'Larus glaucoides', 1, 306),
(176, 'Larus heermanni', 1, 307),
(177, 'Larus hyperboreus', 1, 308),
(178, 'Larus leucopterus', 4, 306),
(179, 'Larus marinus', 1, 309),
(180, 'Larus minutus', 4, 281),
(181, 'Larus occidentalis', 1, 310),
(182, 'Larus philadelphia', 4, 166),
(183, 'Larus pipixcan', 4, 324),
(184, 'Larus ridibundus', 4, 167),
(185, 'Larus schistisagus', 1, 311),
(446, 'Larvivora cyane', 1, 312),
(447, 'Larvivora sibilans', 1, 313),
(812, 'Lasionycteris noctivagans', 1, 314),
(813, 'Lasiurus cinereus', 1, 315),
(501, 'Leiothlypis celata', 1, 316),
(502, 'Leiothlypis peregrina', 1, 317),
(503, 'Leiothlypis ruficapilla', 1, 318),
(851, 'Lemmus sibiricus', 4, 319),
(852, 'Lemmus trimucronatus', 1, 319),
(886, 'Lepidochelys olivacea', 1, 320),
(838, 'Lepus americanus', 1, 321),
(839, 'Lepus arcticus', 4, 322),
(840, 'Lepus othus', 1, 322),
(186, 'Leucophaeus atricilla', 1, 323),
(187, 'Leucophaeus pipixcan', 1, 324),
(388, 'Leucosticte arctoa', 1, 325),
(389, 'Leucosticte tephrocotis', 1, 326),
(242, 'Limicola falcinellus', 4, 108),
(243, 'Limnodromus griseus', 1, 327),
(244, 'Limnodromus scolopaceus', 1, 328),
(245, 'Limosa fedoa', 1, 329),
(246, 'Limosa haemastica', 1, 330),
(247, 'Limosa lapponica', 1, 331),
(248, 'Limosa limosa', 1, 332),
(795, 'Lissodelphis borealis', 1, 333),
(5, 'Lithobates sylvaticus', 1, 334),
(427, 'Locustella fluviatilis', 1, 335),
(428, 'Locustella lanceolata', 1, 336),
(429, 'Locustella ochotensis', 4, 273),
(753, 'Lontra canadensis', 1, 337),
(74, 'Lophodytes cucullatus', 1, 338),
(337, 'Loxia caerulea', 4, 433),
(390, 'Loxia curvirostra', 1, 339),
(391, 'Loxia leucoptera', 1, 340),
(135, 'Lunda cirrhata', 4, 236),
(448, 'Luscinia calliope', 4, 127),
(449, 'Luscinia cyane', 4, 312),
(450, 'Luscinia sibilans', 4, 313),
(451, 'Luscinia svecica', 4, 182),
(754, 'Lutra canadensis', 4, 337),
(249, 'Lymnocryptes minimus', 1, 341),
(748, 'Lynx canadensis', 1, 342),
(75, 'Mareca americana', 1, 343),
(76, 'Mareca falcata', 1, 344),
(77, 'Mareca penelope', 1, 345),
(78, 'Mareca strepera', 1, 346),
(877, 'Marmota broweri', 1, 347),
(878, 'Marmota caligata', 1, 348),
(879, 'Marmota caligata broweri', 4, 347),
(880, 'Marmota monax', 1, 349),
(755, 'Martes americana', 1, 350),
(756, 'Martes americana caurina', 4, 351),
(757, 'Martes caurina', 1, 351),
(758, 'Martes pennanti', 1, 352),
(288, 'Megaceryle alcyon', 1, 353),
(791, 'Megaptera novaeangliae', 1, 354),
(710, 'Megascops kennicottii', 1, 355),
(658, 'Melanerpes lewis', 1, 356),
(79, 'Melanitta americana', 1, 357),
(80, 'Melanitta deglandi', 1, 358),
(81, 'Melanitta fusca deglandi', 4, 358),
(82, 'Melanitta fusca stejnegeri', 4, 360),
(83, 'Melanitta nigra', 4, 357),
(84, 'Melanitta perspicillata', 1, 359),
(85, 'Melanitta stejnegeri', 1, 360),
(539, 'Melospiza georgiana', 1, 361),
(540, 'Melospiza lincolnii', 1, 362),
(541, 'Melospiza melodia', 1, 363),
(86, 'Mergellus albellus', 1, 364),
(87, 'Mergus merganser', 1, 365),
(88, 'Mergus serrator', 1, 366),
(586, 'Merula solitaria', 4, 142),
(648, 'Mesophoyx intermedia', 4, 52),
(810, 'Mesoplodon stejnegeri', 1, 367),
(853, 'Microtus abbreviatus', 4, 369),
(854, 'Microtus amakensis', 4, 370),
(855, 'Microtus coronarius', 4, 368),
(856, 'Microtus longicaudus', 1, 368),
(857, 'Microtus miurus', 1, 369),
(858, 'Microtus oeconomus', 1, 370),
(859, 'Microtus pennsylvanicus', 1, 371),
(860, 'Microtus xanthognathus', 1, 372),
(25, 'Milvus migrans', 1, 373),
(431, 'Mimus polyglottos', 1, 374),
(771, 'Mirounga angustirostris', 1, 375),
(504, 'Mniotilta varia', 1, 376),
(416, 'Molothrus ater', 1, 377),
(803, 'Monodon monoceros', 1, 378),
(438, 'Motacilla alba', 1, 379),
(439, 'Motacilla cinerea', 1, 380),
(440, 'Motacilla tschutschensis', 1, 381),
(872, 'Mus musculus', 1, 382),
(452, 'Muscicapa albicilla', 4, 234),
(453, 'Muscicapa dauurica', 1, 383),
(454, 'Muscicapa griseisticta', 1, 384),
(587, 'Muscicapa guttata', 4, 142),
(455, 'Muscicapa parva', 4, 234),
(456, 'Muscicapa sibirica', 1, 385),
(457, 'Muscicapa striata', 1, 386),
(617, 'Muscivora forficatus', 4, 623),
(759, 'Mustela erminea', 1, 387),
(760, 'Mustela nivalis', 1, 388),
(761, 'Mustela vison', 4, 400),
(588, 'Myadestes townsendi', 1, 389),
(618, 'Myiarchus cinerascens', 1, 390),
(619, 'Myiarchus crinitus', 1, 391),
(861, 'Myodes gapperi', 1, 392),
(862, 'Myodes rutilus', 1, 393),
(814, 'Myotis californicus', 1, 394),
(815, 'Myotis evotis', 2, 395),
(816, 'Myotis keenii', 4, 395),
(817, 'Myotis lucifugus', 1, 396),
(818, 'Myotis volans', 1, 397),
(819, 'Myotis yumanensis', 1, 398),
(863, 'Neotoma cinerea', 1, 399),
(762, 'Neovison vison', 1, 400),
(711, 'Ninox japonica', 1, 401),
(712, 'Ninox scutulata', 4, 401),
(354, 'Nucifraga columbiana', 1, 402),
(250, 'Numenius americanus', 1, 403),
(251, 'Numenius borealis', 1, 404),
(252, 'Numenius madagascariensis', 1, 405),
(253, 'Numenius minutus', 1, 406),
(254, 'Numenius phaeopus', 1, 407),
(255, 'Numenius tahitiensis', 1, 408),
(620, 'Nuttallornis cooperi', 4, 176),
(713, 'Nyctea scandiaca', 4, 90),
(649, 'Nycticorax nycticorax', 1, 409),
(683, 'Oceanodroma furcata', 4, 279),
(684, 'Oceanodroma leucorhoa', 4, 280),
(842, 'Ochotona collaris', 1, 410),
(763, 'Odobenus rosmarus', 1, 411),
(739, 'Odocoileus hemionus', 1, 412),
(458, 'Oenanthe oenanthe', 1, 413),
(459, 'Oenanthe pleschanka', 1, 414),
(89, 'Oidemia americana', 4, 357),
(864, 'Ondatra zibethicus', 1, 415),
(188, 'Onychoprion aleuticus', 1, 416),
(189, 'Onychoprion fuscatus', 1, 417),
(505, 'Oporornis philadelphia', 4, 253),
(506, 'Oporornis tolmiei', 4, 254),
(796, 'Orcinus orca', 1, 418),
(731, 'Oreamnos americanus', 1, 419),
(507, 'Oreothlypis celata', 4, 316),
(508, 'Oreothlypis peregrina', 4, 317),
(509, 'Oreothlypis ruficapilla', 4, 318),
(841, 'Oryctolagus cuniculus', 1, 420),
(714, 'Otus kennicottii', 4, 355),
(715, 'Otus sunia', 1, 421),
(732, 'Ovibos moschatus', 1, 422),
(733, 'Ovis dalli', 1, 423),
(90, 'Oxyura jamaicensis', 1, 424),
(190, 'Pagophila eburnea', 1, 425),
(772, 'Pagophilus groenlandicus', 1, 426),
(27, 'Pandion haliaetus', 1, 427),
(510, 'Parkesia noveboracensis', 1, 428),
(511, 'Parula americana', 4, 531),
(465, 'Parus atricapillus', 4, 487),
(466, 'Parus cinctus', 4, 488),
(467, 'Parus gambeli', 4, 489),
(468, 'Parus hudsonicus', 4, 490),
(469, 'Parus rufescens', 4, 491),
(555, 'Passer domesticus', 1, 429),
(542, 'Passerculus sandwichensis', 1, 430),
(543, 'Passerella iliaca', 1, 431),
(338, 'Passerina amoena', 1, 432),
(339, 'Passerina caerulea', 1, 433),
(340, 'Passerina cyanea', 1, 434),
(283, 'Patagioenas fasciata', 1, 435),
(650, 'Pelecanus erythrorhynchos', 1, 436),
(651, 'Pelecanus occidentalis', 1, 437),
(470, 'Penthestes atricapillus', 4, 487),
(471, 'Penthestes cinctus', 4, 488),
(472, 'Penthestes gambeli', 4, 489),
(473, 'Penthestes hudsonicus', 4, 490),
(474, 'Penthestes rufescens', 4, 491),
(355, 'Perisoreus canadensis', 1, 438),
(865, 'Peromyscus keeni', 1, 439),
(866, 'Peromyscus maniculatus', 1, 440),
(403, 'Petrochelidon pyrrhonota', 1, 441),
(721, 'Phalacrocorax auritus', 1, 442),
(722, 'Phalacrocorax pelagicus', 1, 443),
(723, 'Phalacrocorax penicillatus', 1, 444),
(724, 'Phalacrocorax urile', 1, 445),
(256, 'Phalaropus fulicaria', 3, 446),
(257, 'Phalaropus fulicarius', 1, 446),
(258, 'Phalaropus lobatus', 1, 447),
(259, 'Phalaropus tricolor', 1, 448),
(867, 'Phenacomys intermedius', 1, 449),
(341, 'Pheucticus ludovicianus', 1, 450),
(342, 'Pheucticus melanocephalus', 1, 451),
(260, 'Philomachus pugnax', 4, 118),
(773, 'Phoca fasciata', 4, 278),
(774, 'Phoca groenlandica', 4, 426),
(775, 'Phoca hispida', 4, 506),
(776, 'Phoca largha', 1, 452),
(777, 'Phoca vitulina', 1, 453),
(804, 'Phocoena phocoena', 1, 454),
(805, 'Phocoenoides dalli', 1, 455),
(676, 'Phoebastria albatrus', 1, 456),
(677, 'Phoebastria immutabilis', 1, 457),
(678, 'Phoebastria nigripes', 1, 458),
(460, 'Phoenicurus phoenicurus', 1, 459),
(556, 'Phylloscopus borealis', 1, 460),
(557, 'Phylloscopus collybita', 1, 461),
(558, 'Phylloscopus examinandus', 1, 462),
(559, 'Phylloscopus fuscatus', 1, 463),
(560, 'Phylloscopus inornatus', 1, 464),
(561, 'Phylloscopus proregulus', 1, 465),
(562, 'Phylloscopus sibilatrix', 1, 466),
(563, 'Phylloscopus trochilus', 1, 467),
(807, 'Physeter catodon', 4, 468),
(808, 'Physeter macrocephalus', 1, 468),
(356, 'Pica hudsonia', 1, 469),
(357, 'Pica pica', 4, 469),
(659, 'Picoides arcticus', 1, 470),
(660, 'Picoides dorsalis', 1, 471),
(661, 'Picoides pubescens', 4, 196),
(662, 'Picoides tridactylus', 4, 471),
(663, 'Picoides villosus', 4, 197),
(664, 'Picus tridactylus', 4, 471),
(392, 'Pinicola enucleator', 1, 472),
(544, 'Pipilo maculatus', 1, 473),
(343, 'Piranga ludoviciana', 1, 474),
(344, 'Piranga olivacea', 1, 475),
(345, 'Pitylus lazulus', 4, 433),
(334, 'Plectrophenax hyperboreus', 1, 476),
(335, 'Plectrophenax nivalis', 1, 477),
(652, 'Plegadis chihi', 1, 478),
(152, 'Pluvialis apricaria', 1, 479),
(153, 'Pluvialis dominica', 1, 480),
(154, 'Pluvialis fulva', 1, 481),
(155, 'Pluvialis squatarola', 1, 482),
(668, 'Podiceps auritus', 1, 483),
(669, 'Podiceps grisegena', 1, 484),
(670, 'Podiceps nigricollis', 1, 485),
(671, 'Podilymbus podiceps', 1, 486),
(475, 'Poecile atricapilla', 3, 487),
(476, 'Poecile atricapillus', 1, 487),
(477, 'Poecile cincta', 3, 488),
(478, 'Poecile cinctus', 1, 488),
(479, 'Poecile gambeli', 1, 489),
(480, 'Poecile hudsonica', 3, 490),
(481, 'Poecile hudsonicus', 1, 490),
(482, 'Poecile rufescens', 1, 491),
(91, 'Polysticta stelleri', 1, 492),
(545, 'Pooecetes gramineus', 1, 493),
(323, 'Porzana carolina', 1, 494),
(779, 'Procyon lotor', 1, 495),
(404, 'Progne subis', 1, 496),
(564, 'Prunella montanella', 1, 497),
(4, 'Pseudacris regilla', 1, 498),
(797, 'Pseudorca crassidens', 1, 499),
(692, 'Pterodroma cookii', 1, 500),
(693, 'Pterodroma inexpectata', 1, 501),
(694, 'Pterodroma solandri', 1, 502),
(136, 'Ptychoramphus aleuticus', 1, 503),
(695, 'Puffinus bulleri', 4, 53),
(696, 'Puffinus carneipes', 4, 54),
(697, 'Puffinus creatopus', 4, 55),
(698, 'Puffinus gravis', 4, 56),
(699, 'Puffinus griseus', 4, 57),
(700, 'Puffinus puffinus', 1, 504),
(701, 'Puffinus tenuirostris', 4, 58),
(749, 'Puma concolor', 1, 505),
(778, 'Pusa hispida', 1, 506),
(393, 'Pyrrhula pyrrhula', 1, 507),
(417, 'Quiscalus quiscula', 1, 508),
(324, 'Rallus limicola', 1, 509),
(6, 'Rana aurora', 1, 510),
(7, 'Rana luteiventris', 1, 511),
(8, 'Rana pretiosa', 4, 511),
(9, 'Rana sylvatica', 4, 334),
(740, 'Rangifer tarandus', 1, 512),
(873, 'Rattus norvegicus', 1, 513),
(874, 'Rattus rattus', 1, 514),
(201, 'Recurvirostra americana', 1, 515),
(565, 'Regulus calendula', 1, 516),
(566, 'Regulus satrapa', 1, 517),
(191, 'Rhodostethia rosea', 1, 518),
(405, 'Riparia riparia', 1, 519),
(192, 'Rissa brevirostris', 1, 520),
(193, 'Rissa tridactyla', 1, 521),
(798, 'Sagmatias obliquidens', 2, 522),
(571, 'Salpinctes obsoletus', 1, 523),
(461, 'Saxicola torquata', 3, 524),
(462, 'Saxicola torquatus', 1, 524),
(621, 'Sayornis nigricans', 1, 525),
(622, 'Sayornis phoebe', 1, 526),
(623, 'Sayornis saya', 1, 527),
(261, 'Scolopax delicata', 4, 243),
(512, 'Seiurus aurocapilla', 1, 528),
(513, 'Seiurus aurocapillus', 3, 528),
(514, 'Seiurus noveboracensis', 4, 428),
(112, 'Selasphorus rufus', 1, 530),
(515, 'Setophaga americana', 1, 531),
(516, 'Setophaga caerulescens', 1, 532),
(517, 'Setophaga castanea', 1, 533),
(518, 'Setophaga coronata', 1, 534),
(519, 'Setophaga discolor', 1, 535),
(520, 'Setophaga dominica', 1, 536),
(521, 'Setophaga magnolia', 1, 537),
(522, 'Setophaga nigrescens', 1, 538),
(523, 'Setophaga palmarum', 1, 539),
(524, 'Setophaga pensylvanica', 1, 540),
(525, 'Setophaga petechia', 1, 541),
(526, 'Setophaga ruticilla', 1, 542),
(527, 'Setophaga striata', 1, 543),
(528, 'Setophaga tigrina', 1, 544),
(529, 'Setophaga townsendi', 1, 545),
(530, 'Setophaga virens', 1, 546),
(589, 'Sialia currucoides', 1, 547),
(92, 'Sibirionetta formosa', 1, 548),
(567, 'Sitta canadensis', 1, 549),
(93, 'Somateria fischeri', 1, 550),
(94, 'Somateria mollissima', 1, 551),
(95, 'Somateria spectabilis', 1, 552),
(820, 'Sorex alaskanus', 4, 557),
(821, 'Sorex arcticus', 4, 560),
(822, 'Sorex cinereus', 1, 553),
(823, 'Sorex cinereus ugyunak', 4, 561),
(824, 'Sorex eximius', 1, 554),
(825, 'Sorex hoyi', 4, 554),
(826, 'Sorex hydrodromus', 4, 559),
(827, 'Sorex jacksoni', 1, 555),
(828, 'Sorex minutissimus', 1, 556),
(829, 'Sorex monticola', 4, 558),
(830, 'Sorex monticolus', 4, 558),
(831, 'Sorex navigator', 1, 557),
(832, 'Sorex obscurus', 1, 558),
(833, 'Sorex palustris', 4, 557),
(834, 'Sorex pribilofensis', 1, 559),
(835, 'Sorex tundrensis', 1, 560),
(836, 'Sorex ugyunak', 1, 561),
(837, 'Sorex yukonicus', 4, 556),
(96, 'Spatula clypeata', 1, 562),
(97, 'Spatula cyanoptera', 1, 563),
(98, 'Spatula discors', 1, 564),
(99, 'Spatula querquedula', 1, 565),
(881, 'Spermophilus parryii', 4, 630),
(665, 'Sphyrapicus ruber', 1, 566),
(666, 'Sphyrapicus varius', 1, 567),
(394, 'Spinus pinus', 1, 568),
(395, 'Spinus spinus', 1, 569),
(396, 'Spinus tristis', 1, 570),
(346, 'Spiza americana', 1, 571),
(546, 'Spizella arborea', 4, 575),
(547, 'Spizella breweri', 1, 572),
(548, 'Spizella pallida', 1, 573),
(549, 'Spizella passerina', 1, 574),
(550, 'Spizelloides arborea', 1, 575),
(262, 'Steganopus tricolor', 4, 448),
(406, 'Stelgidopteryx serripennis', 1, 576),
(113, 'Stellula calliope', 4, 529),
(114, 'Stellula calliope', 1, 529),
(799, 'Stenella attenuata', 1, 577),
(278, 'Stercorarius longicaudus', 1, 578),
(279, 'Stercorarius maccormicki', 1, 579),
(280, 'Stercorarius parasiticus', 1, 580),
(281, 'Stercorarius pomarinus', 1, 581),
(194, 'Sterna aleutica', 4, 416),
(195, 'Sterna caspia', 4, 282),
(196, 'Sterna fuscata', 4, 417),
(197, 'Sterna hirundo', 1, 582),
(198, 'Sterna paradisaea', 1, 583),
(284, 'Streptopelia decaocto', 1, 584),
(285, 'Streptopelia orientalis', 1, 585),
(716, 'Strix nebulosa', 1, 586),
(717, 'Strix scutulata', 4, 401),
(718, 'Strix varia', 1, 587),
(418, 'Sturnella neglecta', 1, 588),
(568, 'Sturnus vulgaris', 1, 589),
(725, 'Sula granti', 1, 590),
(726, 'Sula leucogaster', 1, 591),
(727, 'Sula sula', 1, 592),
(719, 'Surnia ulula', 1, 593),
(569, 'Sylvia curruca', 1, 594),
(868, 'Synaptomys borealis', 1, 595),
(463, 'Synornis joulaimus', 4, 234),
(137, 'Synthliboramphus antiquus', 1, 596),
(407, 'Tachycineta bicolor', 1, 597),
(408, 'Tachycineta thalassina', 1, 598),
(882, 'Tamiasciurus hudsonicus', 1, 599),
(12, 'Taricha granulosa', 1, 600),
(464, 'Tarsiger cyanurus', 1, 601),
(780, 'Thalarctos maritimus', 4, 633),
(679, 'Thalassarche cauta salvini', 4, 602),
(680, 'Thalassarche salvini', 1, 602),
(432, 'Toxostoma rufum', 1, 603),
(263, 'Tringa brevipes', 1, 604),
(264, 'Tringa cinerea', 4, 644),
(265, 'Tringa erythropus', 1, 605),
(266, 'Tringa flavipes', 1, 606),
(267, 'Tringa glareola', 1, 607),
(268, 'Tringa hypoleucos', 4, 7),
(269, 'Tringa incana', 1, 608),
(270, 'Tringa melanoleuca', 1, 609),
(271, 'Tringa nebularia', 1, 610),
(272, 'Tringa ochropus', 1, 611),
(273, 'Tringa semipalmata', 1, 612),
(274, 'Tringa solitaria', 1, 613),
(275, 'Tringa stagnatilis', 1, 614),
(572, 'Troglodytes pacificus', 1, 615),
(573, 'Troglodytes troglodytes', 4, 615),
(276, 'Tryngites subruficollis', 4, 123),
(590, 'Turdus aliciae', 4, 143),
(591, 'Turdus aonalaschkae', 4, 142),
(592, 'Turdus eunomus', 1, 616),
(593, 'Turdus fuscescens', 4, 141),
(594, 'Turdus iliacus', 1, 617),
(595, 'Turdus migratorius', 1, 618),
(596, 'Turdus minimus', 4, 143),
(597, 'Turdus naumanni', 4, 616),
(598, 'Turdus obscurus', 1, 619),
(599, 'Turdus philomelos', 1, 620),
(600, 'Turdus pilaris', 1, 621),
(601, 'Turdus ustulatus', 4, 144),
(309, 'Tympanuchus phasianellus', 1, 622),
(624, 'Tyrannus forficatus', 1, 623),
(625, 'Tyrannus melancholicus', 1, 624),
(626, 'Tyrannus tyrannus', 1, 625),
(627, 'Tyrannus verticalis', 1, 626),
(728, 'Upupa epops', 1, 627),
(138, 'Uria aalge', 1, 628),
(139, 'Uria lomvia', 1, 629),
(883, 'Urocitellus parryii', 1, 630),
(781, 'Ursus americanus', 1, 631),
(782, 'Ursus arctos', 1, 632),
(783, 'Ursus maritimus', 1, 633),
(156, 'Vanellus vanellus', 1, 634),
(531, 'Vermivora celata', 4, 316),
(532, 'Vermivora peregrina', 4, 317),
(533, 'Vermivora ruficapilla', 4, 318),
(628, 'Vireo cassinii', 1, 635),
(629, 'Vireo gilvus', 1, 636),
(630, 'Vireo olivaceus', 1, 637),
(631, 'Vireo philadelphicus', 1, 638),
(632, 'Vireo solitarius', 1, 639),
(744, 'Vulpes lagopus', 1, 640),
(745, 'Vulpes vulpes', 1, 641),
(534, 'Wilsonia canadensis', 4, 134),
(535, 'Wilsonia pusilla', 4, 135),
(419, 'Xanthocephalus xanthocephalus', 1, 642),
(199, 'Xema sabini', 1, 643),
(277, 'Xenus cinereus', 1, 644),
(767, 'Zalophus californianus', 1, 645),
(869, 'Zapus hudsonius', 1, 646),
(870, 'Zapus princeps', 1, 647),
(286, 'Zenaida asiatica', 1, 648),
(287, 'Zenaida macroura', 1, 649),
(811, 'Ziphius cavirostris', 1, 650),
(551, 'Zonotrichia albicollis', 1, 651),
(552, 'Zonotrichia atricapilla', 1, 652),
(553, 'Zonotrichia leucophrys', 1, 653),
(554, 'Zonotrichia querula', 1, 654),
(602, 'Zoothera naevia', 4, 289);

-- Commit transaction
COMMIT TRANSACTION;
