-- -*- coding: utf-8 -*-
-- ---------------------------------------------------------------------------
-- Insert taxonomy data
-- Author: Timm Nawrocki & Amanda Droghini, Alaska Center for Conservation Science
-- Last Updated:  2022-08-03
-- Usage: Script should be executed in a PostgreSQL 12 database.
-- Description: "Insert taxonomy data" pushes data from the taxonomy editing tables into the database server. The script "Build taxonomy tables" should be run prior to this script to start with empty, properly formatted tables.
-- ---------------------------------------------------------------------------

-- Initialize transaction
START TRANSACTION;


-- Insert data into class table
INSERT INTO class (class_id, class) VALUES
(1, 'Amphibia'),
(2, 'Aves'),
(3, 'Mammalia'),
(4, 'Reptilia');

-- Insert data into order table
INSERT INTO tax_order (order_id, tax_order) VALUES
(1, 'Accipitriformes'),
(2, 'Anseriformes'),
(3, 'Anura'),
(4, 'Apodiformes'),
(5, 'Artiodactyla'),
(6, 'Caprimulgiformes'),
(7, 'Carnivora'),
(8, 'Caudata'),
(9, 'Cetacea'),
(10, 'Charadriiformes'),
(11, 'Chiroptera'),
(12, 'Columbiformes'),
(13, 'Coraciiformes'),
(14, 'Cuculiformes'),
(15, 'Eulipotyphla'),
(16, 'Falconiformes'),
(17, 'Galliformes'),
(18, 'Gaviiformes'),
(19, 'Gruiformes'),
(20, 'Lagomorpha'),
(21, 'Passeriformes'),
(22, 'Pelecaniformes'),
(23, 'Piciformes'),
(24, 'Podicipediformes'),
(25, 'Procellariiformes'),
(26, 'Rodentia'),
(27, 'Strigiformes'),
(28, 'Suliformes'),
(29, 'Testudines'),
(30, 'Upupiformes');

-- Insert data into family table
INSERT INTO family (family_id, family) VALUES
(1, 'Accipitridae'),
(2, 'Acrocephalidae'),
(3, 'Alaudidae'),
(4, 'Alcedinidae'),
(5, 'Alcidae'),
(6, 'Ambystomatidae'),
(7, 'Anatidae'),
(8, 'Apodidae'),
(9, 'Ardeidae'),
(10, 'Balaenidae'),
(11, 'Balaenopteridae'),
(12, 'Bombycillidae'),
(13, 'Bovidae'),
(14, 'Bufonidae'),
(15, 'Calcariidae'),
(16, 'Canidae'),
(17, 'Caprimulgidae'),
(18, 'Cardinalidae'),
(19, 'Castoridae'),
(20, 'Cathartidae'),
(21, 'Certhiidae'),
(22, 'Cervidae'),
(23, 'Charadriidae'),
(24, 'Chelonidae'),
(25, 'Cinclidae'),
(26, 'Columbidae'),
(27, 'Corvidae'),
(28, 'Cricetidae'),
(29, 'Cuculidae'),
(30, 'Delphinidae'),
(31, 'Dermochelyidae'),
(32, 'Diomedeidae'),
(33, 'Dipodidae'),
(34, 'Emberizidae'),
(35, 'Erethizontidae'),
(36, 'Eschrichtiidae'),
(37, 'Falconidae'),
(38, 'Felidae'),
(39, 'Fregatidae'),
(40, 'Fringillidae'),
(41, 'Gaviidae'),
(42, 'Glareolidae'),
(43, 'Gruidae'),
(44, 'Haematopodidae'),
(45, 'Hirundinidae'),
(46, 'Hydrobatidae'),
(47, 'Hylidae'),
(48, 'Icteridae'),
(49, 'Laniidae'),
(50, 'Laridae'),
(51, 'Leporidae'),
(52, 'Locustellidae'),
(53, 'Mimidae'),
(54, 'Monodontidae'),
(55, 'Motacillidae'),
(56, 'Muridae'),
(57, 'Muscicapidae'),
(58, 'Mustelidae'),
(59, 'Ochotonidae'),
(60, 'Odobenidae'),
(61, 'Otariidae'),
(62, 'Pandionidae'),
(63, 'Paridae'),
(64, 'Parulidae'),
(65, 'Passerellidae'),
(66, 'Passeridae'),
(67, 'Pelecanidae'),
(68, 'Phalacrocoracidae'),
(69, 'Phasianidae'),
(70, 'Phocidae'),
(71, 'Phocoenidae'),
(72, 'Phylloscopidae'),
(73, 'Physeteridae'),
(74, 'Picidae'),
(75, 'Podicipedidae'),
(76, 'Procellariidae'),
(77, 'Procyonidae'),
(78, 'Prunellidae'),
(79, 'Rallidae'),
(80, 'Ranidae'),
(81, 'Recurvirostridae'),
(82, 'Regulidae'),
(83, 'Salamandridae'),
(84, 'Sciuridae'),
(85, 'Scolopacidae'),
(86, 'Sittidae'),
(87, 'Soricidae'),
(88, 'Stercorariidae'),
(89, 'Strigidae'),
(90, 'Sturnidae'),
(91, 'Sulidae'),
(92, 'Sylviidae'),
(93, 'Threskiornithidae'),
(94, 'Trochilidae'),
(95, 'Troglodytidae'),
(96, 'Turdidae'),
(97, 'Tyrannidae'),
(98, 'Upupidae'),
(99, 'Ursidae'),
(100, 'Vespertilionidae'),
(101, 'Vireonidae'),
(102, 'Ziphiidae');

-- Insert data into taxon status table
INSERT INTO taxon_status (taxon_status_id, taxon_status) VALUES
(1, 'accepted'),
(2, 'provisional'),
(3, 'spelling variant'),
(4, 'synonym');

-- Insert data into taxon level table
INSERT INTO taxon_level (level_id, level) VALUES
(1, 'species');

-- Insert data into taxon source table
INSERT INTO taxon_source (taxon_source_id, taxon_source, citation) VALUES
(1, 'Colella et al. 2021', 'Colella, J. P., L. M. Frederick, S. L. Talbot, and J. A. Cook. 2021. Extrinsically reinforced hybrid speciation within Holarctic ermine (<i>Mustela</i> spp.) produces an insular endemic. Diversity and Distributions 27(4):747–762. <a target=''_blank'' href=''https://doi.org/10.1111/ddi.13234''>https://doi.org/10.1111/ddi.13234</a>'),
(2, 'Gibson et al. 2022', 'Gibson, D. D., L. H. DeCicco, N. R. Hajdukovich, S. C. Heinl, A. J. Lang, R. L. Scher, T. G. Tobish Jr., and J. J. Withrow. 2022. Checklist of Alaska Birds. 28th edition. Alaska Checklist Committee, University of Alaska, Fairbanks, AK, USA. Available: <a target=''_blank'' href=''https://www.universityofalaskamuseumbirds.org/''>https://www.universityofalaskamuseumbirds.org</a>'),
(3, 'Hope et al. 2020', 'Hope, A. G., R. B. Stephens, S. D. Mueller, V. V. Tkach, and J. R. Demboski. 2020. Speciation of North American pygmy shrews (Eulipotyphla: Soricidae) supports spatial but not temporal congruence of diversification among boreal species. Biological Journal of the Linnean Society 129(1):41–60.'),
(4, 'Lausen et al. 2019', 'Lausen, C. L., M. Proctor, D. W. Nagorsen, D. Burles, D. Paetkau, E. Harmston, K. Blejwas, P. Govindarajulu, and L. Friis. 2019. Population genetics reveal <i>Myotis keenii</i> (Keen’s myotis) and <i>Myotis evotis</i> (long-eared myotis) to be a single species. Canadian Journal of Zoology 97(3):267–279.'),
(5, 'Lepage et al. 2014', 'Lepage D, Vaidya G, Guralnick R. 2014. Avibase - A database system for managing and organizing taxonomic concepts. ZooKeys 135:117–135.'),
(6, 'MacDonald 2010', 'MacDonald, S. O. 2010. The Amphibians and Reptiles of Alaska: A Field Handbook. Version 2.0. University of Alaska, Fairbanks, AK, USA. Available: <a target=''_blank'' href=''https://faunaofalaska.org/wp-content/uploads/MacDonald_2010_Amphibians_and_Reptiles_of_Alaska.pdf''>https://faunaofalaska.org/wp-content/uploads/MacDonald_2010_Amphibians_and_Reptiles_of_Alaska.pdf</a>'),
(7, 'MDD 2021', 'Mammal Diversity Database. 2021. Mammal Diversity Database. Version 1.5. Available: <a target=''_blank'' href=''http://doi.org/10.5281/zenodo.4139818''>http://doi.org/10.5281/zenodo.4139818</a>'),
(8, 'Olson 2021', 'Olson, L. E. 2021. Checklist of the Mammals of Alaska. University of Alaska, Fairbanks, AK, USA. Available: <a target=''_blank'' href=''https://www.uaf.edu/museum/collections/mammal/current-mammal-species-of/''>https://www.uaf.edu/museum/collections/mammal/current-mammal-species-of</a>'),
(9, 'Patterson et al. 2021', 'Patterson, B. D., H. E. Ramirez-Chaves, J. F. Vilela, A. E. R. Soares, and F. Grewe. 2021. On the nomenclature of the American clade of weasels (Carnivora: Mustelidae). Journal of Animal Diversity 3(2):1-8. <a target=''_blank'' href=''http://dx.doi.org/10.52547/JAD.2021.3.2.1''>http://dx.doi.org/10.52547/JAD.2021.3.2.1</a>'),
(10, 'Vollmer et al. 2019', 'Vollmer N. L., E. Ashe, R. L. Brownell, F. Cipriano, J. G. Mead, R. R. Reeves, M. S. Soldevilla, and R. Williams. 2019. Taxonomic revision of the dolphin genus <i>Lagenorhynchus</i>. Marine Mammal Science 35:957–1057.'),
(11, 'Weksler et al. 2010', 'Weksler, M., H. C. Lanier, and L. E. Olson. 2010. Eastern Beringian biogeography: Historical and spatial genetic structure of singing voles in Alaska. Journal of Biogeography 37(8):1414–1431.'),
(12, 'Woodman 2018', 'Woodman, N. 2018. American recent Eulipotyphla: Nesophontids, solendons, moles, and shrews in the New World. Smithsonian Institution Scholarly Press, Washington, D.C., USA.');

-- Insert data into hierarchy table
INSERT INTO hierarchy (hierarchy_id, genus_accepted, family_id, order_id, class_id) VALUES
(1, 'Acanthis', 40, 21, 2),
(2, 'Accipiter', 1, 1, 2),
(3, 'Acrocephalus', 2, 21, 2),
(4, 'Actitis', 85, 10, 2),
(5, 'Aechmophorus', 75, 24, 2),
(6, 'Aegolius', 89, 27, 2),
(7, 'Aethia', 5, 10, 2),
(8, 'Agelaius', 48, 21, 2),
(9, 'Aix', 7, 2, 2),
(10, 'Alauda', 3, 21, 2),
(11, 'Alces', 22, 5, 3),
(12, 'Alle', 5, 10, 2),
(13, 'Ambystoma', 6, 8, 1),
(14, 'Ammospiza', 65, 21, 2),
(15, 'Anas', 7, 2, 2),
(16, 'Anaxyrus', 14, 3, 1),
(17, 'Anser', 7, 2, 2),
(18, 'Anthus', 55, 21, 2),
(19, 'Antigone', 43, 19, 2),
(20, 'Antrostomus', 17, 6, 2),
(21, 'Apus', 8, 4, 2),
(22, 'Aquila', 1, 1, 2),
(23, 'Archilochus', 94, 4, 2),
(24, 'Arctocephalus', 61, 7, 3),
(25, 'Ardea', 9, 22, 2),
(26, 'Ardenna', 76, 25, 2),
(27, 'Ardeola', 9, 22, 2),
(28, 'Arenaria', 85, 10, 2),
(29, 'Arundinax', 2, 21, 2),
(30, 'Asio', 89, 27, 2),
(31, 'Aythya', 7, 2, 2),
(32, 'Balaena', 10, 9, 3),
(33, 'Balaenoptera', 11, 9, 3),
(34, 'Bartramia', 85, 10, 2),
(35, 'Berardius', 102, 9, 3),
(36, 'Bison', 13, 5, 3),
(37, 'Bombycilla', 12, 21, 2),
(38, 'Bonasa', 69, 17, 2),
(39, 'Botaurus', 9, 22, 2),
(40, 'Brachyramphus', 5, 10, 2),
(41, 'Branta', 7, 2, 2),
(42, 'Bubo', 89, 27, 2),
(43, 'Bubulcus', 9, 22, 2),
(44, 'Bucephala', 7, 2, 2),
(45, 'Buteo', 1, 1, 2),
(46, 'Butorides', 9, 22, 2),
(47, 'Calcarius', 15, 21, 2),
(48, 'Calidris', 85, 10, 2),
(49, 'Calliope', 57, 21, 2),
(50, 'Callorhinus', 61, 7, 3),
(51, 'Calypte', 94, 4, 2),
(52, 'Canachites', 69, 17, 2),
(53, 'Canis', 16, 7, 3),
(54, 'Caprimulgus', 17, 6, 2),
(55, 'Cardellina', 64, 21, 2),
(56, 'Caretta', 24, 29, 4),
(57, 'Carpodacus', 40, 21, 2),
(58, 'Castor', 19, 26, 3),
(59, 'Cathartes', 20, 1, 2),
(60, 'Catharus', 96, 21, 2),
(61, 'Cepphus', 5, 10, 2),
(62, 'Cerorhinca', 5, 10, 2),
(63, 'Certhia', 21, 21, 2),
(64, 'Cervus', 22, 5, 3),
(65, 'Chaetura', 8, 4, 2),
(66, 'Charadrius', 23, 10, 2),
(67, 'Chelonia', 24, 29, 4),
(68, 'Chlidonias', 50, 10, 2),
(69, 'Chloris', 40, 21, 2),
(70, 'Chondestes', 65, 21, 2),
(71, 'Chordeiles', 17, 6, 2),
(72, 'Chroicocephalus', 50, 10, 2),
(73, 'Cinclus', 25, 21, 2),
(74, 'Circus', 1, 1, 2),
(75, 'Cistothorus', 95, 21, 2),
(76, 'Clangula', 7, 2, 2),
(77, 'Coccothraustes', 40, 21, 2),
(78, 'Coccyzus', 29, 14, 2),
(79, 'Colaptes', 74, 23, 2),
(80, 'Contopus', 97, 21, 2),
(81, 'Corthylio', 82, 21, 2),
(82, 'Corvus', 27, 21, 2),
(83, 'Cuculus', 29, 14, 2),
(84, 'Cyanecula', 57, 21, 2),
(85, 'Cyanocitta', 27, 21, 2),
(86, 'Cygnus', 7, 2, 2),
(87, 'Cypseloides', 8, 4, 2),
(88, 'Cystophora', 70, 7, 3),
(89, 'Delichon', 45, 21, 2),
(90, 'Delphinapterus', 54, 9, 3),
(91, 'Dendragapus', 69, 17, 2),
(92, 'Dendrocopos', 74, 23, 2),
(93, 'Dermochelys', 31, 29, 4),
(94, 'Dicrostonyx', 28, 26, 3),
(95, 'Dolichonyx', 48, 21, 2),
(96, 'Dryobates', 74, 23, 2),
(97, 'Dumetella', 53, 21, 2),
(98, 'Egretta', 9, 22, 2),
(99, 'Emberiza', 34, 21, 2),
(100, 'Empidonax', 97, 21, 2),
(101, 'Enhydra', 58, 7, 3),
(102, 'Eremophila', 3, 21, 2),
(103, 'Erethizon', 35, 26, 3),
(104, 'Erignathus', 70, 7, 3),
(105, 'Eschrichtius', 36, 9, 3),
(106, 'Eubalaena', 10, 9, 3),
(107, 'Eumetopias', 61, 7, 3),
(108, 'Euphagus', 48, 21, 2),
(109, 'Falco', 37, 16, 2),
(110, 'Ficedula', 57, 21, 2),
(111, 'Fratercula', 5, 10, 2),
(112, 'Fregata', 39, 28, 2),
(113, 'Fringilla', 40, 21, 2),
(114, 'Fulica', 79, 19, 2),
(115, 'Fulmarus', 76, 25, 2),
(116, 'Gallinago', 85, 10, 2),
(117, 'Gallinula', 79, 19, 2),
(118, 'Gavia', 41, 18, 2),
(119, 'Geothlypis', 64, 21, 2),
(120, 'Glareola', 42, 10, 2),
(121, 'Glaucidium', 89, 27, 2),
(122, 'Glaucomys', 84, 26, 3),
(123, 'Globicephala', 30, 9, 3),
(124, 'Grampus', 30, 9, 3),
(125, 'Grus', 43, 19, 2),
(126, 'Gulo', 58, 7, 3),
(127, 'Haematopus', 44, 10, 2),
(128, 'Haemorhous', 40, 21, 2),
(129, 'Haliaeetus', 1, 1, 2),
(130, 'Helopsaltes', 52, 21, 2),
(131, 'Himantopus', 81, 10, 2),
(132, 'Hirundapus', 8, 4, 2),
(133, 'Hirundo', 45, 21, 2),
(134, 'Histrionicus', 7, 2, 2),
(135, 'Histriophoca', 70, 7, 3),
(136, 'Hydrobates', 46, 25, 2),
(137, 'Hydrocoloeus', 50, 10, 2),
(138, 'Hydroprogne', 50, 10, 2),
(139, 'Hylocichla', 96, 21, 2),
(140, 'Ichthyaetus', 50, 10, 2),
(141, 'Icterus', 48, 21, 2),
(142, 'Ixobrychus', 9, 22, 2),
(143, 'Ixoreus', 96, 21, 2),
(144, 'Junco', 65, 21, 2),
(145, 'Jynx', 74, 23, 2),
(146, 'Kogia', 73, 9, 3),
(147, 'Lagopus', 69, 17, 2),
(148, 'Lanius', 49, 21, 2),
(149, 'Larus', 50, 10, 2),
(150, 'Larvivora', 57, 21, 2),
(151, 'Lasionycteris', 100, 11, 3),
(152, 'Lasiurus', 100, 11, 3),
(153, 'Leiothlypis', 64, 21, 2),
(154, 'Lemmus', 28, 26, 3),
(155, 'Lepidochelys', 24, 29, 4),
(156, 'Lepus', 51, 20, 3),
(157, 'Leucophaeus', 50, 10, 2),
(158, 'Leucosticte', 40, 21, 2),
(159, 'Limnodromus', 85, 10, 2),
(160, 'Limosa', 85, 10, 2),
(161, 'Lissodelphis', 30, 9, 3),
(162, 'Lithobates', 80, 3, 1),
(163, 'Locustella', 52, 21, 2),
(164, 'Lontra', 58, 7, 3),
(165, 'Lophodytes', 7, 2, 2),
(166, 'Loxia', 40, 21, 2),
(167, 'Lymnocryptes', 85, 10, 2),
(168, 'Lynx', 38, 7, 3),
(169, 'Mareca', 7, 2, 2),
(170, 'Marmota', 84, 26, 3),
(171, 'Martes', 58, 7, 3),
(172, 'Megaceryle', 4, 13, 2),
(173, 'Megaptera', 11, 9, 3),
(174, 'Megascops', 89, 27, 2),
(175, 'Melanerpes', 74, 23, 2),
(176, 'Melanitta', 7, 2, 2),
(177, 'Melospiza', 65, 21, 2),
(178, 'Mergellus', 7, 2, 2),
(179, 'Mergus', 7, 2, 2),
(180, 'Mesoplodon', 102, 9, 3),
(181, 'Microtus', 28, 26, 3),
(182, 'Milvus', 1, 1, 2),
(183, 'Mimus', 53, 21, 2),
(184, 'Mirounga', 70, 7, 3),
(185, 'Mniotilta', 64, 21, 2),
(186, 'Molothrus', 48, 21, 2),
(187, 'Monodon', 54, 9, 3),
(188, 'Monticola', 57, 21, 2),
(189, 'Motacilla', 55, 21, 2),
(190, 'Mus', 56, 26, 3),
(191, 'Muscicapa', 57, 21, 2),
(192, 'Mustela', 58, 7, 3),
(193, 'Myadestes', 96, 21, 2),
(194, 'Myiarchus', 97, 21, 2),
(195, 'Myodes', 28, 26, 3),
(196, 'Myotis', 100, 11, 3),
(197, 'Nannopterum', 68, 28, 2),
(198, 'Neogale', 58, 7, 3),
(199, 'Neotoma', 28, 26, 3),
(200, 'Ninox', 89, 27, 2),
(201, 'Nucifraga', 27, 21, 2),
(202, 'Numenius', 85, 10, 2),
(203, 'Nycticorax', 9, 22, 2),
(204, 'Ochotona', 59, 20, 3),
(205, 'Odobenus', 60, 7, 3),
(206, 'Odocoileus', 22, 5, 3),
(207, 'Oenanthe', 57, 21, 2),
(208, 'Ondatra', 28, 26, 3),
(209, 'Onychoprion', 50, 10, 2),
(210, 'Orcinus', 30, 9, 3),
(211, 'Oreamnos', 13, 5, 3),
(212, 'Oryctolagus', 51, 20, 3),
(213, 'Otus', 89, 27, 2),
(214, 'Ovibos', 13, 5, 3),
(215, 'Ovis', 13, 5, 3),
(216, 'Oxyura', 7, 2, 2),
(217, 'Pagophila', 50, 10, 2),
(218, 'Pagophilus', 70, 7, 3),
(219, 'Pandion', 62, 1, 2),
(220, 'Parkesia', 64, 21, 2),
(221, 'Passer', 66, 21, 2),
(222, 'Passerculus', 65, 21, 2),
(223, 'Passerella', 65, 21, 2),
(224, 'Passerina', 18, 21, 2),
(225, 'Patagioenas', 26, 12, 2),
(226, 'Pelecanus', 67, 22, 2),
(227, 'Perisoreus', 27, 21, 2),
(228, 'Peromyscus', 28, 26, 3),
(229, 'Petrochelidon', 45, 21, 2),
(230, 'Phalaropus', 85, 10, 2),
(231, 'Phenacomys', 28, 26, 3),
(232, 'Pheucticus', 18, 21, 2),
(233, 'Phoca', 70, 7, 3),
(234, 'Phocoena', 71, 9, 3),
(235, 'Phocoenoides', 71, 9, 3),
(236, 'Phoebastria', 32, 25, 2),
(237, 'Phoenicurus', 57, 21, 2),
(238, 'Phylloscopus', 72, 21, 2),
(239, 'Physeter', 73, 9, 3),
(240, 'Pica', 27, 21, 2),
(241, 'Picoides', 74, 23, 2),
(242, 'Pinicola', 40, 21, 2),
(243, 'Pipilo', 65, 21, 2),
(244, 'Piranga', 18, 21, 2),
(245, 'Plectrophenax', 15, 21, 2),
(246, 'Plegadis', 93, 22, 2),
(247, 'Pluvialis', 23, 10, 2),
(248, 'Podiceps', 75, 24, 2),
(249, 'Podilymbus', 75, 24, 2),
(250, 'Poecile', 63, 21, 2),
(251, 'Polysticta', 7, 2, 2),
(252, 'Pooecetes', 65, 21, 2),
(253, 'Porzana', 79, 19, 2),
(254, 'Procyon', 77, 7, 3),
(255, 'Progne', 45, 21, 2),
(256, 'Prunella', 78, 21, 2),
(257, 'Pseudacris', 47, 3, 1),
(258, 'Pseudorca', 30, 9, 3),
(259, 'Pterodroma', 76, 25, 2),
(260, 'Ptychoramphus', 5, 10, 2),
(261, 'Puffinus', 76, 25, 2),
(262, 'Puma', 38, 7, 3),
(263, 'Pusa', 70, 7, 3),
(264, 'Pyrrhula', 40, 21, 2),
(265, 'Quiscalus', 48, 21, 2),
(266, 'Rallus', 79, 19, 2),
(267, 'Rana', 80, 3, 1),
(268, 'Rangifer', 22, 5, 3),
(269, 'Rattus', 56, 26, 3),
(270, 'Recurvirostra', 81, 10, 2),
(271, 'Regulus', 82, 21, 2),
(272, 'Rhodostethia', 50, 10, 2),
(273, 'Riparia', 45, 21, 2),
(274, 'Rissa', 50, 10, 2),
(275, 'Sagmatias', 30, 9, 3),
(276, 'Salpinctes', 95, 21, 2),
(277, 'Saxicola', 57, 21, 2),
(278, 'Sayornis', 97, 21, 2),
(279, 'Seiurus', 64, 21, 2),
(280, 'Selasphorus', 94, 4, 2),
(281, 'Setophaga', 64, 21, 2),
(282, 'Sialia', 96, 21, 2),
(283, 'Sibirionetta', 7, 2, 2),
(284, 'Sitta', 86, 21, 2),
(285, 'Somateria', 7, 2, 2),
(286, 'Sorex', 87, 15, 3),
(287, 'Spatula', 7, 2, 2),
(288, 'Sphyrapicus', 74, 23, 2),
(289, 'Spinus', 40, 21, 2),
(290, 'Spiza', 18, 21, 2),
(291, 'Spizella', 65, 21, 2),
(292, 'Spizelloides', 65, 21, 2),
(293, 'Stelgidopteryx', 45, 21, 2),
(294, 'Stellula', 94, 4, 2),
(295, 'Stenella', 30, 9, 3),
(296, 'Stercorarius', 88, 10, 2),
(297, 'Sterna', 50, 10, 2),
(298, 'Streptopelia', 26, 12, 2),
(299, 'Strix', 89, 27, 2),
(300, 'Sturnella', 48, 21, 2),
(301, 'Sturnus', 90, 21, 2),
(302, 'Sula', 91, 28, 2),
(303, 'Surnia', 89, 27, 2),
(304, 'Sylvia', 92, 21, 2),
(305, 'Synaptomys', 28, 26, 3),
(306, 'Synthliboramphus', 5, 10, 2),
(307, 'Tachycineta', 45, 21, 2),
(308, 'Tamiasciurus', 84, 26, 3),
(309, 'Taricha', 83, 8, 1),
(310, 'Tarsiger', 57, 21, 2),
(311, 'Thalassarche', 32, 25, 2),
(312, 'Thalasseus', 50, 10, 2),
(313, 'Toxostoma', 53, 21, 2),
(314, 'Tringa', 85, 10, 2),
(315, 'Troglodytes', 95, 21, 2),
(316, 'Turdus', 96, 21, 2),
(317, 'Tympanuchus', 69, 17, 2),
(318, 'Tyrannus', 97, 21, 2),
(319, 'Upupa', 98, 30, 2),
(320, 'Uria', 5, 10, 2),
(321, 'Urile', 68, 28, 2),
(322, 'Urocitellus', 84, 26, 3),
(323, 'Ursus', 99, 7, 3),
(324, 'Vanellus', 23, 10, 2),
(325, 'Vireo', 101, 21, 2),
(326, 'Vulpes', 16, 7, 3),
(327, 'Xanthocephalus', 48, 21, 2),
(328, 'Xema', 50, 10, 2),
(329, 'Xenus', 85, 10, 2),
(330, 'Zalophus', 61, 7, 3),
(331, 'Zapus', 33, 26, 3),
(332, 'Zenaida', 26, 12, 2),
(333, 'Ziphius', 102, 9, 3),
(334, 'Zonotrichia', 65, 21, 2);

-- Insert data into accepted taxon table
INSERT INTO taxon_accepted (accepted_id, name_accepted, name_common, hierarchy_id, taxon_source_id, link_source, level_id, native, non_native, endemic) VALUES
(1, 'Acanthis flammea', 'Common Redpoll', 1, 2, '<a target=''_blank'' href=''https://www.universityofalaskamuseumbirds.org/''>Gibson et al. 2022</a>', 1, NULL, NULL, NULL),
(2, 'Acanthis hornemanni', 'Hoary Redpoll', 1, 2, '<a target=''_blank'' href=''https://www.universityofalaskamuseumbirds.org/''>Gibson et al. 2022</a>', 1, NULL, NULL, NULL),
(3, 'Accipiter gentilis', 'Northern Goshawk', 2, 2, '<a target=''_blank'' href=''https://www.universityofalaskamuseumbirds.org/''>Gibson et al. 2022</a>', 1, NULL, NULL, NULL),
(4, 'Accipiter striatus', 'Sharp-Shinned Hawk', 2, 2, '<a target=''_blank'' href=''https://www.universityofalaskamuseumbirds.org/''>Gibson et al. 2022</a>', 1, NULL, NULL, NULL),
(5, 'Acrocephalus dumetorum', 'Blyth’s Reed Warbler', 3, 2, '<a target=''_blank'' href=''https://www.universityofalaskamuseumbirds.org/''>Gibson et al. 2022</a>', 1, NULL, NULL, NULL),
(6, 'Acrocephalus schoenobaenus', 'Sedge Warbler', 3, 2, '<a target=''_blank'' href=''https://www.universityofalaskamuseumbirds.org/''>Gibson et al. 2022</a>', 1, NULL, NULL, NULL),
(7, 'Actitis hypoleucos', 'Common Sandpiper', 4, 2, '<a target=''_blank'' href=''https://www.universityofalaskamuseumbirds.org/''>Gibson et al. 2022</a>', 1, NULL, NULL, NULL),
(8, 'Actitis macularius', 'Spotted Sandpiper', 4, 2, '<a target=''_blank'' href=''https://www.universityofalaskamuseumbirds.org/''>Gibson et al. 2022</a>', 1, NULL, NULL, NULL),
(9, 'Aechmophorus occidentalis', 'Western Grebe', 5, 2, '<a target=''_blank'' href=''https://www.universityofalaskamuseumbirds.org/''>Gibson et al. 2022</a>', 1, NULL, NULL, NULL),
(10, 'Aegolius acadicus', 'Northern Saw-Whet Owl', 6, 2, '<a target=''_blank'' href=''https://www.universityofalaskamuseumbirds.org/''>Gibson et al. 2022</a>', 1, NULL, NULL, NULL),
(11, 'Aegolius funereus', 'Boreal Owl', 6, 2, '<a target=''_blank'' href=''https://www.universityofalaskamuseumbirds.org/''>Gibson et al. 2022</a>', 1, NULL, NULL, NULL),
(12, 'Aethia cristatella', 'Crested Auklet', 7, 2, '<a target=''_blank'' href=''https://www.universityofalaskamuseumbirds.org/''>Gibson et al. 2022</a>', 1, NULL, NULL, NULL),
(13, 'Aethia psittacula', 'Parakeet Auklet', 7, 2, '<a target=''_blank'' href=''https://www.universityofalaskamuseumbirds.org/''>Gibson et al. 2022</a>', 1, NULL, NULL, NULL),
(14, 'Aethia pusilla', 'Least Auklet', 7, 2, '<a target=''_blank'' href=''https://www.universityofalaskamuseumbirds.org/''>Gibson et al. 2022</a>', 1, NULL, NULL, NULL),
(15, 'Aethia pygmaea', 'Whiskered Auklet', 7, 2, '<a target=''_blank'' href=''https://www.universityofalaskamuseumbirds.org/''>Gibson et al. 2022</a>', 1, NULL, NULL, NULL),
(16, 'Agelaius phoeniceus', 'Red-Winged Blackbird', 8, 2, '<a target=''_blank'' href=''https://www.universityofalaskamuseumbirds.org/''>Gibson et al. 2022</a>', 1, NULL, NULL, NULL),
(17, 'Aix sponsa', 'Wood Duck', 9, 2, '<a target=''_blank'' href=''https://www.universityofalaskamuseumbirds.org/''>Gibson et al. 2022</a>', 1, NULL, NULL, NULL),
(18, 'Alauda arvensis', 'Sky Lark', 10, 2, '<a target=''_blank'' href=''https://www.universityofalaskamuseumbirds.org/''>Gibson et al. 2022</a>', 1, NULL, NULL, NULL),
(19, 'Alces alces', 'Moose', 11, 7, '<a target=''_blank'' href=''http://www.mammaldiversity.org/explore.html#species-id=1006285''>Mammal Diversity Database</a>', 1, NULL, NULL, NULL),
(20, 'Alle alle', 'Dovekie', 12, 2, '<a target=''_blank'' href=''https://www.universityofalaskamuseumbirds.org/''>Gibson et al. 2022</a>', 1, NULL, NULL, NULL),
(21, 'Ambystoma gracile', 'Northwestern Salamander', 13, 6, '<a target=''_blank'' href=''https://faunaofalaska.org/wp-content/uploads/MacDonald_2010_Amphibians_and_Reptiles_of_Alaska.pdf''>MacDonald 2010</a>', 1, TRUE, FALSE, NULL),
(22, 'Ambystoma macrodactylum', 'Long-Toed Salamander', 13, 6, '<a target=''_blank'' href=''https://faunaofalaska.org/wp-content/uploads/MacDonald_2010_Amphibians_and_Reptiles_of_Alaska.pdf''>MacDonald 2010</a>', 1, TRUE, FALSE, NULL),
(23, 'Ammospiza leconteii', 'LeConte’s Sparrow', 14, 2, '<a target=''_blank'' href=''https://www.universityofalaskamuseumbirds.org/''>Gibson et al. 2022</a>', 1, NULL, NULL, NULL),
(24, 'Anas acuta', 'Northern Pintail', 15, 2, '<a target=''_blank'' href=''https://www.universityofalaskamuseumbirds.org/''>Gibson et al. 2022</a>', 1, NULL, NULL, NULL),
(25, 'Anas crecca', 'Green-Winged Teal', 15, 2, '<a target=''_blank'' href=''https://www.universityofalaskamuseumbirds.org/''>Gibson et al. 2022</a>', 1, NULL, NULL, NULL),
(26, 'Anas platyrhynchos', 'Mallard', 15, 2, '<a target=''_blank'' href=''https://www.universityofalaskamuseumbirds.org/''>Gibson et al. 2022</a>', 1, NULL, NULL, NULL),
(27, 'Anas rubripes', 'American Black Duck', 15, 2, '<a target=''_blank'' href=''https://www.universityofalaskamuseumbirds.org/''>Gibson et al. 2022</a>', 1, NULL, NULL, NULL),
(28, 'Anas zonorhyncha', 'Eastern Spot-Billed Duck', 15, 2, '<a target=''_blank'' href=''https://www.universityofalaskamuseumbirds.org/''>Gibson et al. 2022</a>', 1, NULL, NULL, NULL),
(29, 'Anaxyrus boreas', 'Western Toad', 16, 6, '<a target=''_blank'' href=''https://faunaofalaska.org/wp-content/uploads/MacDonald_2010_Amphibians_and_Reptiles_of_Alaska.pdf''>MacDonald 2010</a>', 1, TRUE, FALSE, NULL),
(30, 'Anser albifrons', 'Greater White-Fronted Goose', 17, 2, '<a target=''_blank'' href=''https://www.universityofalaskamuseumbirds.org/''>Gibson et al. 2022</a>', 1, NULL, NULL, NULL),
(31, 'Anser caerulescens', 'Snow Goose', 17, 2, '<a target=''_blank'' href=''https://www.universityofalaskamuseumbirds.org/''>Gibson et al. 2022</a>', 1, NULL, NULL, NULL),
(32, 'Anser canagicus', 'Emperor Goose', 17, 2, '<a target=''_blank'' href=''https://www.universityofalaskamuseumbirds.org/''>Gibson et al. 2022</a>', 1, NULL, NULL, NULL),
(33, 'Anser erythropus', 'Lesser White-Fronted Goose', 17, 2, '<a target=''_blank'' href=''https://www.universityofalaskamuseumbirds.org/''>Gibson et al. 2022</a>', 1, NULL, NULL, NULL),
(34, 'Anser fabalis', 'Taiga Bean-Goose', 17, 2, '<a target=''_blank'' href=''https://www.universityofalaskamuseumbirds.org/''>Gibson et al. 2022</a>', 1, NULL, NULL, NULL),
(35, 'Anser rossii', 'Ross''s Goose', 17, 2, '<a target=''_blank'' href=''https://www.universityofalaskamuseumbirds.org/''>Gibson et al. 2022</a>', 1, NULL, NULL, NULL),
(36, 'Anser serrirostris', 'Tundra Bean-Goose', 17, 2, '<a target=''_blank'' href=''https://www.universityofalaskamuseumbirds.org/''>Gibson et al. 2022</a>', 1, NULL, NULL, NULL),
(37, 'Anthus cervinus', 'Red-Throated Pipit', 18, 2, '<a target=''_blank'' href=''https://www.universityofalaskamuseumbirds.org/''>Gibson et al. 2022</a>', 1, NULL, NULL, NULL),
(38, 'Anthus gustavi', 'Pechora Pipit', 18, 2, '<a target=''_blank'' href=''https://www.universityofalaskamuseumbirds.org/''>Gibson et al. 2022</a>', 1, NULL, NULL, NULL),
(39, 'Anthus hodgsoni', 'Olive-Backed Pipit', 18, 2, '<a target=''_blank'' href=''https://www.universityofalaskamuseumbirds.org/''>Gibson et al. 2022</a>', 1, NULL, NULL, NULL),
(40, 'Anthus rubescens', 'American Pipit', 18, 2, '<a target=''_blank'' href=''https://www.universityofalaskamuseumbirds.org/''>Gibson et al. 2022</a>', 1, NULL, NULL, NULL),
(41, 'Anthus trivialis', 'Tree Pipit', 18, 2, '<a target=''_blank'' href=''https://www.universityofalaskamuseumbirds.org/''>Gibson et al. 2022</a>', 1, NULL, NULL, NULL),
(42, 'Antigone canadensis', 'Sandhill Crane', 19, 2, '<a target=''_blank'' href=''https://www.universityofalaskamuseumbirds.org/''>Gibson et al. 2022</a>', 1, NULL, NULL, NULL),
(43, 'Antrostomus vociferus', 'Eastern Whip-Poor-Will', 20, 2, '<a target=''_blank'' href=''https://www.universityofalaskamuseumbirds.org/''>Gibson et al. 2022</a>', 1, NULL, NULL, NULL),
(44, 'Apus apus', 'Common Swift', 21, 2, '<a target=''_blank'' href=''https://www.universityofalaskamuseumbirds.org/''>Gibson et al. 2022</a>', 1, NULL, NULL, NULL),
(45, 'Apus pacificus', 'Fork-Tailed Swift', 21, 2, '<a target=''_blank'' href=''https://www.universityofalaskamuseumbirds.org/''>Gibson et al. 2022</a>', 1, NULL, NULL, NULL),
(46, 'Aquila chrysaetos', 'Golden Eagle', 22, 2, '<a target=''_blank'' href=''https://www.universityofalaskamuseumbirds.org/''>Gibson et al. 2022</a>', 1, NULL, NULL, NULL),
(47, 'Archilochus colubris', 'Ruby-Throated Hummingbird', 23, 2, '<a target=''_blank'' href=''https://www.universityofalaskamuseumbirds.org/''>Gibson et al. 2022</a>', 1, NULL, NULL, NULL),
(48, 'Arctocephalus townsendi', 'Guadalupe Fur Seal', 24, 8, '<a target=''_blank'' href=''https://www.uaf.edu/museum/collections/mammal/current-mammal-species-of/''>UAM Mammals</a>', 1, NULL, NULL, NULL),
(49, 'Ardea alba', 'Great Egret', 25, 2, '<a target=''_blank'' href=''https://www.universityofalaskamuseumbirds.org/''>Gibson et al. 2022</a>', 1, NULL, NULL, NULL),
(50, 'Ardea cinerea', 'Gray Heron', 25, 2, '<a target=''_blank'' href=''https://www.universityofalaskamuseumbirds.org/''>Gibson et al. 2022</a>', 1, NULL, NULL, NULL),
(51, 'Ardea herodias', 'Great Blue Heron', 25, 2, '<a target=''_blank'' href=''https://www.universityofalaskamuseumbirds.org/''>Gibson et al. 2022</a>', 1, NULL, NULL, NULL),
(52, 'Ardea intermedia', 'Intermediate Egret', 25, 2, '<a target=''_blank'' href=''https://www.universityofalaskamuseumbirds.org/''>Gibson et al. 2022</a>', 1, NULL, NULL, NULL),
(53, 'Ardenna bulleri', 'Buller''s Shearwater', 26, 2, '<a target=''_blank'' href=''https://www.universityofalaskamuseumbirds.org/''>Gibson et al. 2022</a>', 1, NULL, NULL, NULL),
(54, 'Ardenna carneipes', 'Flesh-Footed Shearwater', 26, 2, '<a target=''_blank'' href=''https://www.universityofalaskamuseumbirds.org/''>Gibson et al. 2022</a>', 1, NULL, NULL, NULL),
(55, 'Ardenna creatopus', 'Pink-Footed Shearwater', 26, 2, '<a target=''_blank'' href=''https://www.universityofalaskamuseumbirds.org/''>Gibson et al. 2022</a>', 1, NULL, NULL, NULL),
(56, 'Ardenna gravis', 'Great Shearwater', 26, 2, '<a target=''_blank'' href=''https://www.universityofalaskamuseumbirds.org/''>Gibson et al. 2022</a>', 1, NULL, NULL, NULL),
(57, 'Ardenna grisea', 'Sooty Shearwater', 26, 2, '<a target=''_blank'' href=''https://www.universityofalaskamuseumbirds.org/''>Gibson et al. 2022</a>', 1, NULL, NULL, NULL),
(58, 'Ardenna tenuirostris', 'Short-Tailed Shearwater', 26, 2, '<a target=''_blank'' href=''https://www.universityofalaskamuseumbirds.org/''>Gibson et al. 2022</a>', 1, NULL, NULL, NULL),
(59, 'Ardeola bacchus', 'Chinese Pond-Heron', 27, 2, '<a target=''_blank'' href=''https://www.universityofalaskamuseumbirds.org/''>Gibson et al. 2022</a>', 1, NULL, NULL, NULL),
(60, 'Arenaria interpres', 'Ruddy Turnstone', 28, 2, '<a target=''_blank'' href=''https://www.universityofalaskamuseumbirds.org/''>Gibson et al. 2022</a>', 1, NULL, NULL, NULL),
(61, 'Arenaria melanocephala', 'Black Turnstone', 28, 2, '<a target=''_blank'' href=''https://www.universityofalaskamuseumbirds.org/''>Gibson et al. 2022</a>', 1, NULL, NULL, NULL),
(62, 'Arundinax aedon', 'Thick-Billed Warbler', 29, 2, '<a target=''_blank'' href=''https://www.universityofalaskamuseumbirds.org/''>Gibson et al. 2022</a>', 1, NULL, NULL, NULL),
(63, 'Asio flammeus', 'Short-Eared Owl', 30, 2, '<a target=''_blank'' href=''https://www.universityofalaskamuseumbirds.org/''>Gibson et al. 2022</a>', 1, NULL, NULL, NULL),
(64, 'Asio otus', 'Long-Eared Owl', 30, 2, '<a target=''_blank'' href=''https://www.universityofalaskamuseumbirds.org/''>Gibson et al. 2022</a>', 1, NULL, NULL, NULL),
(65, 'Aythya affinis', 'Lesser Scaup', 31, 2, '<a target=''_blank'' href=''https://www.universityofalaskamuseumbirds.org/''>Gibson et al. 2022</a>', 1, NULL, NULL, NULL),
(66, 'Aythya americana', 'Redhead', 31, 2, '<a target=''_blank'' href=''https://www.universityofalaskamuseumbirds.org/''>Gibson et al. 2022</a>', 1, NULL, NULL, NULL),
(67, 'Aythya collaris', 'Ring-Necked Duck', 31, 2, '<a target=''_blank'' href=''https://www.universityofalaskamuseumbirds.org/''>Gibson et al. 2022</a>', 1, NULL, NULL, NULL),
(68, 'Aythya ferina', 'Common Pochard', 31, 2, '<a target=''_blank'' href=''https://www.universityofalaskamuseumbirds.org/''>Gibson et al. 2022</a>', 1, NULL, NULL, NULL),
(69, 'Aythya fuligula', 'Tufted Duck', 31, 2, '<a target=''_blank'' href=''https://www.universityofalaskamuseumbirds.org/''>Gibson et al. 2022</a>', 1, NULL, NULL, NULL),
(70, 'Aythya marila', 'Greater Scaup', 31, 2, '<a target=''_blank'' href=''https://www.universityofalaskamuseumbirds.org/''>Gibson et al. 2022</a>', 1, NULL, NULL, NULL),
(71, 'Aythya valisineria', 'Canvasback', 31, 2, '<a target=''_blank'' href=''https://www.universityofalaskamuseumbirds.org/''>Gibson et al. 2022</a>', 1, NULL, NULL, NULL),
(72, 'Balaena mysticetus', 'Bowhead', 32, 8, '<a target=''_blank'' href=''https://www.uaf.edu/museum/collections/mammal/current-mammal-species-of/''>UAM Mammals</a>', 1, NULL, NULL, NULL),
(73, 'Balaenoptera acutorostrata', 'Common Minke Whale', 33, 8, '<a target=''_blank'' href=''https://www.uaf.edu/museum/collections/mammal/current-mammal-species-of/''>UAM Mammals</a>', 1, NULL, NULL, NULL),
(74, 'Balaenoptera borealis', 'Sei Whale', 33, 8, '<a target=''_blank'' href=''https://www.uaf.edu/museum/collections/mammal/current-mammal-species-of/''>UAM Mammals</a>', 1, NULL, NULL, NULL),
(75, 'Balaenoptera musculus', 'Blue Whale', 33, 8, '<a target=''_blank'' href=''https://www.uaf.edu/museum/collections/mammal/current-mammal-species-of/''>UAM Mammals</a>', 1, NULL, NULL, NULL),
(76, 'Balaenoptera physalus', 'Fin Whale', 33, 8, '<a target=''_blank'' href=''https://www.uaf.edu/museum/collections/mammal/current-mammal-species-of/''>UAM Mammals</a>', 1, NULL, NULL, NULL),
(77, 'Bartramia longicauda', 'Upland Sandpiper', 34, 2, '<a target=''_blank'' href=''https://www.universityofalaskamuseumbirds.org/''>Gibson et al. 2022</a>', 1, NULL, NULL, NULL),
(78, 'Berardius bairdii', 'Baird''s Beaked Whale', 35, 8, '<a target=''_blank'' href=''https://www.uaf.edu/museum/collections/mammal/current-mammal-species-of/''>UAM Mammals</a>', 1, NULL, NULL, NULL),
(79, 'Bison bison', 'American Bison', 36, 8, '<a target=''_blank'' href=''https://www.uaf.edu/museum/collections/mammal/current-mammal-species-of/''>UAM Mammals</a>', 1, NULL, NULL, NULL),
(80, 'Bombycilla cedrorum', 'Cedar Waxwing', 37, 2, '<a target=''_blank'' href=''https://www.universityofalaskamuseumbirds.org/''>Gibson et al. 2022</a>', 1, NULL, NULL, NULL),
(81, 'Bombycilla garrulus', 'Bohemian Waxwing', 37, 2, '<a target=''_blank'' href=''https://www.universityofalaskamuseumbirds.org/''>Gibson et al. 2022</a>', 1, NULL, NULL, NULL),
(82, 'Bonasa umbellus', 'Ruffed Grouse', 38, 2, '<a target=''_blank'' href=''https://www.universityofalaskamuseumbirds.org/''>Gibson et al. 2022</a>', 1, NULL, NULL, NULL),
(83, 'Botaurus lentiginosus', 'American Bittern', 39, 2, '<a target=''_blank'' href=''https://www.universityofalaskamuseumbirds.org/''>Gibson et al. 2022</a>', 1, NULL, NULL, NULL),
(84, 'Brachyramphus brevirostris', 'Kittlitz''s Murrelet', 40, 2, '<a target=''_blank'' href=''https://www.universityofalaskamuseumbirds.org/''>Gibson et al. 2022</a>', 1, NULL, NULL, NULL),
(85, 'Brachyramphus marmoratus', 'Marbled Murrelet', 40, 2, '<a target=''_blank'' href=''https://www.universityofalaskamuseumbirds.org/''>Gibson et al. 2022</a>', 1, NULL, NULL, NULL),
(86, 'Brachyramphus perdix', 'Long-Billed Murrelet', 40, 2, '<a target=''_blank'' href=''https://www.universityofalaskamuseumbirds.org/''>Gibson et al. 2022</a>', 1, NULL, NULL, NULL),
(87, 'Branta bernicla', 'Brant', 41, 2, '<a target=''_blank'' href=''https://www.universityofalaskamuseumbirds.org/''>Gibson et al. 2022</a>', 1, NULL, NULL, NULL),
(88, 'Branta canadensis', 'Canada Goose', 41, 2, '<a target=''_blank'' href=''https://www.universityofalaskamuseumbirds.org/''>Gibson et al. 2022</a>', 1, NULL, NULL, NULL),
(89, 'Branta hutchinsii', 'Cackling Goose', 41, 2, '<a target=''_blank'' href=''https://www.universityofalaskamuseumbirds.org/''>Gibson et al. 2022</a>', 1, NULL, NULL, NULL),
(90, 'Bubo scandiacus', 'Snowy Owl', 42, 2, '<a target=''_blank'' href=''https://www.universityofalaskamuseumbirds.org/''>Gibson et al. 2022</a>', 1, NULL, NULL, NULL),
(91, 'Bubo virginianus', 'Great Horned Owl', 42, 2, '<a target=''_blank'' href=''https://www.universityofalaskamuseumbirds.org/''>Gibson et al. 2022</a>', 1, NULL, NULL, NULL),
(92, 'Bubulcus ibis', 'Cattle Egret', 43, 2, '<a target=''_blank'' href=''https://www.universityofalaskamuseumbirds.org/''>Gibson et al. 2022</a>', 1, NULL, NULL, NULL),
(93, 'Bucephala albeola', 'Bufflehead', 44, 2, '<a target=''_blank'' href=''https://www.universityofalaskamuseumbirds.org/''>Gibson et al. 2022</a>', 1, NULL, NULL, NULL),
(94, 'Bucephala clangula', 'Common Goldeneye', 44, 2, '<a target=''_blank'' href=''https://www.universityofalaskamuseumbirds.org/''>Gibson et al. 2022</a>', 1, NULL, NULL, NULL),
(95, 'Bucephala islandica', 'Barrow''s Goldeneye', 44, 2, '<a target=''_blank'' href=''https://www.universityofalaskamuseumbirds.org/''>Gibson et al. 2022</a>', 1, NULL, NULL, NULL),
(96, 'Buteo jamaicensis', 'Red-Tailed Hawk', 45, 2, '<a target=''_blank'' href=''https://www.universityofalaskamuseumbirds.org/''>Gibson et al. 2022</a>', 1, NULL, NULL, NULL),
(97, 'Buteo lagopus', 'Rough-Legged Hawk', 45, 2, '<a target=''_blank'' href=''https://www.universityofalaskamuseumbirds.org/''>Gibson et al. 2022</a>', 1, NULL, NULL, NULL),
(98, 'Buteo rufinus', 'Long-Legged Buzzard', 45, 2, '<a target=''_blank'' href=''https://www.universityofalaskamuseumbirds.org/''>Gibson et al. 2022</a>', 1, NULL, NULL, NULL),
(99, 'Buteo swainsoni', 'Swainson''s Hawk', 45, 2, '<a target=''_blank'' href=''https://www.universityofalaskamuseumbirds.org/''>Gibson et al. 2022</a>', 1, NULL, NULL, NULL),
(100, 'Butorides virescens', 'Green Heron', 46, 2, '<a target=''_blank'' href=''https://www.universityofalaskamuseumbirds.org/''>Gibson et al. 2022</a>', 1, NULL, NULL, NULL),
(101, 'Calcarius lapponicus', 'Lapland Longspur', 47, 2, '<a target=''_blank'' href=''https://www.universityofalaskamuseumbirds.org/''>Gibson et al. 2022</a>', 1, NULL, NULL, NULL),
(102, 'Calcarius pictus', 'Smith''s Longspur', 47, 2, '<a target=''_blank'' href=''https://www.universityofalaskamuseumbirds.org/''>Gibson et al. 2022</a>', 1, NULL, NULL, NULL),
(103, 'Calidris acuminata', 'Sharp-Tailed Sandpiper', 48, 2, '<a target=''_blank'' href=''https://www.universityofalaskamuseumbirds.org/''>Gibson et al. 2022</a>', 1, NULL, NULL, NULL),
(104, 'Calidris alba', 'Sanderling', 48, 2, '<a target=''_blank'' href=''https://www.universityofalaskamuseumbirds.org/''>Gibson et al. 2022</a>', 1, NULL, NULL, NULL),
(105, 'Calidris alpina', 'Dunlin', 48, 2, '<a target=''_blank'' href=''https://www.universityofalaskamuseumbirds.org/''>Gibson et al. 2022</a>', 1, NULL, NULL, NULL),
(106, 'Calidris bairdii', 'Baird''s Sandpiper', 48, 2, '<a target=''_blank'' href=''https://www.universityofalaskamuseumbirds.org/''>Gibson et al. 2022</a>', 1, NULL, NULL, NULL),
(107, 'Calidris canutus', 'Red Knot', 48, 2, '<a target=''_blank'' href=''https://www.universityofalaskamuseumbirds.org/''>Gibson et al. 2022</a>', 1, NULL, NULL, NULL),
(108, 'Calidris falcinellus', 'Broad-Billed Sandpiper', 48, 2, '<a target=''_blank'' href=''https://www.universityofalaskamuseumbirds.org/''>Gibson et al. 2022</a>', 1, NULL, NULL, NULL),
(109, 'Calidris ferruginea', 'Curlew Sandpiper', 48, 2, '<a target=''_blank'' href=''https://www.universityofalaskamuseumbirds.org/''>Gibson et al. 2022</a>', 1, NULL, NULL, NULL),
(110, 'Calidris fuscicollis', 'White-Rumped Sandpiper', 48, 2, '<a target=''_blank'' href=''https://www.universityofalaskamuseumbirds.org/''>Gibson et al. 2022</a>', 1, NULL, NULL, NULL),
(111, 'Calidris himantopus', 'Stilt Sandpiper', 48, 2, '<a target=''_blank'' href=''https://www.universityofalaskamuseumbirds.org/''>Gibson et al. 2022</a>', 1, NULL, NULL, NULL),
(112, 'Calidris maritima', 'Purple Sandpiper', 48, 2, '<a target=''_blank'' href=''https://www.universityofalaskamuseumbirds.org/''>Gibson et al. 2022</a>', 1, NULL, NULL, NULL),
(113, 'Calidris mauri', 'Western Sandpiper', 48, 2, '<a target=''_blank'' href=''https://www.universityofalaskamuseumbirds.org/''>Gibson et al. 2022</a>', 1, NULL, NULL, NULL),
(114, 'Calidris melanotos', 'Pectoral Sandpiper', 48, 2, '<a target=''_blank'' href=''https://www.universityofalaskamuseumbirds.org/''>Gibson et al. 2022</a>', 1, NULL, NULL, NULL),
(115, 'Calidris minuta', 'Little Stint', 48, 2, '<a target=''_blank'' href=''https://www.universityofalaskamuseumbirds.org/''>Gibson et al. 2022</a>', 1, NULL, NULL, NULL),
(116, 'Calidris minutilla', 'Least Sandpiper', 48, 2, '<a target=''_blank'' href=''https://www.universityofalaskamuseumbirds.org/''>Gibson et al. 2022</a>', 1, NULL, NULL, NULL),
(117, 'Calidris ptilocnemis', 'Rock Sandpiper', 48, 2, '<a target=''_blank'' href=''https://www.universityofalaskamuseumbirds.org/''>Gibson et al. 2022</a>', 1, NULL, NULL, NULL),
(118, 'Calidris pugnax', 'Ruff', 48, 2, '<a target=''_blank'' href=''https://www.universityofalaskamuseumbirds.org/''>Gibson et al. 2022</a>', 1, NULL, NULL, NULL),
(119, 'Calidris pusilla', 'Semipalmated Sandpiper', 48, 2, '<a target=''_blank'' href=''https://www.universityofalaskamuseumbirds.org/''>Gibson et al. 2022</a>', 1, NULL, NULL, NULL),
(120, 'Calidris pygmea', 'Spoonbill Sandpiper', 48, 2, '<a target=''_blank'' href=''https://www.universityofalaskamuseumbirds.org/''>Gibson et al. 2022</a>', 1, NULL, NULL, NULL),
(121, 'Calidris ruficollis', 'Red-Necked Stint', 48, 2, '<a target=''_blank'' href=''https://www.universityofalaskamuseumbirds.org/''>Gibson et al. 2022</a>', 1, NULL, NULL, NULL),
(122, 'Calidris subminuta', 'Long-Toed Stint', 48, 2, '<a target=''_blank'' href=''https://www.universityofalaskamuseumbirds.org/''>Gibson et al. 2022</a>', 1, NULL, NULL, NULL),
(123, 'Calidris subruficollis', 'Buff-Breasted Sandpiper', 48, 2, '<a target=''_blank'' href=''https://www.universityofalaskamuseumbirds.org/''>Gibson et al. 2022</a>', 1, NULL, NULL, NULL),
(124, 'Calidris temminckii', 'Temminck''s Stint', 48, 2, '<a target=''_blank'' href=''https://www.universityofalaskamuseumbirds.org/''>Gibson et al. 2022</a>', 1, NULL, NULL, NULL),
(125, 'Calidris tenuirostris', 'Great Knot', 48, 2, '<a target=''_blank'' href=''https://www.universityofalaskamuseumbirds.org/''>Gibson et al. 2022</a>', 1, NULL, NULL, NULL),
(126, 'Calidris virgata', 'Surfbird', 48, 2, '<a target=''_blank'' href=''https://www.universityofalaskamuseumbirds.org/''>Gibson et al. 2022</a>', 1, NULL, NULL, NULL),
(127, 'Calliope calliope', 'Siberian Rubythroat', 49, 2, '<a target=''_blank'' href=''https://www.universityofalaskamuseumbirds.org/''>Gibson et al. 2022</a>', 1, NULL, NULL, NULL),
(128, 'Callorhinus ursinus', 'Northern Fur Seal', 50, 8, '<a target=''_blank'' href=''https://www.uaf.edu/museum/collections/mammal/current-mammal-species-of/''>UAM Mammals</a>', 1, NULL, NULL, NULL),
(129, 'Calypte anna', 'Anna''s Hummingbird', 51, 2, '<a target=''_blank'' href=''https://www.universityofalaskamuseumbirds.org/''>Gibson et al. 2022</a>', 1, NULL, NULL, NULL),
(130, 'Calypte costae', 'Costa''s Hummingbird', 51, 2, '<a target=''_blank'' href=''https://www.universityofalaskamuseumbirds.org/''>Gibson et al. 2022</a>', 1, NULL, NULL, NULL),
(131, 'Canachites canadensis', 'Spruce Grouse', 52, 2, '<a target=''_blank'' href=''https://www.universityofalaskamuseumbirds.org/''>Gibson et al. 2022</a>', 1, NULL, NULL, NULL),
(132, 'Canis latrans', 'Coyote', 53, 8, '<a target=''_blank'' href=''https://www.uaf.edu/museum/collections/mammal/current-mammal-species-of/''>UAM Mammals</a>', 1, NULL, NULL, NULL),
(133, 'Canis lupus', 'Gray Wolf', 53, 8, '<a target=''_blank'' href=''https://www.uaf.edu/museum/collections/mammal/current-mammal-species-of/''>UAM Mammals</a>', 1, NULL, NULL, NULL),
(134, 'Caprimulgus jotaka', 'Gray Nightjar', 54, 2, '<a target=''_blank'' href=''https://www.universityofalaskamuseumbirds.org/''>Gibson et al. 2022</a>', 1, NULL, NULL, NULL),
(135, 'Cardellina canadensis', 'Canada Warber', 55, 2, '<a target=''_blank'' href=''https://www.universityofalaskamuseumbirds.org/''>Gibson et al. 2022</a>', 1, NULL, NULL, NULL),
(136, 'Cardellina pusilla', 'Wilson''s Warbler', 55, 2, '<a target=''_blank'' href=''https://www.universityofalaskamuseumbirds.org/''>Gibson et al. 2022</a>', 1, NULL, NULL, NULL),
(137, 'Caretta caretta', 'Loggerhead Seaturtle', 56, 6, '<a target=''_blank'' href=''https://faunaofalaska.org/wp-content/uploads/MacDonald_2010_Amphibians_and_Reptiles_of_Alaska.pdf''>MacDonald 2010</a>', 1, TRUE, FALSE, NULL),
(138, 'Carpodacus erythrinus', 'Common Rosefinch', 57, 2, '<a target=''_blank'' href=''https://www.universityofalaskamuseumbirds.org/''>Gibson et al. 2022</a>', 1, NULL, NULL, NULL),
(139, 'Carpodacus roseus', 'Pallas’s Rosefinch', 57, 2, '<a target=''_blank'' href=''https://www.universityofalaskamuseumbirds.org/''>Gibson et al. 2022</a>', 1, NULL, NULL, NULL),
(140, 'Castor canadensis', 'American Beaver', 58, 8, '<a target=''_blank'' href=''https://www.uaf.edu/museum/collections/mammal/current-mammal-species-of/''>UAM Mammals</a>', 1, NULL, NULL, NULL),
(141, 'Cathartes aura', 'Turkey Vulture', 59, 2, '<a target=''_blank'' href=''https://www.universityofalaskamuseumbirds.org/''>Gibson et al. 2022</a>', 1, NULL, NULL, NULL),
(142, 'Catharus fuscescens', 'Veery', 60, 2, '<a target=''_blank'' href=''https://www.universityofalaskamuseumbirds.org/''>Gibson et al. 2022</a>', 1, NULL, NULL, NULL),
(143, 'Catharus guttatus', 'Hermit Thrush', 60, 2, '<a target=''_blank'' href=''https://www.universityofalaskamuseumbirds.org/''>Gibson et al. 2022</a>', 1, NULL, NULL, NULL),
(144, 'Catharus minimus', 'Gray-Cheeked Thrush', 60, 2, '<a target=''_blank'' href=''https://www.universityofalaskamuseumbirds.org/''>Gibson et al. 2022</a>', 1, NULL, NULL, NULL),
(145, 'Catharus ustulatus', 'Swainson''s Thursh', 60, 2, '<a target=''_blank'' href=''https://www.universityofalaskamuseumbirds.org/''>Gibson et al. 2022</a>', 1, NULL, NULL, NULL),
(146, 'Cepphus columba', 'Pigeon Guillemot', 61, 2, '<a target=''_blank'' href=''https://www.universityofalaskamuseumbirds.org/''>Gibson et al. 2022</a>', 1, NULL, NULL, NULL),
(147, 'Cepphus grylle', 'Black Guillemot', 61, 2, '<a target=''_blank'' href=''https://www.universityofalaskamuseumbirds.org/''>Gibson et al. 2022</a>', 1, NULL, NULL, NULL),
(148, 'Cerorhinca monocerata', 'Rhinoceros Auklet', 62, 2, '<a target=''_blank'' href=''https://www.universityofalaskamuseumbirds.org/''>Gibson et al. 2022</a>', 1, NULL, NULL, NULL),
(149, 'Certhia americana', 'Brown Creeper', 63, 2, '<a target=''_blank'' href=''https://www.universityofalaskamuseumbirds.org/''>Gibson et al. 2022</a>', 1, NULL, NULL, NULL),
(150, 'Cervus canadensis', 'Elk', 64, 8, '<a target=''_blank'' href=''https://www.uaf.edu/museum/collections/mammal/current-mammal-species-of/''>UAM Mammals</a>', 1, NULL, NULL, NULL),
(151, 'Chaetura pelagica', 'Chimney Swift', 65, 2, '<a target=''_blank'' href=''https://www.universityofalaskamuseumbirds.org/''>Gibson et al. 2022</a>', 1, NULL, NULL, NULL),
(152, 'Chaetura vauxi', 'Vaux''s Swift', 65, 2, '<a target=''_blank'' href=''https://www.universityofalaskamuseumbirds.org/''>Gibson et al. 2022</a>', 1, NULL, NULL, NULL),
(153, 'Charadrius dubius', 'Little Ringed Plover', 66, 2, '<a target=''_blank'' href=''https://www.universityofalaskamuseumbirds.org/''>Gibson et al. 2022</a>', 1, NULL, NULL, NULL),
(154, 'Charadrius hiaticula', 'Common Ringed Plover', 66, 2, '<a target=''_blank'' href=''https://www.universityofalaskamuseumbirds.org/''>Gibson et al. 2022</a>', 1, NULL, NULL, NULL),
(155, 'Charadrius mongolus', 'Lesser Sand-Plover', 66, 2, '<a target=''_blank'' href=''https://www.universityofalaskamuseumbirds.org/''>Gibson et al. 2022</a>', 1, NULL, NULL, NULL),
(156, 'Charadrius morinellus', 'Eurasian Dotterel', 66, 2, '<a target=''_blank'' href=''https://www.universityofalaskamuseumbirds.org/''>Gibson et al. 2022</a>', 1, NULL, NULL, NULL),
(157, 'Charadrius nivosus', 'Snowy Plover', 66, 2, '<a target=''_blank'' href=''https://www.universityofalaskamuseumbirds.org/''>Gibson et al. 2022</a>', 1, NULL, NULL, NULL),
(158, 'Charadrius semipalmatus', 'Semipalmated Plover', 66, 2, '<a target=''_blank'' href=''https://www.universityofalaskamuseumbirds.org/''>Gibson et al. 2022</a>', 1, NULL, NULL, NULL),
(159, 'Charadrius vociferus', 'Killdeer', 66, 2, '<a target=''_blank'' href=''https://www.universityofalaskamuseumbirds.org/''>Gibson et al. 2022</a>', 1, NULL, NULL, NULL),
(160, 'Chelonia mydas', 'Green Seaturtle', 67, 6, '<a target=''_blank'' href=''https://faunaofalaska.org/wp-content/uploads/MacDonald_2010_Amphibians_and_Reptiles_of_Alaska.pdf''>MacDonald 2010</a>', 1, TRUE, FALSE, NULL),
(161, 'Chlidonias leucopterus', 'White-Winged Tern', 68, 2, '<a target=''_blank'' href=''https://www.universityofalaskamuseumbirds.org/''>Gibson et al. 2022</a>', 1, NULL, NULL, NULL),
(162, 'Chlidonias niger', 'Black Tern', 68, 2, '<a target=''_blank'' href=''https://www.universityofalaskamuseumbirds.org/''>Gibson et al. 2022</a>', 1, NULL, NULL, NULL),
(163, 'Chloris sinica', 'Oriental Greenfinch', 69, 2, '<a target=''_blank'' href=''https://www.universityofalaskamuseumbirds.org/''>Gibson et al. 2022</a>', 1, NULL, NULL, NULL),
(164, 'Chondestes grammacus', 'Lark Sparrow', 70, 2, '<a target=''_blank'' href=''https://www.universityofalaskamuseumbirds.org/''>Gibson et al. 2022</a>', 1, NULL, NULL, NULL),
(165, 'Chordeiles acutipennis', 'Lesser Nighthawk', 71, 2, '<a target=''_blank'' href=''https://www.universityofalaskamuseumbirds.org/''>Gibson et al. 2022</a>', 1, NULL, NULL, NULL),
(166, 'Chordeiles minor', 'Common Nighthawk', 71, 2, '<a target=''_blank'' href=''https://www.universityofalaskamuseumbirds.org/''>Gibson et al. 2022</a>', 1, NULL, NULL, NULL),
(167, 'Chroicocephalus philadelphia', 'Bonaparte''s Gull', 72, 2, '<a target=''_blank'' href=''https://www.universityofalaskamuseumbirds.org/''>Gibson et al. 2022</a>', 1, NULL, NULL, NULL),
(168, 'Chroicocephalus ridibundus', 'Black-Headed Gull', 72, 2, '<a target=''_blank'' href=''https://www.universityofalaskamuseumbirds.org/''>Gibson et al. 2022</a>', 1, NULL, NULL, NULL),
(169, 'Cinclus mexicanus', 'American Dipper', 73, 2, '<a target=''_blank'' href=''https://www.universityofalaskamuseumbirds.org/''>Gibson et al. 2022</a>', 1, NULL, NULL, NULL),
(170, 'Circus hudsonius', 'Northern Harrier', 74, 2, '<a target=''_blank'' href=''https://www.universityofalaskamuseumbirds.org/''>Gibson et al. 2022</a>', 1, NULL, NULL, NULL),
(171, 'Cistothorus palustris', 'Marsh Wren', 75, 2, '<a target=''_blank'' href=''https://www.universityofalaskamuseumbirds.org/''>Gibson et al. 2022</a>', 1, NULL, NULL, NULL),
(172, 'Clangula hyemalis', 'Long-Tailed Duck', 76, 2, '<a target=''_blank'' href=''https://www.universityofalaskamuseumbirds.org/''>Gibson et al. 2022</a>', 1, NULL, NULL, NULL),
(173, 'Coccothraustes coccothraustes', 'Hawfinch', 77, 2, '<a target=''_blank'' href=''https://www.universityofalaskamuseumbirds.org/''>Gibson et al. 2022</a>', 1, NULL, NULL, NULL),
(174, 'Coccothraustes vespertinus', 'Evening Grosbeak', 77, 2, '<a target=''_blank'' href=''https://www.universityofalaskamuseumbirds.org/''>Gibson et al. 2022</a>', 1, NULL, NULL, NULL),
(175, 'Coccyzus americanus', 'Yellow-Billed Cuckoo', 78, 2, '<a target=''_blank'' href=''https://www.universityofalaskamuseumbirds.org/''>Gibson et al. 2022</a>', 1, NULL, NULL, NULL),
(176, 'Colaptes auratus', 'Northern Flicker', 79, 2, '<a target=''_blank'' href=''https://www.universityofalaskamuseumbirds.org/''>Gibson et al. 2022</a>', 1, NULL, NULL, NULL),
(177, 'Contopus cooperi', 'Olive-Sided Flycatcher', 80, 2, '<a target=''_blank'' href=''https://www.universityofalaskamuseumbirds.org/''>Gibson et al. 2022</a>', 1, NULL, NULL, NULL),
(178, 'Contopus sordidulus', 'Western Wood-Pewee', 80, 2, '<a target=''_blank'' href=''https://www.universityofalaskamuseumbirds.org/''>Gibson et al. 2022</a>', 1, NULL, NULL, NULL),
(179, 'Corthylio calendula', 'Ruby-Crowned Kinglet', 81, 2, '<a target=''_blank'' href=''https://www.universityofalaskamuseumbirds.org/''>Gibson et al. 2022</a>', 1, NULL, NULL, NULL),
(180, 'Corvus brachyrhynchos', 'American Crow', 82, 2, '<a target=''_blank'' href=''https://www.universityofalaskamuseumbirds.org/''>Gibson et al. 2022</a>', 1, NULL, NULL, NULL),
(181, 'Corvus corax', 'Common Raven', 82, 2, '<a target=''_blank'' href=''https://www.universityofalaskamuseumbirds.org/''>Gibson et al. 2022</a>', 1, NULL, NULL, NULL),
(182, 'Cuculus canorus', 'Common Cuckoo', 83, 2, '<a target=''_blank'' href=''https://www.universityofalaskamuseumbirds.org/''>Gibson et al. 2022</a>', 1, NULL, NULL, NULL),
(183, 'Cuculus optatus', 'Oriental Cuckoo', 83, 2, '<a target=''_blank'' href=''https://www.universityofalaskamuseumbirds.org/''>Gibson et al. 2022</a>', 1, NULL, NULL, NULL),
(184, 'Cyanecula svecica', 'Bluethroat', 84, 2, '<a target=''_blank'' href=''https://www.universityofalaskamuseumbirds.org/''>Gibson et al. 2022</a>', 1, NULL, NULL, NULL),
(185, 'Cyanocitta stelleri', 'Steller''s Jay', 85, 2, '<a target=''_blank'' href=''https://www.universityofalaskamuseumbirds.org/''>Gibson et al. 2022</a>', 1, NULL, NULL, NULL),
(186, 'Cygnus buccinator', 'Trumpeter Swan', 86, 2, '<a target=''_blank'' href=''https://www.universityofalaskamuseumbirds.org/''>Gibson et al. 2022</a>', 1, NULL, NULL, NULL),
(187, 'Cygnus columbianus', 'Tundra Swan', 86, 2, '<a target=''_blank'' href=''https://www.universityofalaskamuseumbirds.org/''>Gibson et al. 2022</a>', 1, NULL, NULL, NULL),
(188, 'Cygnus cygnus', 'Whooper Swan', 86, 2, '<a target=''_blank'' href=''https://www.universityofalaskamuseumbirds.org/''>Gibson et al. 2022</a>', 1, NULL, NULL, NULL),
(189, 'Cypseloides niger', 'Black Swift', 87, 2, '<a target=''_blank'' href=''https://www.universityofalaskamuseumbirds.org/''>Gibson et al. 2022</a>', 1, NULL, NULL, NULL),
(190, 'Cystophora cristata', 'Hooded Seal', 88, 8, '<a target=''_blank'' href=''https://www.uaf.edu/museum/collections/mammal/current-mammal-species-of/''>UAM Mammals</a>', 1, NULL, NULL, NULL),
(191, 'Delichon urbicum', 'Common House-Martin', 89, 2, '<a target=''_blank'' href=''https://www.universityofalaskamuseumbirds.org/''>Gibson et al. 2022</a>', 1, NULL, NULL, NULL),
(192, 'Delphinapterus leucas', 'Beluga', 90, 8, '<a target=''_blank'' href=''https://www.uaf.edu/museum/collections/mammal/current-mammal-species-of/''>UAM Mammals</a>', 1, NULL, NULL, NULL),
(193, 'Dendragapus fuliginosus', 'Sooty Grouse', 91, 2, '<a target=''_blank'' href=''https://www.universityofalaskamuseumbirds.org/''>Gibson et al. 2022</a>', 1, NULL, NULL, NULL),
(194, 'Dendrocopos major', 'Great Spotted Woodpecker', 92, 2, '<a target=''_blank'' href=''https://www.universityofalaskamuseumbirds.org/''>Gibson et al. 2022</a>', 1, NULL, NULL, NULL),
(195, 'Dermochelys coriacea', 'Leatherback Seaturtle', 93, 6, '<a target=''_blank'' href=''https://faunaofalaska.org/wp-content/uploads/MacDonald_2010_Amphibians_and_Reptiles_of_Alaska.pdf''>MacDonald 2010</a>', 1, TRUE, FALSE, NULL),
(196, 'Dicrostonyx groenlandicus', 'Nearctic Collared Lemming', 94, 8, '<a target=''_blank'' href=''https://www.uaf.edu/museum/collections/mammal/current-mammal-species-of/''>UAM Mammals</a>', 1, NULL, NULL, NULL),
(197, 'Dolichonyx oryzivorus', 'Bobolink', 95, 2, '<a target=''_blank'' href=''https://www.universityofalaskamuseumbirds.org/''>Gibson et al. 2022</a>', 1, NULL, NULL, NULL),
(198, 'Dryobates pubescens', 'Downy Woodpecker', 96, 2, '<a target=''_blank'' href=''https://www.universityofalaskamuseumbirds.org/''>Gibson et al. 2022</a>', 1, NULL, NULL, NULL),
(199, 'Dryobates villosus', 'Hairy Woodpecker', 96, 2, '<a target=''_blank'' href=''https://www.universityofalaskamuseumbirds.org/''>Gibson et al. 2022</a>', 1, NULL, NULL, NULL),
(200, 'Dumetella carolinensis', 'Gray Catbird', 97, 2, '<a target=''_blank'' href=''https://www.universityofalaskamuseumbirds.org/''>Gibson et al. 2022</a>', 1, NULL, NULL, NULL),
(201, 'Egretta eulophotes', 'Chinese Egret', 98, 2, '<a target=''_blank'' href=''https://www.universityofalaskamuseumbirds.org/''>Gibson et al. 2022</a>', 1, NULL, NULL, NULL),
(202, 'Egretta garzetta', 'Little Egret', 98, 2, '<a target=''_blank'' href=''https://www.universityofalaskamuseumbirds.org/''>Gibson et al. 2022</a>', 1, NULL, NULL, NULL),
(203, 'Egretta tricolor', 'Tricolored Heron', 98, 2, '<a target=''_blank'' href=''https://www.universityofalaskamuseumbirds.org/''>Gibson et al. 2022</a>', 1, NULL, NULL, NULL),
(204, 'Emberiza aureola', 'Yellow-Breasted Bunting', 99, 2, '<a target=''_blank'' href=''https://www.universityofalaskamuseumbirds.org/''>Gibson et al. 2022</a>', 1, NULL, NULL, NULL),
(205, 'Emberiza chrysophrys', 'Yellow-Browed Bunting', 99, 2, '<a target=''_blank'' href=''https://www.universityofalaskamuseumbirds.org/''>Gibson et al. 2022</a>', 1, NULL, NULL, NULL),
(206, 'Emberiza elegans', 'Yellow-Throated Bunting', 99, 2, '<a target=''_blank'' href=''https://www.universityofalaskamuseumbirds.org/''>Gibson et al. 2022</a>', 1, NULL, NULL, NULL),
(207, 'Emberiza leucocephalos', 'Pine Bunting', 99, 2, '<a target=''_blank'' href=''https://www.universityofalaskamuseumbirds.org/''>Gibson et al. 2022</a>', 1, NULL, NULL, NULL),
(208, 'Emberiza pallasi', 'Pallas'' Reed Bunting', 99, 2, '<a target=''_blank'' href=''https://www.universityofalaskamuseumbirds.org/''>Gibson et al. 2022</a>', 1, NULL, NULL, NULL),
(209, 'Emberiza pusilla', 'Little Bunting', 99, 2, '<a target=''_blank'' href=''https://www.universityofalaskamuseumbirds.org/''>Gibson et al. 2022</a>', 1, NULL, NULL, NULL),
(210, 'Emberiza rustica', 'Rustic Bunting', 99, 2, '<a target=''_blank'' href=''https://www.universityofalaskamuseumbirds.org/''>Gibson et al. 2022</a>', 1, NULL, NULL, NULL),
(211, 'Emberiza schoeniclus', 'Reed Bunting', 99, 2, '<a target=''_blank'' href=''https://www.universityofalaskamuseumbirds.org/''>Gibson et al. 2022</a>', 1, NULL, NULL, NULL),
(212, 'Emberiza variabilis', 'Gray Bunting', 99, 2, '<a target=''_blank'' href=''https://www.universityofalaskamuseumbirds.org/''>Gibson et al. 2022</a>', 1, NULL, NULL, NULL),
(213, 'Empidonax alnorum', 'Alder Flycatcher', 100, 2, '<a target=''_blank'' href=''https://www.universityofalaskamuseumbirds.org/''>Gibson et al. 2022</a>', 1, NULL, NULL, NULL),
(214, 'Empidonax difficilis', 'Pacific-Slope Flycatcher', 100, 2, '<a target=''_blank'' href=''https://www.universityofalaskamuseumbirds.org/''>Gibson et al. 2022</a>', 1, NULL, NULL, NULL),
(215, 'Empidonax flaviventris', 'Yellow-Bellied Flycatcher', 100, 2, '<a target=''_blank'' href=''https://www.universityofalaskamuseumbirds.org/''>Gibson et al. 2022</a>', 1, NULL, NULL, NULL),
(216, 'Empidonax hammondii', 'Hammond''s Flycatcher', 100, 2, '<a target=''_blank'' href=''https://www.universityofalaskamuseumbirds.org/''>Gibson et al. 2022</a>', 1, NULL, NULL, NULL),
(217, 'Empidonax minimus', 'Least Flycatcher', 100, 2, '<a target=''_blank'' href=''https://www.universityofalaskamuseumbirds.org/''>Gibson et al. 2022</a>', 1, NULL, NULL, NULL),
(218, 'Empidonax oberholseri', 'Dusky Flycatcher', 100, 2, '<a target=''_blank'' href=''https://www.universityofalaskamuseumbirds.org/''>Gibson et al. 2022</a>', 1, NULL, NULL, NULL),
(219, 'Empidonax traillii', 'Willow Flycatcher', 100, 2, '<a target=''_blank'' href=''https://www.universityofalaskamuseumbirds.org/''>Gibson et al. 2022</a>', 1, NULL, NULL, NULL),
(220, 'Enhydra lutris', 'Sea Otter', 101, 8, '<a target=''_blank'' href=''https://www.uaf.edu/museum/collections/mammal/current-mammal-species-of/''>UAM Mammals</a>', 1, NULL, NULL, NULL),
(221, 'Eremophila alpestris', 'Horned Lark', 102, 2, '<a target=''_blank'' href=''https://www.universityofalaskamuseumbirds.org/''>Gibson et al. 2022</a>', 1, NULL, NULL, NULL),
(222, 'Erethizon dorsatum', 'North American Porcupine', 103, 8, '<a target=''_blank'' href=''https://www.uaf.edu/museum/collections/mammal/current-mammal-species-of/''>UAM Mammals</a>', 1, NULL, NULL, NULL),
(223, 'Erignathus barbatus', 'Bearded Seal', 104, 8, '<a target=''_blank'' href=''https://www.uaf.edu/museum/collections/mammal/current-mammal-species-of/''>UAM Mammals</a>', 1, NULL, NULL, NULL),
(224, 'Eschrichtius robustus', 'Gray Whale', 105, 8, '<a target=''_blank'' href=''https://www.uaf.edu/museum/collections/mammal/current-mammal-species-of/''>UAM Mammals</a>', 1, NULL, NULL, NULL),
(225, 'Eubalaena japonica', 'North Pacific Right Whale', 106, 8, '<a target=''_blank'' href=''https://www.uaf.edu/museum/collections/mammal/current-mammal-species-of/''>UAM Mammals</a>', 1, NULL, NULL, NULL),
(226, 'Eumetopias jubatus', 'Steller Sea Lion', 107, 8, '<a target=''_blank'' href=''https://www.uaf.edu/museum/collections/mammal/current-mammal-species-of/''>UAM Mammals</a>', 1, NULL, NULL, NULL),
(227, 'Euphagus carolinus', 'Rusty Blackbird', 108, 2, '<a target=''_blank'' href=''https://www.universityofalaskamuseumbirds.org/''>Gibson et al. 2022</a>', 1, NULL, NULL, NULL),
(228, 'Euphagus cyanocephalus', 'Brewer''s Blackbird', 108, 2, '<a target=''_blank'' href=''https://www.universityofalaskamuseumbirds.org/''>Gibson et al. 2022</a>', 1, NULL, NULL, NULL),
(229, 'Falco columbarius', 'Merlin', 109, 2, '<a target=''_blank'' href=''https://www.universityofalaskamuseumbirds.org/''>Gibson et al. 2022</a>', 1, NULL, NULL, NULL),
(230, 'Falco peregrinus', 'Peregrine Falcon', 109, 2, '<a target=''_blank'' href=''https://www.universityofalaskamuseumbirds.org/''>Gibson et al. 2022</a>', 1, NULL, NULL, NULL),
(231, 'Falco rusticolus', 'Gyrfalcon', 109, 2, '<a target=''_blank'' href=''https://www.universityofalaskamuseumbirds.org/''>Gibson et al. 2022</a>', 1, NULL, NULL, NULL),
(232, 'Falco sparverius', 'American Kestrel', 109, 2, '<a target=''_blank'' href=''https://www.universityofalaskamuseumbirds.org/''>Gibson et al. 2022</a>', 1, NULL, NULL, NULL),
(233, 'Falco subbuteo', 'Eurasian Hobby', 109, 2, '<a target=''_blank'' href=''https://www.universityofalaskamuseumbirds.org/''>Gibson et al. 2022</a>', 1, NULL, NULL, NULL),
(234, 'Falco tinnunculus', 'Eurasian Kestrel', 109, 2, '<a target=''_blank'' href=''https://www.universityofalaskamuseumbirds.org/''>Gibson et al. 2022</a>', 1, NULL, NULL, NULL),
(235, 'Ficedula albicilla', 'Taiga Flycatcher', 110, 2, '<a target=''_blank'' href=''https://www.universityofalaskamuseumbirds.org/''>Gibson et al. 2022</a>', 1, NULL, NULL, NULL),
(236, 'Ficedula narcissina', 'Narcissus Flycatcher', 110, 2, '<a target=''_blank'' href=''https://www.universityofalaskamuseumbirds.org/''>Gibson et al. 2022</a>', 1, NULL, NULL, NULL),
(237, 'Fratercula cirrhata', 'Tufted Puffin', 111, 2, '<a target=''_blank'' href=''https://www.universityofalaskamuseumbirds.org/''>Gibson et al. 2022</a>', 1, NULL, NULL, NULL),
(238, 'Fratercula corniculata', 'Horned Puffin', 111, 2, '<a target=''_blank'' href=''https://www.universityofalaskamuseumbirds.org/''>Gibson et al. 2022</a>', 1, NULL, NULL, NULL),
(239, 'Fregata magnificens', 'Magnificent Frigatebird', 112, 2, '<a target=''_blank'' href=''https://www.universityofalaskamuseumbirds.org/''>Gibson et al. 2022</a>', 1, NULL, NULL, NULL),
(240, 'Fringilla montifringilla', 'Brambling', 113, 2, '<a target=''_blank'' href=''https://www.universityofalaskamuseumbirds.org/''>Gibson et al. 2022</a>', 1, NULL, NULL, NULL),
(241, 'Fulica americana', 'American Coot', 114, 2, '<a target=''_blank'' href=''https://www.universityofalaskamuseumbirds.org/''>Gibson et al. 2022</a>', 1, NULL, NULL, NULL),
(242, 'Fulica atra', 'Eurasian Coot', 114, 2, '<a target=''_blank'' href=''https://www.universityofalaskamuseumbirds.org/''>Gibson et al. 2022</a>', 1, NULL, NULL, NULL),
(243, 'Fulmarus glacialis', 'Northern Fulmar', 115, 2, '<a target=''_blank'' href=''https://www.universityofalaskamuseumbirds.org/''>Gibson et al. 2022</a>', 1, NULL, NULL, NULL),
(244, 'Gallinago delicata', 'Wilson''s Snipe', 116, 2, '<a target=''_blank'' href=''https://www.universityofalaskamuseumbirds.org/''>Gibson et al. 2022</a>', 1, NULL, NULL, NULL),
(245, 'Gallinago gallinago', 'Common Snipe', 116, 2, '<a target=''_blank'' href=''https://www.universityofalaskamuseumbirds.org/''>Gibson et al. 2022</a>', 1, NULL, NULL, NULL),
(246, 'Gallinago solitaria', 'Solitary Snipe', 116, 2, '<a target=''_blank'' href=''https://www.universityofalaskamuseumbirds.org/''>Gibson et al. 2022</a>', 1, NULL, NULL, NULL),
(247, 'Gallinago stenura', 'Pin-Tailed Snipe', 116, 2, '<a target=''_blank'' href=''https://www.universityofalaskamuseumbirds.org/''>Gibson et al. 2022</a>', 1, NULL, NULL, NULL),
(248, 'Gallinula chloropus', 'Common Moorhen', 117, 2, '<a target=''_blank'' href=''https://www.universityofalaskamuseumbirds.org/''>Gibson et al. 2022</a>', 1, NULL, NULL, NULL),
(249, 'Gavia adamsii', 'Yellow-Billed Loon', 118, 2, '<a target=''_blank'' href=''https://www.universityofalaskamuseumbirds.org/''>Gibson et al. 2022</a>', 1, NULL, NULL, NULL),
(250, 'Gavia arctica', 'Arctic Loon', 118, 2, '<a target=''_blank'' href=''https://www.universityofalaskamuseumbirds.org/''>Gibson et al. 2022</a>', 1, NULL, NULL, NULL),
(251, 'Gavia immer', 'Common Loon', 118, 2, '<a target=''_blank'' href=''https://www.universityofalaskamuseumbirds.org/''>Gibson et al. 2022</a>', 1, NULL, NULL, NULL),
(252, 'Gavia pacifica', 'Pacific Loon', 118, 2, '<a target=''_blank'' href=''https://www.universityofalaskamuseumbirds.org/''>Gibson et al. 2022</a>', 1, NULL, NULL, NULL),
(253, 'Gavia stellata', 'Red-Throated Loon', 118, 2, '<a target=''_blank'' href=''https://www.universityofalaskamuseumbirds.org/''>Gibson et al. 2022</a>', 1, NULL, NULL, NULL),
(254, 'Geothlypis philadelphia', 'Mourning Warbler', 119, 2, '<a target=''_blank'' href=''https://www.universityofalaskamuseumbirds.org/''>Gibson et al. 2022</a>', 1, NULL, NULL, NULL),
(255, 'Geothlypis tolmiei', 'MacGillivray’s Warbler', 119, 2, '<a target=''_blank'' href=''https://www.universityofalaskamuseumbirds.org/''>Gibson et al. 2022</a>', 1, NULL, NULL, NULL),
(256, 'Geothlypis trichas', 'Common Yellowthroat', 119, 2, '<a target=''_blank'' href=''https://www.universityofalaskamuseumbirds.org/''>Gibson et al. 2022</a>', 1, NULL, NULL, NULL),
(257, 'Glareola maldivarum', 'Oriental Pratincole', 120, 2, '<a target=''_blank'' href=''https://www.universityofalaskamuseumbirds.org/''>Gibson et al. 2022</a>', 1, NULL, NULL, NULL),
(258, 'Glaucidium gnoma', 'Northern Pygmy-Owl', 121, 2, '<a target=''_blank'' href=''https://www.universityofalaskamuseumbirds.org/''>Gibson et al. 2022</a>', 1, NULL, NULL, NULL),
(259, 'Glaucomys sabrinus', 'Northern Flying Squirrel', 122, 8, '<a target=''_blank'' href=''https://www.uaf.edu/museum/collections/mammal/current-mammal-species-of/''>UAM Mammals</a>', 1, NULL, NULL, NULL),
(260, 'Globicephala macrorhynchus', 'Short-Finned Pilot Whale', 123, 8, '<a target=''_blank'' href=''https://www.uaf.edu/museum/collections/mammal/current-mammal-species-of/''>UAM Mammals</a>', 1, NULL, NULL, NULL),
(261, 'Grampus griseus', 'Risso''s Dolphin', 124, 8, '<a target=''_blank'' href=''https://www.uaf.edu/museum/collections/mammal/current-mammal-species-of/''>UAM Mammals</a>', 1, NULL, NULL, NULL),
(262, 'Grus grus', 'Common Crane', 125, 2, '<a target=''_blank'' href=''https://www.universityofalaskamuseumbirds.org/''>Gibson et al. 2022</a>', 1, NULL, NULL, NULL),
(263, 'Grus monacha', 'Hooded Crane', 125, 2, '<a target=''_blank'' href=''https://www.universityofalaskamuseumbirds.org/''>Gibson et al. 2022</a>', 1, NULL, NULL, NULL),
(264, 'Gulo gulo', 'Wolverine', 126, 8, '<a target=''_blank'' href=''https://www.uaf.edu/museum/collections/mammal/current-mammal-species-of/''>UAM Mammals</a>', 1, NULL, NULL, NULL),
(265, 'Haematopus bachmani', 'Black Oystercatcher', 127, 2, '<a target=''_blank'' href=''https://www.universityofalaskamuseumbirds.org/''>Gibson et al. 2022</a>', 1, NULL, NULL, NULL),
(266, 'Haematopus ostralegus', 'Eurasian Oystercatcher', 127, 2, '<a target=''_blank'' href=''https://www.universityofalaskamuseumbirds.org/''>Gibson et al. 2022</a>', 1, NULL, NULL, NULL),
(267, 'Haemorhous cassinii', 'Cassin''s Finch', 128, 2, '<a target=''_blank'' href=''https://www.universityofalaskamuseumbirds.org/''>Gibson et al. 2022</a>', 1, NULL, NULL, NULL),
(268, 'Haemorhous mexicanus', 'House Finch', 128, 2, '<a target=''_blank'' href=''https://www.universityofalaskamuseumbirds.org/''>Gibson et al. 2022</a>', 1, NULL, NULL, NULL),
(269, 'Haemorhous purpureus', 'Purple Finch', 128, 2, '<a target=''_blank'' href=''https://www.universityofalaskamuseumbirds.org/''>Gibson et al. 2022</a>', 1, NULL, NULL, NULL),
(270, 'Haliaeetus albicilla', 'White-Tailed Eagle', 129, 2, '<a target=''_blank'' href=''https://www.universityofalaskamuseumbirds.org/''>Gibson et al. 2022</a>', 1, NULL, NULL, NULL),
(271, 'Haliaeetus leucocephalus', 'Bald Eagle', 129, 2, '<a target=''_blank'' href=''https://www.universityofalaskamuseumbirds.org/''>Gibson et al. 2022</a>', 1, NULL, NULL, NULL),
(272, 'Haliaeetus pelagicus', 'Steller''s Sea-Eagle', 129, 2, '<a target=''_blank'' href=''https://www.universityofalaskamuseumbirds.org/''>Gibson et al. 2022</a>', 1, NULL, NULL, NULL),
(273, 'Helopsaltes certhiola', 'Pallas’s Grasshopper-Warbler', 130, 2, '<a target=''_blank'' href=''https://www.universityofalaskamuseumbirds.org/''>Gibson et al. 2022</a>', 1, NULL, NULL, NULL),
(274, 'Helopsaltes ochotensis', 'Middendorff''s Grasshopper-Warbler', 130, 2, '<a target=''_blank'' href=''https://www.universityofalaskamuseumbirds.org/''>Gibson et al. 2022</a>', 1, NULL, NULL, NULL),
(275, 'Himantopus himantopus', 'Black-Winged Stilt', 131, 2, '<a target=''_blank'' href=''https://www.universityofalaskamuseumbirds.org/''>Gibson et al. 2022</a>', 1, NULL, NULL, NULL),
(276, 'Hirundapus caudacutus', 'White-Throated Needletail', 132, 2, '<a target=''_blank'' href=''https://www.universityofalaskamuseumbirds.org/''>Gibson et al. 2022</a>', 1, NULL, NULL, NULL),
(277, 'Hirundo rustica', 'Barn Swallow', 133, 2, '<a target=''_blank'' href=''https://www.universityofalaskamuseumbirds.org/''>Gibson et al. 2022</a>', 1, NULL, NULL, NULL),
(278, 'Histrionicus histrionicus', 'Harlequin Duck', 134, 2, '<a target=''_blank'' href=''https://www.universityofalaskamuseumbirds.org/''>Gibson et al. 2022</a>', 1, NULL, NULL, NULL),
(279, 'Histriophoca fasciata', 'Ribbon Seal', 135, 8, '<a target=''_blank'' href=''https://www.uaf.edu/museum/collections/mammal/current-mammal-species-of/''>UAM Mammals</a>', 1, NULL, NULL, NULL),
(280, 'Hydrobates furcatus', 'Fork-Tailed Storm-Petrel', 136, 2, '<a target=''_blank'' href=''https://www.universityofalaskamuseumbirds.org/''>Gibson et al. 2022</a>', 1, NULL, NULL, NULL),
(281, 'Hydrobates leucorhous', 'Leach''s Storm-Petrel', 136, 2, '<a target=''_blank'' href=''https://www.universityofalaskamuseumbirds.org/''>Gibson et al. 2022</a>', 1, NULL, NULL, NULL),
(282, 'Hydrocoloeus minutus', 'Little Gull', 137, 2, '<a target=''_blank'' href=''https://www.universityofalaskamuseumbirds.org/''>Gibson et al. 2022</a>', 1, NULL, NULL, NULL),
(283, 'Hydroprogne caspia', 'Caspian Tern', 138, 2, '<a target=''_blank'' href=''https://www.universityofalaskamuseumbirds.org/''>Gibson et al. 2022</a>', 1, NULL, NULL, NULL),
(284, 'Hylocichla mustelina', 'Wood Thrush', 139, 2, '<a target=''_blank'' href=''https://www.universityofalaskamuseumbirds.org/''>Gibson et al. 2022</a>', 1, NULL, NULL, NULL),
(285, 'Ichthyaetus ichthyaetus', 'Pallas''s Gull', 140, 2, '<a target=''_blank'' href=''https://www.universityofalaskamuseumbirds.org/''>Gibson et al. 2022</a>', 1, NULL, NULL, NULL),
(286, 'Icterus bullockii', 'Bullock''s Oriole', 141, 2, '<a target=''_blank'' href=''https://www.universityofalaskamuseumbirds.org/''>Gibson et al. 2022</a>', 1, NULL, NULL, NULL),
(287, 'Icterus cucullatus', 'Hooded Oriole', 141, 2, '<a target=''_blank'' href=''https://www.universityofalaskamuseumbirds.org/''>Gibson et al. 2022</a>', 1, NULL, NULL, NULL),
(288, 'Icterus spurius', 'Orchard Oriole', 141, 2, '<a target=''_blank'' href=''https://www.universityofalaskamuseumbirds.org/''>Gibson et al. 2022</a>', 1, NULL, NULL, NULL),
(289, 'Ixobrychus sinensis', 'Yellow Bittern', 142, 2, '<a target=''_blank'' href=''https://www.universityofalaskamuseumbirds.org/''>Gibson et al. 2022</a>', 1, NULL, NULL, NULL),
(290, 'Ixoreus naevius', 'Varied Thrush', 143, 2, '<a target=''_blank'' href=''https://www.universityofalaskamuseumbirds.org/''>Gibson et al. 2022</a>', 1, NULL, NULL, NULL),
(291, 'Junco hyemalis', 'Dark-Eyed Junco', 144, 2, '<a target=''_blank'' href=''https://www.universityofalaskamuseumbirds.org/''>Gibson et al. 2022</a>', 1, NULL, NULL, NULL),
(292, 'Jynx torquilla', 'Eurasian Wryneck', 145, 2, '<a target=''_blank'' href=''https://www.universityofalaskamuseumbirds.org/''>Gibson et al. 2022</a>', 1, NULL, NULL, NULL),
(293, 'Kogia breviceps', 'Pygmy Sperm Whale', 146, 8, '<a target=''_blank'' href=''https://www.uaf.edu/museum/collections/mammal/current-mammal-species-of/''>UAM Mammals</a>', 1, NULL, NULL, NULL),
(294, 'Lagopus lagopus', 'Willow Ptarmigan', 147, 2, '<a target=''_blank'' href=''https://www.universityofalaskamuseumbirds.org/''>Gibson et al. 2022</a>', 1, NULL, NULL, NULL),
(295, 'Lagopus leucura', 'White-Tailed Ptarmigan', 147, 2, '<a target=''_blank'' href=''https://www.universityofalaskamuseumbirds.org/''>Gibson et al. 2022</a>', 1, NULL, NULL, NULL),
(296, 'Lagopus muta', 'Rock Ptarmigan', 147, 2, '<a target=''_blank'' href=''https://www.universityofalaskamuseumbirds.org/''>Gibson et al. 2022</a>', 1, NULL, NULL, NULL),
(297, 'Lanius borealis', 'Northern Shrike', 148, 2, '<a target=''_blank'' href=''https://www.universityofalaskamuseumbirds.org/''>Gibson et al. 2022</a>', 1, NULL, NULL, NULL),
(298, 'Lanius collurio', 'Red-backed Shrike', 148, 2, '<a target=''_blank'' href=''https://www.universityofalaskamuseumbirds.org/''>Gibson et al. 2022</a>', 1, NULL, NULL, NULL),
(299, 'Lanius cristatus', 'Brown Shrike', 148, 2, '<a target=''_blank'' href=''https://www.universityofalaskamuseumbirds.org/''>Gibson et al. 2022</a>', 1, NULL, NULL, NULL),
(300, 'Larus argentatus', 'Herring Gull', 149, 2, '<a target=''_blank'' href=''https://www.universityofalaskamuseumbirds.org/''>Gibson et al. 2022</a>', 1, NULL, NULL, NULL),
(301, 'Larus brachyrhynchus', 'Short-billed Gull', 149, 2, '<a target=''_blank'' href=''https://www.universityofalaskamuseumbirds.org/''>Gibson et al. 2022</a>', 1, NULL, NULL, NULL),
(302, 'Larus californicus', 'California Gull', 149, 2, '<a target=''_blank'' href=''https://www.universityofalaskamuseumbirds.org/''>Gibson et al. 2022</a>', 1, NULL, NULL, NULL),
(303, 'Larus canus', 'Common Gull', 149, 2, '<a target=''_blank'' href=''https://www.universityofalaskamuseumbirds.org/''>Gibson et al. 2022</a>', 1, NULL, NULL, NULL),
(304, 'Larus crassirostris', 'Black-Tailed Gull', 149, 2, '<a target=''_blank'' href=''https://www.universityofalaskamuseumbirds.org/''>Gibson et al. 2022</a>', 1, NULL, NULL, NULL),
(305, 'Larus delawarensis', 'Ring-Billed Gull', 149, 2, '<a target=''_blank'' href=''https://www.universityofalaskamuseumbirds.org/''>Gibson et al. 2022</a>', 1, NULL, NULL, NULL),
(306, 'Larus fuscus', 'Lesser Black-Backed Gull', 149, 2, '<a target=''_blank'' href=''https://www.universityofalaskamuseumbirds.org/''>Gibson et al. 2022</a>', 1, NULL, NULL, NULL),
(307, 'Larus glaucescens', 'Glaucous-Winged Gull', 149, 2, '<a target=''_blank'' href=''https://www.universityofalaskamuseumbirds.org/''>Gibson et al. 2022</a>', 1, NULL, NULL, NULL),
(308, 'Larus glaucoides', 'Iceland Gull', 149, 2, '<a target=''_blank'' href=''https://www.universityofalaskamuseumbirds.org/''>Gibson et al. 2022</a>', 1, NULL, NULL, NULL),
(309, 'Larus heermanni', 'Heermann''s Gull', 149, 2, '<a target=''_blank'' href=''https://www.universityofalaskamuseumbirds.org/''>Gibson et al. 2022</a>', 1, NULL, NULL, NULL),
(310, 'Larus hyperboreus', 'Glaucous Gull', 149, 2, '<a target=''_blank'' href=''https://www.universityofalaskamuseumbirds.org/''>Gibson et al. 2022</a>', 1, NULL, NULL, NULL),
(311, 'Larus marinus', 'Great Black-Backed Gull', 149, 2, '<a target=''_blank'' href=''https://www.universityofalaskamuseumbirds.org/''>Gibson et al. 2022</a>', 1, NULL, NULL, NULL),
(312, 'Larus occidentalis', 'Western Gull', 149, 2, '<a target=''_blank'' href=''https://www.universityofalaskamuseumbirds.org/''>Gibson et al. 2022</a>', 1, NULL, NULL, NULL),
(313, 'Larus schistisagus', 'Slaty-Backed Gull', 149, 2, '<a target=''_blank'' href=''https://www.universityofalaskamuseumbirds.org/''>Gibson et al. 2022</a>', 1, NULL, NULL, NULL),
(314, 'Larvivora cyane', 'Siberian Blue Robin', 150, 2, '<a target=''_blank'' href=''https://www.universityofalaskamuseumbirds.org/''>Gibson et al. 2022</a>', 1, NULL, NULL, NULL),
(315, 'Larvivora sibilans', 'Rufous-Tailed Robin', 150, 2, '<a target=''_blank'' href=''https://www.universityofalaskamuseumbirds.org/''>Gibson et al. 2022</a>', 1, NULL, NULL, NULL),
(316, 'Lasionycteris noctivagans', 'Silver-Haired Bat', 151, 8, '<a target=''_blank'' href=''https://www.uaf.edu/museum/collections/mammal/current-mammal-species-of/''>UAM Mammals</a>', 1, NULL, NULL, NULL),
(317, 'Lasiurus cinereus', 'Hoary Bat', 152, 8, '<a target=''_blank'' href=''https://www.uaf.edu/museum/collections/mammal/current-mammal-species-of/''>UAM Mammals</a>', 1, NULL, NULL, NULL),
(318, 'Leiothlypis celata', 'Orange-Crowned Warbler', 153, 2, '<a target=''_blank'' href=''https://www.universityofalaskamuseumbirds.org/''>Gibson et al. 2022</a>', 1, NULL, NULL, NULL),
(319, 'Leiothlypis peregrina', 'Tennessee Warbler', 153, 2, '<a target=''_blank'' href=''https://www.universityofalaskamuseumbirds.org/''>Gibson et al. 2022</a>', 1, NULL, NULL, NULL),
(320, 'Leiothlypis ruficapilla', 'Nashville Warbler', 153, 2, '<a target=''_blank'' href=''https://www.universityofalaskamuseumbirds.org/''>Gibson et al. 2022</a>', 1, NULL, NULL, NULL),
(321, 'Lemmus trimucronatus', 'Nearctic Brown Lemming', 154, 8, '<a target=''_blank'' href=''https://www.uaf.edu/museum/collections/mammal/current-mammal-species-of/''>UAM Mammals</a>', 1, NULL, NULL, NULL),
(322, 'Lepidochelys olivacea', 'Olive Ridley Seaturtle', 155, 6, '<a target=''_blank'' href=''https://faunaofalaska.org/wp-content/uploads/MacDonald_2010_Amphibians_and_Reptiles_of_Alaska.pdf''>MacDonald 2010</a>', 1, TRUE, FALSE, NULL),
(323, 'Lepus americanus', 'Snowshoe Hare', 156, 8, '<a target=''_blank'' href=''https://www.uaf.edu/museum/collections/mammal/current-mammal-species-of/''>UAM Mammals</a>', 1, NULL, NULL, NULL),
(324, 'Lepus othus', 'Alaskan Hare', 156, 8, '<a target=''_blank'' href=''https://www.uaf.edu/museum/collections/mammal/current-mammal-species-of/''>UAM Mammals</a>', 1, NULL, NULL, NULL),
(325, 'Leucophaeus atricilla', 'Laughing Gull', 157, 2, '<a target=''_blank'' href=''https://www.universityofalaskamuseumbirds.org/''>Gibson et al. 2022</a>', 1, NULL, NULL, NULL),
(326, 'Leucophaeus pipixcan', 'Franklin''s Gull', 157, 2, '<a target=''_blank'' href=''https://www.universityofalaskamuseumbirds.org/''>Gibson et al. 2022</a>', 1, NULL, NULL, NULL),
(327, 'Leucosticte arctoa', 'Asian Rosy-Finch', 158, 2, '<a target=''_blank'' href=''https://www.universityofalaskamuseumbirds.org/''>Gibson et al. 2022</a>', 1, NULL, NULL, NULL),
(328, 'Leucosticte tephrocotis', 'Gray-Crowned Rosy-Finch', 158, 2, '<a target=''_blank'' href=''https://www.universityofalaskamuseumbirds.org/''>Gibson et al. 2022</a>', 1, NULL, NULL, NULL),
(329, 'Limnodromus griseus', 'Short-Billed Dowitcher', 159, 2, '<a target=''_blank'' href=''https://www.universityofalaskamuseumbirds.org/''>Gibson et al. 2022</a>', 1, NULL, NULL, NULL),
(330, 'Limnodromus scolopaceus', 'Long-Billed Dowitcher', 159, 2, '<a target=''_blank'' href=''https://www.universityofalaskamuseumbirds.org/''>Gibson et al. 2022</a>', 1, NULL, NULL, NULL),
(331, 'Limosa fedoa', 'Marbled Godwit', 160, 2, '<a target=''_blank'' href=''https://www.universityofalaskamuseumbirds.org/''>Gibson et al. 2022</a>', 1, NULL, NULL, NULL),
(332, 'Limosa haemastica', 'Hudsonian Godwit', 160, 2, '<a target=''_blank'' href=''https://www.universityofalaskamuseumbirds.org/''>Gibson et al. 2022</a>', 1, NULL, NULL, NULL),
(333, 'Limosa lapponica', 'Bar-Tailed Godwit', 160, 2, '<a target=''_blank'' href=''https://www.universityofalaskamuseumbirds.org/''>Gibson et al. 2022</a>', 1, NULL, NULL, NULL),
(334, 'Limosa limosa', 'Black-Tailed Godwit', 160, 2, '<a target=''_blank'' href=''https://www.universityofalaskamuseumbirds.org/''>Gibson et al. 2022</a>', 1, NULL, NULL, NULL),
(335, 'Lissodelphis borealis', 'Northern Right Whale Dolphin', 161, 8, '<a target=''_blank'' href=''https://www.uaf.edu/museum/collections/mammal/current-mammal-species-of/''>UAM Mammals</a>', 1, NULL, NULL, NULL),
(336, 'Lithobates sylvaticus', 'Wood Frog', 162, 6, '<a target=''_blank'' href=''https://faunaofalaska.org/wp-content/uploads/MacDonald_2010_Amphibians_and_Reptiles_of_Alaska.pdf''>MacDonald 2010</a>', 1, TRUE, FALSE, NULL),
(337, 'Locustella fluviatilis', 'River Warbler', 163, 2, '<a target=''_blank'' href=''https://www.universityofalaskamuseumbirds.org/''>Gibson et al. 2022</a>', 1, NULL, NULL, NULL),
(338, 'Locustella lanceolata', 'Lanceolated Warbler', 163, 2, '<a target=''_blank'' href=''https://www.universityofalaskamuseumbirds.org/''>Gibson et al. 2022</a>', 1, NULL, NULL, NULL),
(339, 'Lontra canadensis', 'North American River Otter', 164, 8, '<a target=''_blank'' href=''https://www.uaf.edu/museum/collections/mammal/current-mammal-species-of/''>UAM Mammals</a>', 1, NULL, NULL, NULL),
(340, 'Lophodytes cucullatus', 'Hooded Merganser', 165, 2, '<a target=''_blank'' href=''https://www.universityofalaskamuseumbirds.org/''>Gibson et al. 2022</a>', 1, NULL, NULL, NULL),
(341, 'Loxia curvirostra', 'Red Crossbill', 166, 2, '<a target=''_blank'' href=''https://www.universityofalaskamuseumbirds.org/''>Gibson et al. 2022</a>', 1, NULL, NULL, NULL),
(342, 'Loxia leucoptera', 'White-Winged Crossbill', 166, 2, '<a target=''_blank'' href=''https://www.universityofalaskamuseumbirds.org/''>Gibson et al. 2022</a>', 1, NULL, NULL, NULL),
(343, 'Lymnocryptes minimus', 'Jack Snipe', 167, 2, '<a target=''_blank'' href=''https://www.universityofalaskamuseumbirds.org/''>Gibson et al. 2022</a>', 1, NULL, NULL, NULL),
(344, 'Lynx canadensis', 'Canadian Lynx', 168, 8, '<a target=''_blank'' href=''https://www.uaf.edu/museum/collections/mammal/current-mammal-species-of/''>UAM Mammals</a>', 1, NULL, NULL, NULL),
(345, 'Mareca americana', 'American Wigeon', 169, 2, '<a target=''_blank'' href=''https://www.universityofalaskamuseumbirds.org/''>Gibson et al. 2022</a>', 1, NULL, NULL, NULL),
(346, 'Mareca falcata', 'Falcated Duck', 169, 2, '<a target=''_blank'' href=''https://www.universityofalaskamuseumbirds.org/''>Gibson et al. 2022</a>', 1, NULL, NULL, NULL),
(347, 'Mareca penelope', 'Eurasian Wigeon', 169, 2, '<a target=''_blank'' href=''https://www.universityofalaskamuseumbirds.org/''>Gibson et al. 2022</a>', 1, NULL, NULL, NULL),
(348, 'Mareca strepera', 'Gadwall', 169, 2, '<a target=''_blank'' href=''https://www.universityofalaskamuseumbirds.org/''>Gibson et al. 2022</a>', 1, NULL, NULL, NULL),
(349, 'Marmota broweri', 'Alaska Marmot', 170, 8, '<a target=''_blank'' href=''https://www.uaf.edu/museum/collections/mammal/current-mammal-species-of/''>UAM Mammals</a>', 1, NULL, NULL, NULL),
(350, 'Marmota caligata', 'Hoary Marmot', 170, 8, '<a target=''_blank'' href=''https://www.uaf.edu/museum/collections/mammal/current-mammal-species-of/''>UAM Mammals</a>', 1, NULL, NULL, NULL),
(351, 'Marmota monax', 'Woodchuck', 170, 8, '<a target=''_blank'' href=''https://www.uaf.edu/museum/collections/mammal/current-mammal-species-of/''>UAM Mammals</a>', 1, NULL, NULL, NULL),
(352, 'Martes americana', 'American Marten', 171, 8, '<a target=''_blank'' href=''https://www.uaf.edu/museum/collections/mammal/current-mammal-species-of/''>UAM Mammals</a>', 1, NULL, NULL, NULL),
(353, 'Martes caurina', 'Pacific Marten', 171, 8, '<a target=''_blank'' href=''https://www.uaf.edu/museum/collections/mammal/current-mammal-species-of/''>UAM Mammals</a>', 1, NULL, NULL, NULL),
(354, 'Martes pennanti', 'Fisher', 171, 8, '<a target=''_blank'' href=''https://www.uaf.edu/museum/collections/mammal/current-mammal-species-of/''>UAM Mammals</a>', 1, NULL, NULL, NULL),
(355, 'Megaceryle alcyon', 'Belted Kingfisher', 172, 2, '<a target=''_blank'' href=''https://www.universityofalaskamuseumbirds.org/''>Gibson et al. 2022</a>', 1, NULL, NULL, NULL),
(356, 'Megaptera novaeangliae', 'Humpback Whale', 173, 8, '<a target=''_blank'' href=''https://www.uaf.edu/museum/collections/mammal/current-mammal-species-of/''>UAM Mammals</a>', 1, NULL, NULL, NULL),
(357, 'Megascops kennicottii', 'Western Screech-Owl', 174, 2, '<a target=''_blank'' href=''https://www.universityofalaskamuseumbirds.org/''>Gibson et al. 2022</a>', 1, NULL, NULL, NULL),
(358, 'Melanerpes lewis', 'Lewis’s Woodpecker', 175, 2, '<a target=''_blank'' href=''https://www.universityofalaskamuseumbirds.org/''>Gibson et al. 2022</a>', 1, NULL, NULL, NULL),
(359, 'Melanitta americana', 'Black Scoter', 176, 2, '<a target=''_blank'' href=''https://www.universityofalaskamuseumbirds.org/''>Gibson et al. 2022</a>', 1, NULL, NULL, NULL),
(360, 'Melanitta deglandi', 'White-Winged Scoter', 176, 2, '<a target=''_blank'' href=''https://www.universityofalaskamuseumbirds.org/''>Gibson et al. 2022</a>', 1, NULL, NULL, NULL),
(361, 'Melanitta perspicillata', 'Surf Scoter', 176, 2, '<a target=''_blank'' href=''https://www.universityofalaskamuseumbirds.org/''>Gibson et al. 2022</a>', 1, NULL, NULL, NULL),
(362, 'Melanitta stejnegeri', 'Stejneger’s Scoter', 176, 2, '<a target=''_blank'' href=''https://www.universityofalaskamuseumbirds.org/''>Gibson et al. 2022</a>', 1, NULL, NULL, NULL),
(363, 'Melospiza georgiana', 'Swamp Sparrow', 177, 2, '<a target=''_blank'' href=''https://www.universityofalaskamuseumbirds.org/''>Gibson et al. 2022</a>', 1, NULL, NULL, NULL),
(364, 'Melospiza lincolnii', 'Lincoln''s Sparrow', 177, 2, '<a target=''_blank'' href=''https://www.universityofalaskamuseumbirds.org/''>Gibson et al. 2022</a>', 1, NULL, NULL, NULL),
(365, 'Melospiza melodia', 'Song Sparrow', 177, 2, '<a target=''_blank'' href=''https://www.universityofalaskamuseumbirds.org/''>Gibson et al. 2022</a>', 1, NULL, NULL, NULL),
(366, 'Mergellus albellus', 'Smew', 178, 2, '<a target=''_blank'' href=''https://www.universityofalaskamuseumbirds.org/''>Gibson et al. 2022</a>', 1, NULL, NULL, NULL),
(367, 'Mergus merganser', 'Common Merganser', 179, 2, '<a target=''_blank'' href=''https://www.universityofalaskamuseumbirds.org/''>Gibson et al. 2022</a>', 1, NULL, NULL, NULL),
(368, 'Mergus serrator', 'Red-Breasted Merganser', 179, 2, '<a target=''_blank'' href=''https://www.universityofalaskamuseumbirds.org/''>Gibson et al. 2022</a>', 1, NULL, NULL, NULL),
(369, 'Mesoplodon stejnegeri', 'Bering Sea Beaked Whale', 180, 8, '<a target=''_blank'' href=''https://www.uaf.edu/museum/collections/mammal/current-mammal-species-of/''>UAM Mammals</a>', 1, NULL, NULL, NULL),
(370, 'Microtus longicaudus', 'Long-Tailed Vole', 181, 8, '<a target=''_blank'' href=''https://www.uaf.edu/museum/collections/mammal/current-mammal-species-of/''>UAM Mammals</a>', 1, NULL, NULL, NULL),
(371, 'Microtus miurus', 'Singing Vole', 181, 8, '<a target=''_blank'' href=''https://www.uaf.edu/museum/collections/mammal/current-mammal-species-of/''>UAM Mammals</a>', 1, NULL, NULL, NULL),
(372, 'Microtus oeconomus', 'Root Vole', 181, 8, '<a target=''_blank'' href=''https://www.uaf.edu/museum/collections/mammal/current-mammal-species-of/''>UAM Mammals</a>', 1, NULL, NULL, NULL),
(373, 'Microtus pennsylvanicus', 'Meadow Vole', 181, 8, '<a target=''_blank'' href=''https://www.uaf.edu/museum/collections/mammal/current-mammal-species-of/''>UAM Mammals</a>', 1, NULL, NULL, NULL),
(374, 'Microtus xanthognathus', 'Taiga Vole', 181, 8, '<a target=''_blank'' href=''https://www.uaf.edu/museum/collections/mammal/current-mammal-species-of/''>UAM Mammals</a>', 1, NULL, NULL, NULL),
(375, 'Milvus migrans', 'Black Kite', 182, 2, '<a target=''_blank'' href=''https://www.universityofalaskamuseumbirds.org/''>Gibson et al. 2022</a>', 1, NULL, NULL, NULL),
(376, 'Mimus polyglottos', 'Northern Mockingbird', 183, 2, '<a target=''_blank'' href=''https://www.universityofalaskamuseumbirds.org/''>Gibson et al. 2022</a>', 1, NULL, NULL, NULL),
(377, 'Mirounga angustirostris', 'Northern Elephant Seal', 184, 8, '<a target=''_blank'' href=''https://www.uaf.edu/museum/collections/mammal/current-mammal-species-of/''>UAM Mammals</a>', 1, NULL, NULL, NULL),
(378, 'Mniotilta varia', 'Black-And-White Warbler', 185, 2, '<a target=''_blank'' href=''https://www.universityofalaskamuseumbirds.org/''>Gibson et al. 2022</a>', 1, NULL, NULL, NULL),
(379, 'Molothrus ater', 'Brown-Headed Cowbird', 186, 2, '<a target=''_blank'' href=''https://www.universityofalaskamuseumbirds.org/''>Gibson et al. 2022</a>', 1, NULL, NULL, NULL),
(380, 'Monodon monoceros', 'Narwhal', 187, 8, '<a target=''_blank'' href=''https://www.uaf.edu/museum/collections/mammal/current-mammal-species-of/''>UAM Mammals</a>', 1, NULL, NULL, NULL),
(381, 'Monticola saxatilis', 'Rufous-tailed Rock-Thrush', 188, 2, '<a target=''_blank'' href=''https://www.universityofalaskamuseumbirds.org/''>Gibson et al. 2022</a>', 1, NULL, NULL, NULL),
(382, 'Motacilla alba', 'White Wagtail', 189, 2, '<a target=''_blank'' href=''https://www.universityofalaskamuseumbirds.org/''>Gibson et al. 2022</a>', 1, NULL, NULL, NULL),
(383, 'Motacilla cinerea', 'Gray Wagtail', 189, 2, '<a target=''_blank'' href=''https://www.universityofalaskamuseumbirds.org/''>Gibson et al. 2022</a>', 1, NULL, NULL, NULL),
(384, 'Motacilla tschutschensis', 'Eastern Yellow Wagtail', 189, 2, '<a target=''_blank'' href=''https://www.universityofalaskamuseumbirds.org/''>Gibson et al. 2022</a>', 1, NULL, NULL, NULL),
(385, 'Mus musculus', 'House Mouse', 190, 8, '<a target=''_blank'' href=''https://www.uaf.edu/museum/collections/mammal/current-mammal-species-of/''>UAM Mammals</a>', 1, TRUE, FALSE, NULL),
(386, 'Muscicapa dauurica', 'Asian Brown Flycatcher', 191, 2, '<a target=''_blank'' href=''https://www.universityofalaskamuseumbirds.org/''>Gibson et al. 2022</a>', 1, NULL, NULL, NULL),
(387, 'Muscicapa griseisticta', 'Gray-Streaked Flycatcher', 191, 2, '<a target=''_blank'' href=''https://www.universityofalaskamuseumbirds.org/''>Gibson et al. 2022</a>', 1, NULL, NULL, NULL),
(388, 'Muscicapa sibirica', 'Dark-Sided Flycatcher', 191, 2, '<a target=''_blank'' href=''https://www.universityofalaskamuseumbirds.org/''>Gibson et al. 2022</a>', 1, NULL, NULL, NULL),
(389, 'Muscicapa striata', 'Spotted Flycatcher', 191, 2, '<a target=''_blank'' href=''https://www.universityofalaskamuseumbirds.org/''>Gibson et al. 2022</a>', 1, NULL, NULL, NULL),
(390, 'Mustela erminea', 'Beringian Ermine', 192, 1, '<a target=''_blank'' href=''https://doi.org/10.1111/ddi.13234''>Colella et al. 2021</a>', 1, TRUE, FALSE, NULL),
(391, 'Mustela haidarum', 'Haida Ermine', 192, 1, '<a target=''_blank'' href=''https://doi.org/10.1111/ddi.13234''>Colella et al. 2021</a>', 1, TRUE, FALSE, NULL),
(392, 'Mustela nivalis', 'Least Weasel', 192, 8, '<a target=''_blank'' href=''https://www.uaf.edu/museum/collections/mammal/current-mammal-species-of/''>UAM Mammals</a>', 1, NULL, NULL, NULL),
(393, 'Mustela richardsonii', 'American Ermine', 192, 1, '<a target=''_blank'' href=''https://doi.org/10.1111/ddi.13234''>Colella et al. 2021</a>', 1, TRUE, FALSE, NULL),
(394, 'Myadestes townsendi', 'Townsend''s Solitaire', 193, 2, '<a target=''_blank'' href=''https://www.universityofalaskamuseumbirds.org/''>Gibson et al. 2022</a>', 1, NULL, NULL, NULL),
(395, 'Myiarchus cinerascens', 'Ash-throated Flycatcher', 194, 2, '<a target=''_blank'' href=''https://www.universityofalaskamuseumbirds.org/''>Gibson et al. 2022</a>', 1, NULL, NULL, NULL),
(396, 'Myiarchus crinitus', 'Great Crested Flycatcher', 194, 2, '<a target=''_blank'' href=''https://www.universityofalaskamuseumbirds.org/''>Gibson et al. 2022</a>', 1, NULL, NULL, NULL),
(397, 'Myodes gapperi', 'Southern Red-Backed Vole', 195, 8, '<a target=''_blank'' href=''https://www.uaf.edu/museum/collections/mammal/current-mammal-species-of/''>UAM Mammals</a>', 1, NULL, NULL, NULL),
(398, 'Myodes rutilus', 'Northern Red-Backed Vole', 195, 8, '<a target=''_blank'' href=''https://www.uaf.edu/museum/collections/mammal/current-mammal-species-of/''>UAM Mammals</a>', 1, NULL, NULL, NULL),
(399, 'Myotis californicus', 'California Myotis', 196, 8, '<a target=''_blank'' href=''https://www.uaf.edu/museum/collections/mammal/current-mammal-species-of/''>UAM Mammals</a>', 1, NULL, NULL, NULL),
(400, 'Myotis evotis', 'Long-Eared Myotis', 196, 4, '<a target=''_blank'' href=''https://doi.org/10.1139/cjz-2018-0113''>Lausen et al. 2019</a>', 1, NULL, NULL, NULL),
(401, 'Myotis lucifugus', 'Little Brown Myotis', 196, 8, '<a target=''_blank'' href=''https://www.uaf.edu/museum/collections/mammal/current-mammal-species-of/''>UAM Mammals</a>', 1, NULL, NULL, NULL),
(402, 'Myotis volans', 'Long-Legged Myotis', 196, 8, '<a target=''_blank'' href=''https://www.uaf.edu/museum/collections/mammal/current-mammal-species-of/''>UAM Mammals</a>', 1, NULL, NULL, NULL),
(403, 'Myotis yumanensis', 'Yuma Bat', 196, 8, '<a target=''_blank'' href=''https://www.uaf.edu/museum/collections/mammal/current-mammal-species-of/''>UAM Mammals</a>', 1, NULL, NULL, NULL),
(404, 'Nannopterum auritum', 'Double-Crested Cormorant', 197, 2, '<a target=''_blank'' href=''https://www.universityofalaskamuseumbirds.org/''>Gibson et al. 2022</a>', 1, NULL, NULL, NULL),
(405, 'Neogale vison', 'American Mink', 198, 9, '<a target=''_blank'' href=''http://dx.doi.org/10.52547/JAD.2021.3.2.1''>UAM Mammals</a>', 1, TRUE, NULL, FALSE),
(406, 'Neotoma cinerea', 'Bushy-Tailed Woodrat', 199, 8, '<a target=''_blank'' href=''https://www.uaf.edu/museum/collections/mammal/current-mammal-species-of/''>UAM Mammals</a>', 1, NULL, NULL, NULL),
(407, 'Ninox japonica', 'Northern Boobook', 200, 2, '<a target=''_blank'' href=''https://www.universityofalaskamuseumbirds.org/''>Gibson et al. 2022</a>', 1, NULL, NULL, NULL),
(408, 'Nucifraga columbiana', 'Clark''s Nutcracker', 201, 2, '<a target=''_blank'' href=''https://www.universityofalaskamuseumbirds.org/''>Gibson et al. 2022</a>', 1, NULL, NULL, NULL),
(409, 'Numenius americanus', 'Long-Billed Curlew', 202, 2, '<a target=''_blank'' href=''https://www.universityofalaskamuseumbirds.org/''>Gibson et al. 2022</a>', 1, NULL, NULL, NULL),
(410, 'Numenius borealis', 'Eskimo Curlew', 202, 2, '<a target=''_blank'' href=''https://www.universityofalaskamuseumbirds.org/''>Gibson et al. 2022</a>', 1, NULL, NULL, NULL),
(411, 'Numenius madagascariensis', 'Far Eastern Curlew', 202, 2, '<a target=''_blank'' href=''https://www.universityofalaskamuseumbirds.org/''>Gibson et al. 2022</a>', 1, NULL, NULL, NULL),
(412, 'Numenius minutus', 'Little Curlew', 202, 2, '<a target=''_blank'' href=''https://www.universityofalaskamuseumbirds.org/''>Gibson et al. 2022</a>', 1, NULL, NULL, NULL),
(413, 'Numenius phaeopus', 'Whimbrel', 202, 2, '<a target=''_blank'' href=''https://www.universityofalaskamuseumbirds.org/''>Gibson et al. 2022</a>', 1, NULL, NULL, NULL),
(414, 'Numenius tahitiensis', 'Bristle-Thighed Curlew', 202, 2, '<a target=''_blank'' href=''https://www.universityofalaskamuseumbirds.org/''>Gibson et al. 2022</a>', 1, NULL, NULL, NULL),
(415, 'Nycticorax nycticorax', 'Black-Crowned Night-Heron', 203, 2, '<a target=''_blank'' href=''https://www.universityofalaskamuseumbirds.org/''>Gibson et al. 2022</a>', 1, NULL, NULL, NULL),
(416, 'Ochotona collaris', 'Collared Pika', 204, 8, '<a target=''_blank'' href=''https://www.uaf.edu/museum/collections/mammal/current-mammal-species-of/''>UAM Mammals</a>', 1, NULL, NULL, NULL),
(417, 'Odobenus rosmarus', 'Walrus', 205, 8, '<a target=''_blank'' href=''https://www.uaf.edu/museum/collections/mammal/current-mammal-species-of/''>UAM Mammals</a>', 1, NULL, NULL, NULL),
(418, 'Odocoileus hemionus', 'Mule Deer', 206, 8, '<a target=''_blank'' href=''https://www.uaf.edu/museum/collections/mammal/current-mammal-species-of/''>UAM Mammals</a>', 1, NULL, NULL, NULL),
(419, 'Oenanthe oenanthe', 'Northern Wheatear', 207, 2, '<a target=''_blank'' href=''https://www.universityofalaskamuseumbirds.org/''>Gibson et al. 2022</a>', 1, NULL, NULL, NULL),
(420, 'Oenanthe pleschanka', 'Pied Wheatear', 207, 2, '<a target=''_blank'' href=''https://www.universityofalaskamuseumbirds.org/''>Gibson et al. 2022</a>', 1, NULL, NULL, NULL),
(421, 'Ondatra zibethicus', 'Muskrat', 208, 8, '<a target=''_blank'' href=''https://www.uaf.edu/museum/collections/mammal/current-mammal-species-of/''>UAM Mammals</a>', 1, NULL, NULL, NULL),
(422, 'Onychoprion aleuticus', 'Aleutian Tern', 209, 2, '<a target=''_blank'' href=''https://www.universityofalaskamuseumbirds.org/''>Gibson et al. 2022</a>', 1, NULL, NULL, NULL),
(423, 'Onychoprion fuscatus', 'Sooty Tern', 209, 2, '<a target=''_blank'' href=''https://www.universityofalaskamuseumbirds.org/''>Gibson et al. 2022</a>', 1, NULL, NULL, NULL),
(424, 'Orcinus orca', 'Killer Whale', 210, 8, '<a target=''_blank'' href=''https://www.uaf.edu/museum/collections/mammal/current-mammal-species-of/''>UAM Mammals</a>', 1, NULL, NULL, NULL),
(425, 'Oreamnos americanus', 'Mountain Goat', 211, 8, '<a target=''_blank'' href=''https://www.uaf.edu/museum/collections/mammal/current-mammal-species-of/''>UAM Mammals</a>', 1, NULL, NULL, NULL),
(426, 'Oryctolagus cuniculus', 'European Rabbit', 212, 8, '<a target=''_blank'' href=''https://www.uaf.edu/museum/collections/mammal/current-mammal-species-of/''>UAM Mammals</a>', 1, TRUE, FALSE, NULL),
(427, 'Otus sunia', 'Oriental Scops-Owl', 213, 2, '<a target=''_blank'' href=''https://www.universityofalaskamuseumbirds.org/''>Gibson et al. 2022</a>', 1, NULL, NULL, NULL),
(428, 'Ovibos moschatus', 'Muskox', 214, 8, '<a target=''_blank'' href=''https://www.uaf.edu/museum/collections/mammal/current-mammal-species-of/''>UAM Mammals</a>', 1, NULL, NULL, NULL),
(429, 'Ovis dalli', 'Dall''s Sheep', 215, 8, '<a target=''_blank'' href=''https://www.uaf.edu/museum/collections/mammal/current-mammal-species-of/''>UAM Mammals</a>', 1, NULL, NULL, NULL),
(430, 'Oxyura jamaicensis', 'Ruddy Duck', 216, 2, '<a target=''_blank'' href=''https://www.universityofalaskamuseumbirds.org/''>Gibson et al. 2022</a>', 1, NULL, NULL, NULL),
(431, 'Pagophila eburnea', 'Ivory Gull', 217, 2, '<a target=''_blank'' href=''https://www.universityofalaskamuseumbirds.org/''>Gibson et al. 2022</a>', 1, NULL, NULL, NULL),
(432, 'Pagophilus groenlandicus', 'Harp Seal', 218, 8, '<a target=''_blank'' href=''https://www.uaf.edu/museum/collections/mammal/current-mammal-species-of/''>UAM Mammals</a>', 1, NULL, NULL, NULL),
(433, 'Pandion haliaetus', 'Osprey', 219, 2, '<a target=''_blank'' href=''https://www.universityofalaskamuseumbirds.org/''>Gibson et al. 2022</a>', 1, NULL, NULL, NULL),
(434, 'Parkesia noveboracensis', 'Northern Waterthrush', 220, 2, '<a target=''_blank'' href=''https://www.universityofalaskamuseumbirds.org/''>Gibson et al. 2022</a>', 1, NULL, NULL, NULL),
(435, 'Passer domesticus', 'House Sparrow', 221, 2, '<a target=''_blank'' href=''https://www.universityofalaskamuseumbirds.org/''>Gibson et al. 2022</a>', 1, NULL, NULL, NULL),
(436, 'Passerculus sandwichensis', 'Savannah Sparrow', 222, 2, '<a target=''_blank'' href=''https://www.universityofalaskamuseumbirds.org/''>Gibson et al. 2022</a>', 1, NULL, NULL, NULL),
(437, 'Passerella iliaca', 'Fox Sparrow', 223, 2, '<a target=''_blank'' href=''https://www.universityofalaskamuseumbirds.org/''>Gibson et al. 2022</a>', 1, NULL, NULL, NULL),
(438, 'Passerina amoena', 'Lazuli Bunting', 224, 2, '<a target=''_blank'' href=''https://www.universityofalaskamuseumbirds.org/''>Gibson et al. 2022</a>', 1, NULL, NULL, NULL),
(439, 'Passerina caerulea', 'Blue Grosbeak', 224, 2, '<a target=''_blank'' href=''https://www.universityofalaskamuseumbirds.org/''>Gibson et al. 2022</a>', 1, NULL, NULL, NULL),
(440, 'Passerina cyanea', 'Indigo Bunting', 224, 2, '<a target=''_blank'' href=''https://www.universityofalaskamuseumbirds.org/''>Gibson et al. 2022</a>', 1, NULL, NULL, NULL),
(441, 'Patagioenas fasciata', 'Band-Tailed Pigeon', 225, 2, '<a target=''_blank'' href=''https://www.universityofalaskamuseumbirds.org/''>Gibson et al. 2022</a>', 1, NULL, NULL, NULL),
(442, 'Pelecanus erythrorhynchos', 'American White Pelican', 226, 2, '<a target=''_blank'' href=''https://www.universityofalaskamuseumbirds.org/''>Gibson et al. 2022</a>', 1, NULL, NULL, NULL),
(443, 'Pelecanus occidentalis', 'Brown Pelican', 226, 2, '<a target=''_blank'' href=''https://www.universityofalaskamuseumbirds.org/''>Gibson et al. 2022</a>', 1, NULL, NULL, NULL),
(444, 'Perisoreus canadensis', 'Gray Jay', 227, 2, '<a target=''_blank'' href=''https://www.universityofalaskamuseumbirds.org/''>Gibson et al. 2022</a>', 1, NULL, NULL, NULL),
(445, 'Peromyscus keeni', 'Northwestern Deermouse', 228, 8, '<a target=''_blank'' href=''https://www.uaf.edu/museum/collections/mammal/current-mammal-species-of/''>UAM Mammals</a>', 1, NULL, NULL, NULL),
(446, 'Peromyscus maniculatus', 'North American Deermouse', 228, 8, '<a target=''_blank'' href=''https://www.uaf.edu/museum/collections/mammal/current-mammal-species-of/''>UAM Mammals</a>', 1, NULL, NULL, NULL),
(447, 'Petrochelidon pyrrhonota', 'Cliff Swallow', 229, 2, '<a target=''_blank'' href=''https://www.universityofalaskamuseumbirds.org/''>Gibson et al. 2022</a>', 1, NULL, NULL, NULL),
(448, 'Phalaropus fulicarius', 'Red Phalarope', 230, 2, '<a target=''_blank'' href=''https://www.universityofalaskamuseumbirds.org/''>Gibson et al. 2022</a>', 1, NULL, NULL, NULL),
(449, 'Phalaropus lobatus', 'Red-Necked Phalarope', 230, 2, '<a target=''_blank'' href=''https://www.universityofalaskamuseumbirds.org/''>Gibson et al. 2022</a>', 1, NULL, NULL, NULL),
(450, 'Phalaropus tricolor', 'Wilson''s Phalarope', 230, 2, '<a target=''_blank'' href=''https://www.universityofalaskamuseumbirds.org/''>Gibson et al. 2022</a>', 1, NULL, NULL, NULL),
(451, 'Phenacomys intermedius', 'Western Heather Vole', 231, 8, '<a target=''_blank'' href=''https://www.uaf.edu/museum/collections/mammal/current-mammal-species-of/''>UAM Mammals</a>', 1, NULL, NULL, NULL),
(452, 'Pheucticus ludovicianus', 'Rose-Breasted Grosbeak', 232, 2, '<a target=''_blank'' href=''https://www.universityofalaskamuseumbirds.org/''>Gibson et al. 2022</a>', 1, NULL, NULL, NULL),
(453, 'Pheucticus melanocephalus', 'Black-Headed Grosbeak', 232, 2, '<a target=''_blank'' href=''https://www.universityofalaskamuseumbirds.org/''>Gibson et al. 2022</a>', 1, NULL, NULL, NULL),
(454, 'Phoca largha', 'Spotted Seal', 233, 8, '<a target=''_blank'' href=''https://www.uaf.edu/museum/collections/mammal/current-mammal-species-of/''>UAM Mammals</a>', 1, NULL, NULL, NULL),
(455, 'Phoca vitulina', 'Harbor Seal', 233, 8, '<a target=''_blank'' href=''https://www.uaf.edu/museum/collections/mammal/current-mammal-species-of/''>UAM Mammals</a>', 1, NULL, NULL, NULL),
(456, 'Phocoena phocoena', 'Harbor Porpoise', 234, 8, '<a target=''_blank'' href=''https://www.uaf.edu/museum/collections/mammal/current-mammal-species-of/''>UAM Mammals</a>', 1, NULL, NULL, NULL),
(457, 'Phocoenoides dalli', 'Dall''s Porpoise', 235, 8, '<a target=''_blank'' href=''https://www.uaf.edu/museum/collections/mammal/current-mammal-species-of/''>UAM Mammals</a>', 1, NULL, NULL, NULL),
(458, 'Phoebastria albatrus', 'Short-Tailed Albatross', 236, 2, '<a target=''_blank'' href=''https://www.universityofalaskamuseumbirds.org/''>Gibson et al. 2022</a>', 1, NULL, NULL, NULL),
(459, 'Phoebastria immutabilis', 'Laysan Albatross', 236, 2, '<a target=''_blank'' href=''https://www.universityofalaskamuseumbirds.org/''>Gibson et al. 2022</a>', 1, NULL, NULL, NULL),
(460, 'Phoebastria nigripes', 'Black-Footed Albatross', 236, 2, '<a target=''_blank'' href=''https://www.universityofalaskamuseumbirds.org/''>Gibson et al. 2022</a>', 1, NULL, NULL, NULL),
(461, 'Phoenicurus phoenicurus', 'Common Redstart', 237, 2, '<a target=''_blank'' href=''https://www.universityofalaskamuseumbirds.org/''>Gibson et al. 2022</a>', 1, NULL, NULL, NULL),
(462, 'Phylloscopus borealis', 'Arctic Warbler', 238, 2, '<a target=''_blank'' href=''https://www.universityofalaskamuseumbirds.org/''>Gibson et al. 2022</a>', 1, NULL, NULL, NULL),
(463, 'Phylloscopus collybita', 'Common Chiffchaf', 238, 2, '<a target=''_blank'' href=''https://www.universityofalaskamuseumbirds.org/''>Gibson et al. 2022</a>', 1, NULL, NULL, NULL),
(464, 'Phylloscopus examinandus', 'Kamchatka Leaf Warbler', 238, 2, '<a target=''_blank'' href=''https://www.universityofalaskamuseumbirds.org/''>Gibson et al. 2022</a>', 1, NULL, NULL, NULL),
(465, 'Phylloscopus fuscatus', 'Dusky Warbler', 238, 2, '<a target=''_blank'' href=''https://www.universityofalaskamuseumbirds.org/''>Gibson et al. 2022</a>', 1, NULL, NULL, NULL),
(466, 'Phylloscopus inornatus', 'Yellow-Browed Warbler', 238, 2, '<a target=''_blank'' href=''https://www.universityofalaskamuseumbirds.org/''>Gibson et al. 2022</a>', 1, NULL, NULL, NULL),
(467, 'Phylloscopus proregulus', 'Pallas’s Leaf Warbler', 238, 2, '<a target=''_blank'' href=''https://www.universityofalaskamuseumbirds.org/''>Gibson et al. 2022</a>', 1, NULL, NULL, NULL),
(468, 'Phylloscopus sibilatrix', 'Wood Warbler', 238, 2, '<a target=''_blank'' href=''https://www.universityofalaskamuseumbirds.org/''>Gibson et al. 2022</a>', 1, NULL, NULL, NULL),
(469, 'Phylloscopus trochilus', 'Willow Warbler', 238, 2, '<a target=''_blank'' href=''https://www.universityofalaskamuseumbirds.org/''>Gibson et al. 2022</a>', 1, NULL, NULL, NULL),
(470, 'Physeter macrocephalus', 'Sperm Whale', 239, NULL, NULL, 1, NULL, NULL, NULL),
(471, 'Pica hudsonia', 'Black-Billed Magpie', 240, 2, '<a target=''_blank'' href=''https://www.universityofalaskamuseumbirds.org/''>Gibson et al. 2022</a>', 1, NULL, NULL, NULL),
(472, 'Picoides arcticus', 'Black-Backed Woodpecker', 241, 2, '<a target=''_blank'' href=''https://www.universityofalaskamuseumbirds.org/''>Gibson et al. 2022</a>', 1, NULL, NULL, NULL),
(473, 'Picoides dorsalis', 'American Three-Toed Woodpecker', 241, 2, '<a target=''_blank'' href=''https://www.universityofalaskamuseumbirds.org/''>Gibson et al. 2022</a>', 1, NULL, NULL, NULL),
(474, 'Pinicola enucleator', 'Pine Grosbeak', 242, 2, '<a target=''_blank'' href=''https://www.universityofalaskamuseumbirds.org/''>Gibson et al. 2022</a>', 1, NULL, NULL, NULL),
(475, 'Pipilo maculatus', 'Spotted Towhee', 243, 2, '<a target=''_blank'' href=''https://www.universityofalaskamuseumbirds.org/''>Gibson et al. 2022</a>', 1, NULL, NULL, NULL),
(476, 'Piranga ludoviciana', 'Western Tanager', 244, 2, '<a target=''_blank'' href=''https://www.universityofalaskamuseumbirds.org/''>Gibson et al. 2022</a>', 1, NULL, NULL, NULL),
(477, 'Piranga olivacea', 'Scarlet Tanager', 244, 2, '<a target=''_blank'' href=''https://www.universityofalaskamuseumbirds.org/''>Gibson et al. 2022</a>', 1, NULL, NULL, NULL),
(478, 'Plectrophenax hyperboreus', 'McKay''s Bunting', 245, 2, '<a target=''_blank'' href=''https://www.universityofalaskamuseumbirds.org/''>Gibson et al. 2022</a>', 1, NULL, NULL, NULL),
(479, 'Plectrophenax nivalis', 'Snow Bunting', 245, 2, '<a target=''_blank'' href=''https://www.universityofalaskamuseumbirds.org/''>Gibson et al. 2022</a>', 1, NULL, NULL, NULL),
(480, 'Plegadis chihi', 'White-Faced Ibis', 246, 2, '<a target=''_blank'' href=''https://www.universityofalaskamuseumbirds.org/''>Gibson et al. 2022</a>', 1, NULL, NULL, NULL),
(481, 'Pluvialis apricaria', 'European Golden-Plover', 247, 2, '<a target=''_blank'' href=''https://www.universityofalaskamuseumbirds.org/''>Gibson et al. 2022</a>', 1, NULL, NULL, NULL),
(482, 'Pluvialis dominica', 'American Golden-Plover', 247, 2, '<a target=''_blank'' href=''https://www.universityofalaskamuseumbirds.org/''>Gibson et al. 2022</a>', 1, NULL, NULL, NULL),
(483, 'Pluvialis fulva', 'Pacific Golden-Plover', 247, 2, '<a target=''_blank'' href=''https://www.universityofalaskamuseumbirds.org/''>Gibson et al. 2022</a>', 1, NULL, NULL, NULL),
(484, 'Pluvialis squatarola', 'Black-Bellied Plover', 247, 2, '<a target=''_blank'' href=''https://www.universityofalaskamuseumbirds.org/''>Gibson et al. 2022</a>', 1, NULL, NULL, NULL),
(485, 'Podiceps auritus', 'Horned Grebe', 248, 2, '<a target=''_blank'' href=''https://www.universityofalaskamuseumbirds.org/''>Gibson et al. 2022</a>', 1, NULL, NULL, NULL),
(486, 'Podiceps grisegena', 'Red-Necked Grebe', 248, 2, '<a target=''_blank'' href=''https://www.universityofalaskamuseumbirds.org/''>Gibson et al. 2022</a>', 1, NULL, NULL, NULL),
(487, 'Podiceps nigricollis', 'Eared Grebe', 248, 2, '<a target=''_blank'' href=''https://www.universityofalaskamuseumbirds.org/''>Gibson et al. 2022</a>', 1, NULL, NULL, NULL),
(488, 'Podilymbus podiceps', 'Pied-Billed Grebe', 249, 2, '<a target=''_blank'' href=''https://www.universityofalaskamuseumbirds.org/''>Gibson et al. 2022</a>', 1, NULL, NULL, NULL),
(489, 'Poecile atricapillus', 'Black-Capped Chickadee', 250, 2, '<a target=''_blank'' href=''https://www.universityofalaskamuseumbirds.org/''>Gibson et al. 2022</a>', 1, NULL, NULL, NULL),
(490, 'Poecile cinctus', 'Gray-Headed Chickadee', 250, 2, '<a target=''_blank'' href=''https://www.universityofalaskamuseumbirds.org/''>Gibson et al. 2022</a>', 1, NULL, NULL, NULL),
(491, 'Poecile gambeli', 'Mountain Chickadee', 250, 2, '<a target=''_blank'' href=''https://www.universityofalaskamuseumbirds.org/''>Gibson et al. 2022</a>', 1, NULL, NULL, NULL),
(492, 'Poecile hudsonicus', 'Boreal Chickadee', 250, 2, '<a target=''_blank'' href=''https://www.universityofalaskamuseumbirds.org/''>Gibson et al. 2022</a>', 1, NULL, NULL, NULL),
(493, 'Poecile rufescens', 'Chestnut-Backed Chickadee', 250, 2, '<a target=''_blank'' href=''https://www.universityofalaskamuseumbirds.org/''>Gibson et al. 2022</a>', 1, NULL, NULL, NULL),
(494, 'Polysticta stelleri', 'Steller''s Eider', 251, 2, '<a target=''_blank'' href=''https://www.universityofalaskamuseumbirds.org/''>Gibson et al. 2022</a>', 1, NULL, NULL, NULL),
(495, 'Pooecetes gramineus', 'Vesper Sparrow', 252, 2, '<a target=''_blank'' href=''https://www.universityofalaskamuseumbirds.org/''>Gibson et al. 2022</a>', 1, NULL, NULL, NULL),
(496, 'Porzana carolina', 'Sora', 253, 2, '<a target=''_blank'' href=''https://www.universityofalaskamuseumbirds.org/''>Gibson et al. 2022</a>', 1, NULL, NULL, NULL),
(497, 'Procyon lotor', 'Raccoon', 254, 8, '<a target=''_blank'' href=''https://www.uaf.edu/museum/collections/mammal/current-mammal-species-of/''>UAM Mammals</a>', 1, TRUE, FALSE, NULL),
(498, 'Progne subis', 'Purple Martin', 255, 2, '<a target=''_blank'' href=''https://www.universityofalaskamuseumbirds.org/''>Gibson et al. 2022</a>', 1, NULL, NULL, NULL),
(499, 'Prunella montanella', 'Siberian Accentor', 256, 2, '<a target=''_blank'' href=''https://www.universityofalaskamuseumbirds.org/''>Gibson et al. 2022</a>', 1, NULL, NULL, NULL),
(500, 'Pseudacris regilla', 'Northern Pacific Chorus Frog', 257, 6, '<a target=''_blank'' href=''https://faunaofalaska.org/wp-content/uploads/MacDonald_2010_Amphibians_and_Reptiles_of_Alaska.pdf''>MacDonald 2010</a>', 1, FALSE, TRUE, NULL),
(501, 'Pseudorca crassidens', 'False Killer Whale', 258, 8, '<a target=''_blank'' href=''https://www.uaf.edu/museum/collections/mammal/current-mammal-species-of/''>UAM Mammals</a>', 1, NULL, NULL, NULL),
(502, 'Pterodroma cookii', 'Cook''s Petrel', 259, 2, '<a target=''_blank'' href=''https://www.universityofalaskamuseumbirds.org/''>Gibson et al. 2022</a>', 1, NULL, NULL, NULL),
(503, 'Pterodroma inexpectata', 'Mottled Petrel', 259, 2, '<a target=''_blank'' href=''https://www.universityofalaskamuseumbirds.org/''>Gibson et al. 2022</a>', 1, NULL, NULL, NULL),
(504, 'Pterodroma solandri', 'Providence Petrel', 259, 2, '<a target=''_blank'' href=''https://www.universityofalaskamuseumbirds.org/''>Gibson et al. 2022</a>', 1, NULL, NULL, NULL),
(505, 'Ptychoramphus aleuticus', 'Cassin''s Auklet', 260, 2, '<a target=''_blank'' href=''https://www.universityofalaskamuseumbirds.org/''>Gibson et al. 2022</a>', 1, NULL, NULL, NULL),
(506, 'Puffinus puffinus', 'Manx Shearwater', 261, 2, '<a target=''_blank'' href=''https://www.universityofalaskamuseumbirds.org/''>Gibson et al. 2022</a>', 1, NULL, NULL, NULL),
(507, 'Puma concolor', 'Cougar', 262, 8, '<a target=''_blank'' href=''https://www.uaf.edu/museum/collections/mammal/current-mammal-species-of/''>UAM Mammals</a>', 1, NULL, NULL, NULL),
(508, 'Pusa hispida', 'Ringed Seal', 263, 8, '<a target=''_blank'' href=''https://www.uaf.edu/museum/collections/mammal/current-mammal-species-of/''>UAM Mammals</a>', 1, NULL, NULL, NULL),
(509, 'Pyrrhula pyrrhula', 'Eurasian Bullfinch', 264, 2, '<a target=''_blank'' href=''https://www.universityofalaskamuseumbirds.org/''>Gibson et al. 2022</a>', 1, NULL, NULL, NULL),
(510, 'Quiscalus quiscula', 'Common Grackle', 265, 2, '<a target=''_blank'' href=''https://www.universityofalaskamuseumbirds.org/''>Gibson et al. 2022</a>', 1, NULL, NULL, NULL),
(511, 'Rallus limicola', 'Virginia Rail', 266, 2, '<a target=''_blank'' href=''https://www.universityofalaskamuseumbirds.org/''>Gibson et al. 2022</a>', 1, NULL, NULL, NULL),
(512, 'Rana aurora', 'Northern Red-Legged Frog', 267, 6, '<a target=''_blank'' href=''https://faunaofalaska.org/wp-content/uploads/MacDonald_2010_Amphibians_and_Reptiles_of_Alaska.pdf''>MacDonald 2010</a>', 1, FALSE, TRUE, NULL),
(513, 'Rana luteiventris', 'Columbia Spotted Frog', 267, 6, '<a target=''_blank'' href=''https://faunaofalaska.org/wp-content/uploads/MacDonald_2010_Amphibians_and_Reptiles_of_Alaska.pdf''>MacDonald 2010</a>', 1, TRUE, FALSE, NULL),
(514, 'Rangifer tarandus', 'Caribou', 268, 8, '<a target=''_blank'' href=''https://www.uaf.edu/museum/collections/mammal/current-mammal-species-of/''>UAM Mammals</a>', 1, NULL, NULL, NULL),
(515, 'Rattus norvegicus', 'Brown Rat', 269, 8, '<a target=''_blank'' href=''https://www.uaf.edu/museum/collections/mammal/current-mammal-species-of/''>UAM Mammals</a>', 1, TRUE, FALSE, NULL),
(516, 'Rattus rattus', 'Roof Rat', 269, 8, '<a target=''_blank'' href=''https://www.uaf.edu/museum/collections/mammal/current-mammal-species-of/''>UAM Mammals</a>', 1, TRUE, FALSE, NULL),
(517, 'Recurvirostra americana', 'American Avocet', 270, 2, '<a target=''_blank'' href=''https://www.universityofalaskamuseumbirds.org/''>Gibson et al. 2022</a>', 1, NULL, NULL, NULL),
(518, 'Regulus satrapa', 'Golden-Crowned Kinglet', 271, 2, '<a target=''_blank'' href=''https://www.universityofalaskamuseumbirds.org/''>Gibson et al. 2022</a>', 1, NULL, NULL, NULL),
(519, 'Rhodostethia rosea', 'Ross''s Gull', 272, 2, '<a target=''_blank'' href=''https://www.universityofalaskamuseumbirds.org/''>Gibson et al. 2022</a>', 1, NULL, NULL, NULL),
(520, 'Riparia riparia', 'Bank Swallow', 273, 2, '<a target=''_blank'' href=''https://www.universityofalaskamuseumbirds.org/''>Gibson et al. 2022</a>', 1, NULL, NULL, NULL),
(521, 'Rissa brevirostris', 'Red-Legged Kittiwake', 274, 2, '<a target=''_blank'' href=''https://www.universityofalaskamuseumbirds.org/''>Gibson et al. 2022</a>', 1, NULL, NULL, NULL),
(522, 'Rissa tridactyla', 'Black-Legged Kittiwake', 274, 2, '<a target=''_blank'' href=''https://www.universityofalaskamuseumbirds.org/''>Gibson et al. 2022</a>', 1, NULL, NULL, NULL),
(523, 'Sagmatias obliquidens', 'Pacific White-Sided Dolphin', 275, 10, '<a target=''_blank'' href=''https://doi.org/10.1111/mms.12573''>Vollmer et al. 2019</a>', 1, NULL, NULL, NULL),
(524, 'Salpinctes obsoletus', 'Rock Wren', 276, 2, '<a target=''_blank'' href=''https://www.universityofalaskamuseumbirds.org/''>Gibson et al. 2022</a>', 1, NULL, NULL, NULL),
(525, 'Saxicola torquatus', 'Stonechat', 277, 2, '<a target=''_blank'' href=''https://www.universityofalaskamuseumbirds.org/''>Gibson et al. 2022</a>', 1, NULL, NULL, NULL),
(526, 'Sayornis nigricans', 'Black Phoebe', 278, 2, '<a target=''_blank'' href=''https://www.universityofalaskamuseumbirds.org/''>Gibson et al. 2022</a>', 1, NULL, NULL, NULL),
(527, 'Sayornis phoebe', 'Eastern Phoebe', 278, 2, '<a target=''_blank'' href=''https://www.universityofalaskamuseumbirds.org/''>Gibson et al. 2022</a>', 1, NULL, NULL, NULL),
(528, 'Sayornis saya', 'Say''s Phoebe', 278, 2, '<a target=''_blank'' href=''https://www.universityofalaskamuseumbirds.org/''>Gibson et al. 2022</a>', 1, NULL, NULL, NULL),
(529, 'Seiurus aurocapilla', 'Ovenbird', 279, 2, '<a target=''_blank'' href=''https://www.universityofalaskamuseumbirds.org/''>Gibson et al. 2022</a>', 1, NULL, NULL, NULL),
(530, 'Selasphorus calliope', 'Calliope Hummingbird', 280, 2, '<a target=''_blank'' href=''https://www.universityofalaskamuseumbirds.org/''>Gibson et al. 2022</a>', 1, NULL, NULL, NULL),
(531, 'Selasphorus rufus', 'Rufous Hummingbird', 280, 2, '<a target=''_blank'' href=''https://www.universityofalaskamuseumbirds.org/''>Gibson et al. 2022</a>', 1, NULL, NULL, NULL),
(532, 'Setophaga americana', 'Northern Parula', 281, 2, '<a target=''_blank'' href=''https://www.universityofalaskamuseumbirds.org/''>Gibson et al. 2022</a>', 1, NULL, NULL, NULL),
(533, 'Setophaga caerulescens', 'Black-Throated Blue Warbler', 281, 2, '<a target=''_blank'' href=''https://www.universityofalaskamuseumbirds.org/''>Gibson et al. 2022</a>', 1, NULL, NULL, NULL),
(534, 'Setophaga castanea', 'Bay-Breasted Warbler', 281, 2, '<a target=''_blank'' href=''https://www.universityofalaskamuseumbirds.org/''>Gibson et al. 2022</a>', 1, NULL, NULL, NULL),
(535, 'Setophaga coronata', 'Yellow-Rumped Warbler', 281, 2, '<a target=''_blank'' href=''https://www.universityofalaskamuseumbirds.org/''>Gibson et al. 2022</a>', 1, NULL, NULL, NULL),
(536, 'Setophaga discolor', 'Prairie Warbler', 281, 2, '<a target=''_blank'' href=''https://www.universityofalaskamuseumbirds.org/''>Gibson et al. 2022</a>', 1, NULL, NULL, NULL),
(537, 'Setophaga dominica', 'Yellow-throated Warbler', 281, 2, '<a target=''_blank'' href=''https://www.universityofalaskamuseumbirds.org/''>Gibson et al. 2022</a>', 1, NULL, NULL, NULL),
(538, 'Setophaga magnolia', 'Magnolia Warbler', 281, 2, '<a target=''_blank'' href=''https://www.universityofalaskamuseumbirds.org/''>Gibson et al. 2022</a>', 1, NULL, NULL, NULL),
(539, 'Setophaga nigrescens', 'Black-Throated Gray Warbler', 281, 2, '<a target=''_blank'' href=''https://www.universityofalaskamuseumbirds.org/''>Gibson et al. 2022</a>', 1, NULL, NULL, NULL),
(540, 'Setophaga palmarum', 'Palm Warbler', 281, 2, '<a target=''_blank'' href=''https://www.universityofalaskamuseumbirds.org/''>Gibson et al. 2022</a>', 1, NULL, NULL, NULL),
(541, 'Setophaga pensylvanica', 'Chestnut-Sided Warbler', 281, 2, '<a target=''_blank'' href=''https://www.universityofalaskamuseumbirds.org/''>Gibson et al. 2022</a>', 1, NULL, NULL, NULL),
(542, 'Setophaga petechia', 'Yellow Warbler', 281, 2, '<a target=''_blank'' href=''https://www.universityofalaskamuseumbirds.org/''>Gibson et al. 2022</a>', 1, NULL, NULL, NULL),
(543, 'Setophaga ruticilla', 'American Redstart', 281, 2, '<a target=''_blank'' href=''https://www.universityofalaskamuseumbirds.org/''>Gibson et al. 2022</a>', 1, NULL, NULL, NULL),
(544, 'Setophaga striata', 'Blackpoll Warbler', 281, 2, '<a target=''_blank'' href=''https://www.universityofalaskamuseumbirds.org/''>Gibson et al. 2022</a>', 1, NULL, NULL, NULL),
(545, 'Setophaga tigrina', 'Cape May Warbler', 281, 2, '<a target=''_blank'' href=''https://www.universityofalaskamuseumbirds.org/''>Gibson et al. 2022</a>', 1, NULL, NULL, NULL),
(546, 'Setophaga townsendi', 'Townsend''s Warbler', 281, 2, '<a target=''_blank'' href=''https://www.universityofalaskamuseumbirds.org/''>Gibson et al. 2022</a>', 1, NULL, NULL, NULL),
(547, 'Setophaga virens', 'Black-Throated Green Warbler', 281, 2, '<a target=''_blank'' href=''https://www.universityofalaskamuseumbirds.org/''>Gibson et al. 2022</a>', 1, NULL, NULL, NULL),
(548, 'Sialia currucoides', 'Mountain Bluebird', 282, 2, '<a target=''_blank'' href=''https://www.universityofalaskamuseumbirds.org/''>Gibson et al. 2022</a>', 1, NULL, NULL, NULL),
(549, 'Sibirionetta formosa', 'Baikal Teal', 283, 2, '<a target=''_blank'' href=''https://www.universityofalaskamuseumbirds.org/''>Gibson et al. 2022</a>', 1, NULL, NULL, NULL),
(550, 'Sitta canadensis', 'Red-Breasted Nuthatch', 284, 2, '<a target=''_blank'' href=''https://www.universityofalaskamuseumbirds.org/''>Gibson et al. 2022</a>', 1, NULL, NULL, NULL),
(551, 'Somateria fischeri', 'Spectacled Eider', 285, 2, '<a target=''_blank'' href=''https://www.universityofalaskamuseumbirds.org/''>Gibson et al. 2022</a>', 1, NULL, NULL, NULL),
(552, 'Somateria mollissima', 'Common Eider', 285, 2, '<a target=''_blank'' href=''https://www.universityofalaskamuseumbirds.org/''>Gibson et al. 2022</a>', 1, NULL, NULL, NULL),
(553, 'Somateria spectabilis', 'King Eider', 285, 2, '<a target=''_blank'' href=''https://www.universityofalaskamuseumbirds.org/''>Gibson et al. 2022</a>', 1, NULL, NULL, NULL),
(554, 'Sorex cinereus', 'Cinereus Shrew', 286, 8, '<a target=''_blank'' href=''https://www.uaf.edu/museum/collections/mammal/current-mammal-species-of/''>UAM Mammals</a>', 1, NULL, NULL, NULL),
(555, 'Sorex eximius', 'Western Pygmy Shrew', 286, 3, '<a target=''_blank'' href=''https://doi.org/10.1093/biolinnean/blz139''>Hope et al. 2020</a>', 1, NULL, NULL, NULL),
(556, 'Sorex jacksoni', 'St. Lawrence Island Shrew', 286, 8, '<a target=''_blank'' href=''https://www.uaf.edu/museum/collections/mammal/current-mammal-species-of/''>UAM Mammals</a>', 1, NULL, NULL, NULL),
(557, 'Sorex minutissimus', 'Holarctic Least Shrew', 286, 8, '<a target=''_blank'' href=''https://www.uaf.edu/museum/collections/mammal/current-mammal-species-of/''>UAM Mammals</a>', 1, NULL, NULL, NULL),
(558, 'Sorex navigator', 'Western Water Shrew', 286, 8, '<a target=''_blank'' href=''https://www.uaf.edu/museum/collections/mammal/current-mammal-species-of/''>UAM Mammals</a>', 1, NULL, NULL, NULL),
(559, 'Sorex obscurus', 'Dusky Shrew', 286, 12, '<a target=''_blank'' href=''https://doi.org/10.5479/si.1943-6696.650''>Woodman 2018</a>', 1, NULL, NULL, NULL),
(560, 'Sorex pribilofensis', 'Pribilof Island Shrew', 286, 8, '<a target=''_blank'' href=''https://www.uaf.edu/museum/collections/mammal/current-mammal-species-of/''>UAM Mammals</a>', 1, NULL, NULL, NULL),
(561, 'Sorex tundrensis', 'Tundra Shrew', 286, 8, '<a target=''_blank'' href=''https://www.uaf.edu/museum/collections/mammal/current-mammal-species-of/''>UAM Mammals</a>', 1, NULL, NULL, NULL),
(562, 'Sorex ugyunak', 'Barren Ground Shrew', 286, 8, '<a target=''_blank'' href=''https://www.uaf.edu/museum/collections/mammal/current-mammal-species-of/''>UAM Mammals</a>', 1, NULL, NULL, NULL),
(563, 'Spatula clypeata', 'Northern Shoveler', 287, 2, '<a target=''_blank'' href=''https://www.universityofalaskamuseumbirds.org/''>Gibson et al. 2022</a>', 1, NULL, NULL, NULL),
(564, 'Spatula cyanoptera', 'Cinnamon Teal', 287, 2, '<a target=''_blank'' href=''https://www.universityofalaskamuseumbirds.org/''>Gibson et al. 2022</a>', 1, NULL, NULL, NULL),
(565, 'Spatula discors', 'Blue-Winged Teal', 287, 2, '<a target=''_blank'' href=''https://www.universityofalaskamuseumbirds.org/''>Gibson et al. 2022</a>', 1, NULL, NULL, NULL),
(566, 'Spatula querquedula', 'Garganey', 287, 2, '<a target=''_blank'' href=''https://www.universityofalaskamuseumbirds.org/''>Gibson et al. 2022</a>', 1, NULL, NULL, NULL),
(567, 'Sphyrapicus ruber', 'Red-Breasted Sapsucker', 288, 2, '<a target=''_blank'' href=''https://www.universityofalaskamuseumbirds.org/''>Gibson et al. 2022</a>', 1, NULL, NULL, NULL),
(568, 'Sphyrapicus varius', 'Yellow-Bellied Sapsucker', 288, 2, '<a target=''_blank'' href=''https://www.universityofalaskamuseumbirds.org/''>Gibson et al. 2022</a>', 1, NULL, NULL, NULL),
(569, 'Spinus pinus', 'Pine Siskin', 289, 2, '<a target=''_blank'' href=''https://www.universityofalaskamuseumbirds.org/''>Gibson et al. 2022</a>', 1, NULL, NULL, NULL),
(570, 'Spinus spinus', 'Eurasian Siskin', 289, 2, '<a target=''_blank'' href=''https://www.universityofalaskamuseumbirds.org/''>Gibson et al. 2022</a>', 1, NULL, NULL, NULL),
(571, 'Spinus tristis', 'American Goldfinch', 289, 2, '<a target=''_blank'' href=''https://www.universityofalaskamuseumbirds.org/''>Gibson et al. 2022</a>', 1, NULL, NULL, NULL),
(572, 'Spiza americana', 'Dickcissel', 290, 2, '<a target=''_blank'' href=''https://www.universityofalaskamuseumbirds.org/''>Gibson et al. 2022</a>', 1, NULL, NULL, NULL),
(573, 'Spizella breweri', 'Brewer''s Sparrow', 291, 2, '<a target=''_blank'' href=''https://www.universityofalaskamuseumbirds.org/''>Gibson et al. 2022</a>', 1, NULL, NULL, NULL),
(574, 'Spizella pallida', 'Clay-Colored Sparrow', 291, 2, '<a target=''_blank'' href=''https://www.universityofalaskamuseumbirds.org/''>Gibson et al. 2022</a>', 1, NULL, NULL, NULL),
(575, 'Spizella passerina', 'Chipping Sparrow', 291, 2, '<a target=''_blank'' href=''https://www.universityofalaskamuseumbirds.org/''>Gibson et al. 2022</a>', 1, NULL, NULL, NULL),
(576, 'Spizelloides arborea', 'American Tree Sparrow', 292, 2, '<a target=''_blank'' href=''https://www.universityofalaskamuseumbirds.org/''>Gibson et al. 2022</a>', 1, NULL, NULL, NULL),
(577, 'Stelgidopteryx serripennis', 'Northern Rough-Winged Swallow', 293, 2, '<a target=''_blank'' href=''https://www.universityofalaskamuseumbirds.org/''>Gibson et al. 2022</a>', 1, NULL, NULL, NULL),
(578, 'Stenella attenuata', 'Pantropical Spotted Dolphin', 295, 8, '<a target=''_blank'' href=''https://www.uaf.edu/museum/collections/mammal/current-mammal-species-of/''>UAM Mammals</a>', 1, NULL, NULL, NULL),
(579, 'Stercorarius longicaudus', 'Long-Tailed Jaeger', 296, 2, '<a target=''_blank'' href=''https://www.universityofalaskamuseumbirds.org/''>Gibson et al. 2022</a>', 1, NULL, NULL, NULL),
(580, 'Stercorarius maccormicki', 'South Polar Skua', 296, 2, '<a target=''_blank'' href=''https://www.universityofalaskamuseumbirds.org/''>Gibson et al. 2022</a>', 1, NULL, NULL, NULL),
(581, 'Stercorarius parasiticus', 'Parasitic Jaeger', 296, 2, '<a target=''_blank'' href=''https://www.universityofalaskamuseumbirds.org/''>Gibson et al. 2022</a>', 1, NULL, NULL, NULL),
(582, 'Stercorarius pomarinus', 'Pomarine Jaeger', 296, 2, '<a target=''_blank'' href=''https://www.universityofalaskamuseumbirds.org/''>Gibson et al. 2022</a>', 1, NULL, NULL, NULL),
(583, 'Sterna hirundo', 'Common Tern', 297, 2, '<a target=''_blank'' href=''https://www.universityofalaskamuseumbirds.org/''>Gibson et al. 2022</a>', 1, NULL, NULL, NULL),
(584, 'Sterna paradisaea', 'Arctic Tern', 297, 2, '<a target=''_blank'' href=''https://www.universityofalaskamuseumbirds.org/''>Gibson et al. 2022</a>', 1, NULL, NULL, NULL),
(585, 'Streptopelia decaocto', 'Eurasian Collared-Dove', 298, 2, '<a target=''_blank'' href=''https://www.universityofalaskamuseumbirds.org/''>Gibson et al. 2022</a>', 1, NULL, NULL, NULL),
(586, 'Streptopelia orientalis', 'Oriental Turtle-Dove', 298, 2, '<a target=''_blank'' href=''https://www.universityofalaskamuseumbirds.org/''>Gibson et al. 2022</a>', 1, NULL, NULL, NULL),
(587, 'Strix nebulosa', 'Great Gray Owl', 299, 2, '<a target=''_blank'' href=''https://www.universityofalaskamuseumbirds.org/''>Gibson et al. 2022</a>', 1, NULL, NULL, NULL),
(588, 'Strix varia', 'Barred Owl', 299, 2, '<a target=''_blank'' href=''https://www.universityofalaskamuseumbirds.org/''>Gibson et al. 2022</a>', 1, NULL, NULL, NULL),
(589, 'Sturnella neglecta', 'Western Meadowlark', 300, 2, '<a target=''_blank'' href=''https://www.universityofalaskamuseumbirds.org/''>Gibson et al. 2022</a>', 1, NULL, NULL, NULL),
(590, 'Sturnus vulgaris', 'European Starling', 301, 2, '<a target=''_blank'' href=''https://www.universityofalaskamuseumbirds.org/''>Gibson et al. 2022</a>', 1, NULL, NULL, NULL),
(591, 'Sula granti', 'Nazca Booby', 302, 2, '<a target=''_blank'' href=''https://www.universityofalaskamuseumbirds.org/''>Gibson et al. 2022</a>', 1, NULL, NULL, NULL),
(592, 'Sula leucogaster', 'Brown Booby', 302, 2, '<a target=''_blank'' href=''https://www.universityofalaskamuseumbirds.org/''>Gibson et al. 2022</a>', 1, NULL, NULL, NULL),
(593, 'Sula sula', 'Red-footed Booby', 302, 2, '<a target=''_blank'' href=''https://www.universityofalaskamuseumbirds.org/''>Gibson et al. 2022</a>', 1, NULL, NULL, NULL),
(594, 'Surnia ulula', 'Northern Hawk-Owl', 303, 2, '<a target=''_blank'' href=''https://www.universityofalaskamuseumbirds.org/''>Gibson et al. 2022</a>', 1, NULL, NULL, NULL),
(595, 'Sylvia curruca', 'Lesser Whitethroat', 304, 2, '<a target=''_blank'' href=''https://www.universityofalaskamuseumbirds.org/''>Gibson et al. 2022</a>', 1, NULL, NULL, NULL),
(596, 'Synaptomys borealis', 'Northern Bog Lemming', 305, 8, '<a target=''_blank'' href=''https://www.uaf.edu/museum/collections/mammal/current-mammal-species-of/''>UAM Mammals</a>', 1, NULL, NULL, NULL),
(597, 'Synthliboramphus antiquus', 'Ancient Murrelet', 306, 2, '<a target=''_blank'' href=''https://www.universityofalaskamuseumbirds.org/''>Gibson et al. 2022</a>', 1, NULL, NULL, NULL),
(598, 'Tachycineta bicolor', 'Tree Swallow', 307, 2, '<a target=''_blank'' href=''https://www.universityofalaskamuseumbirds.org/''>Gibson et al. 2022</a>', 1, NULL, NULL, NULL),
(599, 'Tachycineta thalassina', 'Violet-Green Swallow', 307, 2, '<a target=''_blank'' href=''https://www.universityofalaskamuseumbirds.org/''>Gibson et al. 2022</a>', 1, NULL, NULL, NULL),
(600, 'Tamiasciurus hudsonicus', 'American Red Squirrel', 308, 8, '<a target=''_blank'' href=''https://www.uaf.edu/museum/collections/mammal/current-mammal-species-of/''>UAM Mammals</a>', 1, NULL, NULL, NULL),
(601, 'Taricha granulosa', 'Roughskin Newt', 309, 6, '<a target=''_blank'' href=''https://faunaofalaska.org/wp-content/uploads/MacDonald_2010_Amphibians_and_Reptiles_of_Alaska.pdf''>MacDonald 2010</a>', 1, TRUE, FALSE, NULL),
(602, 'Tarsiger cyanurus', 'Red-Flanked Bluetail', 310, 2, '<a target=''_blank'' href=''https://www.universityofalaskamuseumbirds.org/''>Gibson et al. 2022</a>', 1, NULL, NULL, NULL),
(603, 'Thalassarche salvini', 'Salvin’s Albatross', 311, 2, '<a target=''_blank'' href=''https://www.universityofalaskamuseumbirds.org/''>Gibson et al. 2022</a>', 1, NULL, NULL, NULL),
(604, 'Thalasseus sandvicensis', 'Sandwich Tern', 312, 2, '<a target=''_blank'' href=''https://www.universityofalaskamuseumbirds.org/''>Gibson et al. 2022</a>', 1, NULL, NULL, NULL),
(605, 'Toxostoma rufum', 'Brown Thrasher', 313, 2, '<a target=''_blank'' href=''https://www.universityofalaskamuseumbirds.org/''>Gibson et al. 2022</a>', 1, NULL, NULL, NULL),
(606, 'Tringa brevipes', 'Gray-Tailed Tattler', 314, 2, '<a target=''_blank'' href=''https://www.universityofalaskamuseumbirds.org/''>Gibson et al. 2022</a>', 1, NULL, NULL, NULL),
(607, 'Tringa erythropus', 'Spotted Redshank', 314, 2, '<a target=''_blank'' href=''https://www.universityofalaskamuseumbirds.org/''>Gibson et al. 2022</a>', 1, NULL, NULL, NULL),
(608, 'Tringa flavipes', 'Lesser Yellowlegs', 314, 2, '<a target=''_blank'' href=''https://www.universityofalaskamuseumbirds.org/''>Gibson et al. 2022</a>', 1, NULL, NULL, NULL),
(609, 'Tringa glareola', 'Wood Sandpiper', 314, 2, '<a target=''_blank'' href=''https://www.universityofalaskamuseumbirds.org/''>Gibson et al. 2022</a>', 1, NULL, NULL, NULL),
(610, 'Tringa incana', 'Wandering Tattler', 314, 2, '<a target=''_blank'' href=''https://www.universityofalaskamuseumbirds.org/''>Gibson et al. 2022</a>', 1, NULL, NULL, NULL),
(611, 'Tringa melanoleuca', 'Greater Yellowlegs', 314, 2, '<a target=''_blank'' href=''https://www.universityofalaskamuseumbirds.org/''>Gibson et al. 2022</a>', 1, NULL, NULL, NULL),
(612, 'Tringa nebularia', 'Common Greenshank', 314, 2, '<a target=''_blank'' href=''https://www.universityofalaskamuseumbirds.org/''>Gibson et al. 2022</a>', 1, NULL, NULL, NULL),
(613, 'Tringa ochropus', 'Green Sandpiper', 314, 2, '<a target=''_blank'' href=''https://www.universityofalaskamuseumbirds.org/''>Gibson et al. 2022</a>', 1, NULL, NULL, NULL),
(614, 'Tringa semipalmata', 'Willet', 314, 2, '<a target=''_blank'' href=''https://www.universityofalaskamuseumbirds.org/''>Gibson et al. 2022</a>', 1, NULL, NULL, NULL),
(615, 'Tringa solitaria', 'Solitary Sandpiper', 314, 2, '<a target=''_blank'' href=''https://www.universityofalaskamuseumbirds.org/''>Gibson et al. 2022</a>', 1, NULL, NULL, NULL),
(616, 'Tringa stagnatilis', 'Marsh Sandpiper', 314, 2, '<a target=''_blank'' href=''https://www.universityofalaskamuseumbirds.org/''>Gibson et al. 2022</a>', 1, NULL, NULL, NULL),
(617, 'Troglodytes pacificus', 'Pacific Wren', 315, 2, '<a target=''_blank'' href=''https://www.universityofalaskamuseumbirds.org/''>Gibson et al. 2022</a>', 1, NULL, NULL, NULL),
(618, 'Turdus eunomus', 'Dusky Thrush', 316, 2, '<a target=''_blank'' href=''https://www.universityofalaskamuseumbirds.org/''>Gibson et al. 2022</a>', 1, NULL, NULL, NULL),
(619, 'Turdus iliacus', 'Redwing', 316, 2, '<a target=''_blank'' href=''https://www.universityofalaskamuseumbirds.org/''>Gibson et al. 2022</a>', 1, NULL, NULL, NULL),
(620, 'Turdus migratorius', 'American Robin', 316, 2, '<a target=''_blank'' href=''https://www.universityofalaskamuseumbirds.org/''>Gibson et al. 2022</a>', 1, NULL, NULL, NULL),
(621, 'Turdus naumanni', 'Naumann''s Thrush', 316, 2, '<a target=''_blank'' href=''https://www.universityofalaskamuseumbirds.org/''>Gibson et al. 2022</a>', 1, NULL, NULL, NULL),
(622, 'Turdus obscurus', 'Eyebrowed Thrush', 316, 2, '<a target=''_blank'' href=''https://www.universityofalaskamuseumbirds.org/''>Gibson et al. 2022</a>', 1, NULL, NULL, NULL),
(623, 'Turdus philomelos', 'Song Thrush', 316, 2, '<a target=''_blank'' href=''https://www.universityofalaskamuseumbirds.org/''>Gibson et al. 2022</a>', 1, NULL, NULL, NULL),
(624, 'Turdus pilaris', 'Fieldfare', 316, 2, '<a target=''_blank'' href=''https://www.universityofalaskamuseumbirds.org/''>Gibson et al. 2022</a>', 1, NULL, NULL, NULL),
(625, 'Tympanuchus phasianellus', 'Sharp-Tailed Grouse', 317, 2, '<a target=''_blank'' href=''https://www.universityofalaskamuseumbirds.org/''>Gibson et al. 2022</a>', 1, NULL, NULL, NULL),
(626, 'Tyrannus forficatus', 'Scissor-Tailed Flycatcher', 318, 2, '<a target=''_blank'' href=''https://www.universityofalaskamuseumbirds.org/''>Gibson et al. 2022</a>', 1, NULL, NULL, NULL),
(627, 'Tyrannus melancholicus', 'Tropical Kingbird', 318, 2, '<a target=''_blank'' href=''https://www.universityofalaskamuseumbirds.org/''>Gibson et al. 2022</a>', 1, NULL, NULL, NULL),
(628, 'Tyrannus tyrannus', 'Eastern Kingbird', 318, 2, '<a target=''_blank'' href=''https://www.universityofalaskamuseumbirds.org/''>Gibson et al. 2022</a>', 1, NULL, NULL, NULL),
(629, 'Tyrannus verticalis', 'Western Kingbird', 318, 2, '<a target=''_blank'' href=''https://www.universityofalaskamuseumbirds.org/''>Gibson et al. 2022</a>', 1, NULL, NULL, NULL),
(630, 'Upupa epops', 'Eurasian Hoopoe', 319, 2, '<a target=''_blank'' href=''https://www.universityofalaskamuseumbirds.org/''>Gibson et al. 2022</a>', 1, NULL, NULL, NULL),
(631, 'Uria aalge', 'Common Murre', 320, 2, '<a target=''_blank'' href=''https://www.universityofalaskamuseumbirds.org/''>Gibson et al. 2022</a>', 1, NULL, NULL, NULL),
(632, 'Uria lomvia', 'Thick-Billed Murre', 320, 2, '<a target=''_blank'' href=''https://www.universityofalaskamuseumbirds.org/''>Gibson et al. 2022</a>', 1, NULL, NULL, NULL),
(633, 'Urile pelagicus', 'Pelagic Cormorant', 321, 2, '<a target=''_blank'' href=''https://www.universityofalaskamuseumbirds.org/''>Gibson et al. 2022</a>', 1, NULL, NULL, NULL),
(634, 'Urile penicillatus', 'Brandt''s Cormorant', 321, 2, '<a target=''_blank'' href=''https://www.universityofalaskamuseumbirds.org/''>Gibson et al. 2022</a>', 1, NULL, NULL, NULL),
(635, 'Urile urile', 'Red-Faced Cormorant', 321, 2, '<a target=''_blank'' href=''https://www.universityofalaskamuseumbirds.org/''>Gibson et al. 2022</a>', 1, NULL, NULL, NULL),
(636, 'Urocitellus parryii', 'Arctic Ground Squirrel', 322, 8, '<a target=''_blank'' href=''https://www.uaf.edu/museum/collections/mammal/current-mammal-species-of/''>UAM Mammals</a>', 1, NULL, NULL, NULL),
(637, 'Ursus americanus', 'American Black Bear', 323, 8, '<a target=''_blank'' href=''https://www.uaf.edu/museum/collections/mammal/current-mammal-species-of/''>UAM Mammals</a>', 1, NULL, NULL, NULL),
(638, 'Ursus arctos', 'Brown Bear', 323, 8, '<a target=''_blank'' href=''https://www.uaf.edu/museum/collections/mammal/current-mammal-species-of/''>UAM Mammals</a>', 1, NULL, NULL, NULL),
(639, 'Ursus maritimus', 'Polar Bear', 323, 8, '<a target=''_blank'' href=''https://www.uaf.edu/museum/collections/mammal/current-mammal-species-of/''>UAM Mammals</a>', 1, NULL, NULL, NULL),
(640, 'Vanellus vanellus', 'Northern Lapwing', 324, 2, '<a target=''_blank'' href=''https://www.universityofalaskamuseumbirds.org/''>Gibson et al. 2022</a>', 1, NULL, NULL, NULL),
(641, 'Vireo cassinii', 'Cassin''s Vireo', 325, 2, '<a target=''_blank'' href=''https://www.universityofalaskamuseumbirds.org/''>Gibson et al. 2022</a>', 1, NULL, NULL, NULL),
(642, 'Vireo gilvus', 'Warbling Vireo', 325, 2, '<a target=''_blank'' href=''https://www.universityofalaskamuseumbirds.org/''>Gibson et al. 2022</a>', 1, NULL, NULL, NULL),
(643, 'Vireo olivaceus', 'Red-Eyed Vireo', 325, 2, '<a target=''_blank'' href=''https://www.universityofalaskamuseumbirds.org/''>Gibson et al. 2022</a>', 1, NULL, NULL, NULL),
(644, 'Vireo philadelphicus', 'Philadelphia Vireo', 325, 2, '<a target=''_blank'' href=''https://www.universityofalaskamuseumbirds.org/''>Gibson et al. 2022</a>', 1, NULL, NULL, NULL),
(645, 'Vireo solitarius', 'Blue-headed Vireo', 325, 2, '<a target=''_blank'' href=''https://www.universityofalaskamuseumbirds.org/''>Gibson et al. 2022</a>', 1, NULL, NULL, NULL),
(646, 'Vulpes lagopus', 'Arctic Fox', 326, 8, '<a target=''_blank'' href=''https://www.uaf.edu/museum/collections/mammal/current-mammal-species-of/''>UAM Mammals</a>', 1, NULL, NULL, NULL),
(647, 'Vulpes vulpes', 'Red Fox', 326, 8, '<a target=''_blank'' href=''https://www.uaf.edu/museum/collections/mammal/current-mammal-species-of/''>UAM Mammals</a>', 1, NULL, NULL, NULL),
(648, 'Xanthocephalus xanthocephalus', 'Yellow-Headed Blackbird', 327, 2, '<a target=''_blank'' href=''https://www.universityofalaskamuseumbirds.org/''>Gibson et al. 2022</a>', 1, NULL, NULL, NULL),
(649, 'Xema sabini', 'Sabine''s Gull', 328, 2, '<a target=''_blank'' href=''https://www.universityofalaskamuseumbirds.org/''>Gibson et al. 2022</a>', 1, NULL, NULL, NULL),
(650, 'Xenus cinereus', 'Terek Sandpiper', 329, 2, '<a target=''_blank'' href=''https://www.universityofalaskamuseumbirds.org/''>Gibson et al. 2022</a>', 1, NULL, NULL, NULL),
(651, 'Zalophus californianus', 'California Sea Lion', 330, 8, '<a target=''_blank'' href=''https://www.uaf.edu/museum/collections/mammal/current-mammal-species-of/''>UAM Mammals</a>', 1, NULL, NULL, NULL),
(652, 'Zapus hudsonius', 'Meadow Jumping Mouse', 331, 8, '<a target=''_blank'' href=''https://www.uaf.edu/museum/collections/mammal/current-mammal-species-of/''>UAM Mammals</a>', 1, NULL, NULL, NULL),
(653, 'Zapus princeps', 'Western Jumping Mouse', 331, 8, '<a target=''_blank'' href=''https://www.uaf.edu/museum/collections/mammal/current-mammal-species-of/''>UAM Mammals</a>', 1, NULL, NULL, NULL),
(654, 'Zenaida asiatica', 'White-Winged Dove', 332, 2, '<a target=''_blank'' href=''https://www.universityofalaskamuseumbirds.org/''>Gibson et al. 2022</a>', 1, NULL, NULL, NULL),
(655, 'Zenaida macroura', 'Mourning Dove', 332, 2, '<a target=''_blank'' href=''https://www.universityofalaskamuseumbirds.org/''>Gibson et al. 2022</a>', 1, NULL, NULL, NULL),
(656, 'Ziphius cavirostris', 'Cuvier''s Beaked Whale', 333, 8, '<a target=''_blank'' href=''https://www.uaf.edu/museum/collections/mammal/current-mammal-species-of/''>UAM Mammals</a>', 1, NULL, NULL, NULL),
(657, 'Zonotrichia albicollis', 'White-Throated Sparrow', 334, 2, '<a target=''_blank'' href=''https://www.universityofalaskamuseumbirds.org/''>Gibson et al. 2022</a>', 1, NULL, NULL, NULL),
(658, 'Zonotrichia atricapilla', 'Golden-Crowned Sparrow', 334, 2, '<a target=''_blank'' href=''https://www.universityofalaskamuseumbirds.org/''>Gibson et al. 2022</a>', 1, NULL, NULL, NULL),
(659, 'Zonotrichia leucophrys', 'White-Crowned Sparrow', 334, 2, '<a target=''_blank'' href=''https://www.universityofalaskamuseumbirds.org/''>Gibson et al. 2022</a>', 1, NULL, NULL, NULL),
(660, 'Zonotrichia querula', 'Harris'' Sparrow', 334, 2, '<a target=''_blank'' href=''https://www.universityofalaskamuseumbirds.org/''>Gibson et al. 2022</a>', 1, NULL, NULL, NULL);

-- Insert data into synonyms taxon table
INSERT INTO taxon_synonyms (synonym_id, name_given, taxon_status_id, accepted_id) VALUES
(370, 'Acanthis flammea', 1, 1),
(371, 'Acanthis hornemanni', 1, 2),
(13, 'Accipiter gentilis', 1, 3),
(14, 'Accipiter striatus', 1, 4),
(328, 'Acrocephalus dumetorum', 1, 5),
(329, 'Acrocephalus schoenobaenus', 1, 6),
(204, 'Actitis hypoleucos', 1, 7),
(205, 'Actitis macularius', 1, 8),
(672, 'Aechmophorus occidentalis', 1, 9),
(140, 'Aegialitis nivosa', 4, 157),
(141, 'Aegialitis occidentalis', 4, 157),
(707, 'Aegolius acadicus', 1, 10),
(708, 'Aegolius funereus', 1, 11),
(121, 'Aethia cristatella', 1, 12),
(122, 'Aethia psittacula', 1, 13),
(123, 'Aethia pusilla', 1, 14),
(124, 'Aethia pygmaea', 1, 15),
(412, 'Agelaius phoeniceus', 1, 16),
(28, 'Aix sponsa', 1, 17),
(331, 'Alauda arvensis', 1, 18),
(743, 'Alces alces', 1, 19),
(744, 'Alces americana', 4, 19),
(745, 'Alces americanus', 4, 19),
(125, 'Alle alle', 1, 20),
(750, 'Alopex lagopus', 4, 646),
(10, 'Ambystoma gracile', 1, 21),
(11, 'Ambystoma macrodactylum', 1, 22),
(540, 'Ammospiza leconteii', 1, 23),
(29, 'Anas acuta', 1, 24),
(30, 'Anas americana', 4, 345),
(31, 'Anas clypeata', 4, 563),
(32, 'Anas crecca', 1, 25),
(33, 'Anas cyanoptera', 4, 564),
(34, 'Anas discors', 4, 565),
(35, 'Anas falcata', 4, 346),
(36, 'Anas falcata', 4, 346),
(37, 'Anas formosa', 4, 549),
(38, 'Anas nigra', 4, 359),
(39, 'Anas penelope', 4, 347),
(40, 'Anas platyrhynchos', 1, 26),
(41, 'Anas poecilorhyncha', 4, 28),
(42, 'Anas querquedula', 4, 566),
(43, 'Anas rubripes', 1, 27),
(44, 'Anas strepera', 4, 348),
(45, 'Anas zonorhyncha', 1, 28),
(1, 'Anaxyrus boreas', 1, 29),
(46, 'Anser albifrons', 1, 30),
(47, 'Anser caerulescens', 1, 31),
(48, 'Anser canagicus', 1, 32),
(49, 'Anser erythropus', 1, 33),
(50, 'Anser fabalis', 1, 34),
(51, 'Anser rossii', 1, 35),
(52, 'Anser serrirostris', 1, 36),
(436, 'Anthus cervinus', 1, 37),
(437, 'Anthus gustavi', 1, 38),
(438, 'Anthus hodgsoni', 1, 39),
(439, 'Anthus rubescens', 1, 40),
(440, 'Anthus trivialis', 1, 41),
(319, 'Antigone canadensis', 1, 42),
(115, 'Antrostomus vociferus', 1, 43),
(206, 'Aphriza virgata', 4, 126),
(100, 'Apus apus', 1, 44),
(101, 'Apus pacificus', 1, 45),
(15, 'Aquila chrysaetos', 1, 46),
(106, 'Archilochus anna', 4, 129),
(107, 'Archilochus calliope', 4, 530),
(108, 'Archilochus colubris', 1, 47),
(109, 'Archilocus costae', 4, 130),
(777, 'Arctocephalus townsendi', 1, 48),
(638, 'Ardea alba', 1, 49),
(639, 'Ardea cinerea', 1, 50),
(640, 'Ardea herodias', 1, 51),
(641, 'Ardea intermedia', 1, 52),
(690, 'Ardenna bulleri', 1, 53),
(691, 'Ardenna carneipes', 1, 54),
(692, 'Ardenna creatopus', 1, 55),
(693, 'Ardenna gravis', 1, 56),
(694, 'Ardenna grisea', 1, 57),
(695, 'Ardenna tenuirostris', 1, 58),
(642, 'Ardeola bacchus', 1, 59),
(207, 'Arenaria interpres', 1, 60),
(208, 'Arenaria melanocephala', 1, 61),
(330, 'Arundinax aedon', 1, 62),
(709, 'Asio flammeus', 1, 63),
(710, 'Asio otus', 1, 64),
(53, 'Aythya affinis', 1, 65),
(54, 'Aythya americana', 1, 66),
(55, 'Aythya collaris', 1, 67),
(56, 'Aythya ferina', 1, 68),
(57, 'Aythya fuligula', 1, 69),
(58, 'Aythya marila', 1, 70),
(59, 'Aythya valisineria', 1, 71),
(797, 'Balaena japonica', 4, 225),
(798, 'Balaena mysticetus', 1, 72),
(800, 'Balaenoptera acutorostrata', 1, 73),
(801, 'Balaenoptera borealis', 1, 74),
(802, 'Balaenoptera musculus', 1, 75),
(803, 'Balaenoptera physalus', 1, 76),
(209, 'Bartramia longicauda', 1, 77),
(822, 'Berardius bairdii', 1, 78),
(738, 'Bison bison', 1, 79),
(333, 'Bombycilla cedrorum', 1, 80),
(334, 'Bombycilla garrulus', 1, 81),
(301, 'Bonasa umbellus', 1, 82),
(2, 'Boreas boreas', 4, 29),
(739, 'Bos bison', 4, 79),
(643, 'Botaurus lentiginosus', 1, 83),
(126, 'Brachyramphus brevirostris', 1, 84),
(127, 'Brachyramphus marmoratus', 1, 85),
(128, 'Brachyramphus perdix', 1, 86),
(60, 'Branta bernicla', 1, 87),
(61, 'Branta canadensis', 1, 88),
(62, 'Branta hutchinsii', 1, 89),
(711, 'Bubo scandiaca', 3, 90),
(712, 'Bubo scandiacus', 1, 90),
(713, 'Bubo virginianus', 1, 91),
(644, 'Bubulcus ibis', 1, 92),
(63, 'Bucephala albeola', 1, 93),
(64, 'Bucephala clangula', 1, 94),
(65, 'Bucephala islandica', 1, 95),
(3, 'Bufo boreas', 4, 29),
(16, 'Buteo jamaicensis', 1, 96),
(17, 'Buteo lagopus', 1, 97),
(18, 'Buteo rufinus', 1, 98),
(19, 'Buteo swainsoni', 1, 99),
(645, 'Butorides virescens', 1, 100),
(335, 'Calcarius lapponicus', 1, 101),
(336, 'Calcarius pictus', 1, 102),
(210, 'Calidris acuminata', 1, 103),
(211, 'Calidris alba', 1, 104),
(212, 'Calidris alpina', 1, 105),
(213, 'Calidris bairdii', 1, 106),
(214, 'Calidris canutus', 1, 107),
(215, 'Calidris falcinellus', 1, 108),
(216, 'Calidris ferruginea', 1, 109),
(217, 'Calidris fuscicollis', 1, 110),
(218, 'Calidris himantopus', 1, 111),
(219, 'Calidris maritima', 1, 112),
(220, 'Calidris mauri', 1, 113),
(221, 'Calidris melanotos', 1, 114),
(222, 'Calidris minuta', 1, 115),
(223, 'Calidris minutilla', 1, 116),
(224, 'Calidris ptilocnemis', 1, 117),
(225, 'Calidris pugnax', 1, 118),
(226, 'Calidris pusilla', 1, 119),
(227, 'Calidris pygmea', 1, 120),
(228, 'Calidris ruficollis', 1, 121),
(229, 'Calidris subminuta', 1, 122),
(230, 'Calidris subruficollis', 1, 123),
(231, 'Calidris temminckii', 1, 124),
(232, 'Calidris tenuirostris', 1, 125),
(233, 'Calidris virgata', 1, 126),
(444, 'Calliope calliope', 1, 127),
(778, 'Callorhinus ursinus', 1, 128),
(110, 'Calypte anna', 1, 129),
(111, 'Calypte costae', 1, 130),
(302, 'Canachites canadensis', 1, 131),
(751, 'Canis latrans', 1, 132),
(752, 'Canis lupus', 1, 133),
(234, 'Capella delicata', 4, 244),
(116, 'Caprimulgus indicus jotaka', 4, 134),
(117, 'Caprimulgus jotaka', 1, 134),
(118, 'Caprimulgus vociferus', 4, 43),
(487, 'Cardellina canadensis', 1, 135),
(488, 'Cardellina pusilla', 1, 136),
(372, 'Carduelis flammea', 4, 1),
(373, 'Carduelis hornemanni', 4, 2),
(374, 'Carduelis pinus', 4, 569),
(375, 'Carduelis sinica', 4, 163),
(376, 'Carduelis spinus', 4, 570),
(377, 'Carduelis tristis', 4, 571),
(897, 'Caretta caretta', 1, 137),
(378, 'Carpodacus cassinii', 4, 267),
(379, 'Carpodacus erythrinus', 1, 138),
(380, 'Carpodacus mexicanus', 4, 268),
(381, 'Carpodacus purpureus', 4, 269),
(382, 'Carpodacus roseus', 1, 139),
(646, 'Casmerodius alba', 4, 49),
(856, 'Castor canadensis', 1, 140),
(26, 'Cathartes aura', 1, 141),
(579, 'Catharus fuscescens', 1, 142),
(580, 'Catharus guttatus', 1, 143),
(581, 'Catharus minimus', 1, 144),
(582, 'Catharus ustulatus', 1, 145),
(235, 'Catoptrophorus semipalmata', 4, 614),
(129, 'Cepphus columba', 1, 146),
(130, 'Cepphus grylle', 1, 147),
(131, 'Cerorhinca monocerata', 1, 148),
(350, 'Certhia americana', 1, 149),
(351, 'Certhia familiaris', 4, 149),
(746, 'Cervus canadensis', 1, 150),
(747, 'Cervus elaphus', 4, 150),
(102, 'Chaetura pelagica', 1, 151),
(103, 'Chaetura vauxi', 1, 152),
(142, 'Charadrius alexandrinus', 4, 157),
(143, 'Charadrius dubius', 1, 153),
(144, 'Charadrius hiaticula', 1, 154),
(145, 'Charadrius mongolus', 1, 155),
(146, 'Charadrius morinellus', 1, 156),
(147, 'Charadrius nivosus', 1, 157),
(148, 'Charadrius occidentalis', 4, 157),
(149, 'Charadrius semipalmatus', 1, 158),
(150, 'Charadrius vociferus', 1, 159),
(898, 'Chelonia mydas', 1, 160),
(66, 'Chen caerulescens', 4, 31),
(67, 'Chen canagica', 4, 32),
(68, 'Chen rossii', 4, 35),
(160, 'Chlidonias leucopterus', 1, 161),
(161, 'Chlidonias niger', 1, 162),
(383, 'Chloris sinica', 1, 163),
(541, 'Chondestes grammacus', 1, 164),
(119, 'Chordeiles acutipennis', 1, 165),
(120, 'Chordeiles minor', 1, 166),
(162, 'Chroicocephalus philadelphia', 1, 167),
(163, 'Chroicocephalus ridibundus', 1, 168),
(352, 'Cinclus mexicanus', 1, 169),
(20, 'Circus cyaneus hudsonius', 4, 170),
(21, 'Circus hudsonius', 1, 170),
(575, 'Cistothorus palustris', 1, 171),
(888, 'Citellus parryii', 4, 636),
(69, 'Clangula hyemalis', 1, 172),
(857, 'Clethrionomys gapperi', 4, 397),
(858, 'Clethrionomys rutilus', 4, 398),
(384, 'Coccothraustes coccothraustes', 1, 173),
(385, 'Coccothraustes vespertinus', 1, 174),
(291, 'Coccyzus americanus', 1, 175),
(658, 'Colaptes auratus', 1, 176),
(284, 'Columba fasciata', 4, 441),
(608, 'Contopus borealis', 4, 177),
(609, 'Contopus cooperi', 1, 177),
(610, 'Contopus sordidulus', 1, 178),
(569, 'Corthylio calendula', 1, 179),
(353, 'Corvus brachyrhynchos', 1, 180),
(354, 'Corvus caurinus', 4, 180),
(355, 'Corvus corax', 1, 181),
(236, 'Crocethia alba', 4, 104),
(292, 'Cuculus canorus', 1, 182),
(293, 'Cuculus optatus', 1, 183),
(294, 'Cuculus saturatus', 4, 183),
(445, 'Cyanecula svecica', 1, 184),
(356, 'Cyanocitta stelleri', 1, 185),
(132, 'Cyclorrhynchus psittacula', 4, 13),
(70, 'Cygnus buccinator', 1, 186),
(71, 'Cygnus columbianus', 1, 187),
(72, 'Cygnus cygnus', 1, 188),
(104, 'Cypseloides niger', 1, 189),
(781, 'Cystophora cristata', 1, 190),
(400, 'Delichon urbica', 3, 191),
(401, 'Delichon urbicum', 1, 191),
(815, 'Delphinapterus leucas', 1, 192),
(303, 'Dendragapus canadensis', 4, 131),
(304, 'Dendragapus fuliginosus', 1, 193),
(305, 'Dendragapus obscurus', 4, 193),
(659, 'Dendrocopos major', 1, 194),
(489, 'Dendroica caerulescens', 4, 533),
(490, 'Dendroica castanea', 4, 534),
(491, 'Dendroica coronata', 4, 535),
(492, 'Dendroica discolor', 4, 536),
(493, 'Dendroica magnolia', 4, 538),
(494, 'Dendroica nigrescens', 4, 539),
(495, 'Dendroica palmarum', 4, 540),
(496, 'Dendroica pensylvanica', 4, 541),
(497, 'Dendroica petechia', 4, 542),
(498, 'Dendroica striata', 4, 544),
(499, 'Dendroica tigrina', 4, 545),
(500, 'Dendroica townsendi', 4, 546),
(501, 'Dendroica virens', 4, 547),
(900, 'Dermochelys coriacea', 1, 195),
(859, 'Dicrostonyx exsul', 4, 196),
(860, 'Dicrostonyx groenlandicus', 1, 196),
(861, 'Dicrostonyx nelsoni', 4, 196),
(862, 'Dicrostonyx torquatus', 4, 196),
(863, 'Dicrostonyx unalascensis', 4, 196),
(677, 'Diomedea albatrus', 4, 458),
(678, 'Diomedea cauta salvini', 4, 603),
(679, 'Diomedea immutabilis', 4, 459),
(680, 'Diomedea nigripes', 4, 460),
(413, 'Dolichonyx oryzivorus', 1, 197),
(660, 'Dryobates pubescens', 1, 198),
(661, 'Dryobates villosus', 1, 199),
(433, 'Dumetella carolinensis', 1, 200),
(647, 'Egretta alba', 4, 49),
(648, 'Egretta eulophotes', 1, 201),
(649, 'Egretta garzetta', 1, 202),
(650, 'Egretta intermedia', 4, 52),
(651, 'Egretta tricolor', 1, 203),
(361, 'Emberiza aureola', 1, 204),
(362, 'Emberiza chrysophrys', 1, 205),
(363, 'Emberiza elegans', 1, 206),
(364, 'Emberiza leucocephalos', 1, 207),
(365, 'Emberiza pallasi', 1, 208),
(366, 'Emberiza pusilla', 1, 209),
(367, 'Emberiza rustica', 1, 210),
(368, 'Emberiza schoeniclus', 1, 211),
(369, 'Emberiza variabilis', 1, 212),
(611, 'Empidonax alnorum', 1, 213),
(612, 'Empidonax brewsteri', 4, 219),
(613, 'Empidonax difficilis', 1, 214),
(614, 'Empidonax flaviventris', 1, 215),
(615, 'Empidonax hammondii', 1, 216),
(616, 'Empidonax minimus', 1, 217),
(617, 'Empidonax oberholseri', 1, 218),
(618, 'Empidonax occidentalis', 4, 214),
(619, 'Empidonax pusillus', 4, 217),
(620, 'Empidonax traillii', 1, 219),
(621, 'Empidonax wrightii', 4, 218),
(759, 'Enhydra lutris', 1, 220),
(332, 'Eremophila alpestris', 1, 221),
(884, 'Erethizon dorsatum', 1, 222),
(782, 'Erignathus barbatus', 1, 223),
(813, 'Eschrichtius gibbosus', 4, 224),
(814, 'Eschrichtius robustus', 1, 224),
(799, 'Eubalaena japonica', 1, 225),
(151, 'Eudromias morinellus', 4, 156),
(779, 'Eumetopias jubatus', 1, 226),
(414, 'Euphagus carolinus', 1, 227),
(415, 'Euphagus cyanocephalus', 1, 228),
(237, 'Eurynorhynchus pygmeus', 4, 120),
(306, 'Falcipennis canadensis', 4, 131),
(295, 'Falco columbarius', 1, 229),
(296, 'Falco peregrinus', 1, 230),
(297, 'Falco rusticolus', 1, 231),
(298, 'Falco sparverius', 1, 232),
(299, 'Falco subbuteo', 1, 233),
(300, 'Falco tinnunculus', 1, 234),
(755, 'Felis canadensis', 4, 344),
(756, 'Felis concolor', 4, 507),
(446, 'Ficedula albicilla', 1, 235),
(447, 'Ficedula narcissina', 1, 236),
(448, 'Ficedula parva', 4, 235),
(133, 'Fratercula cirrhata', 1, 237),
(134, 'Fratercula corniculata', 1, 238),
(725, 'Fregata magnificens', 1, 239),
(386, 'Fringilla montifringilla', 1, 240),
(323, 'Fulica americana', 1, 241),
(324, 'Fulica atra', 1, 242),
(696, 'Fulmarus glacialis', 1, 243),
(238, 'Gallinago delicata', 1, 244),
(239, 'Gallinago gallinago', 1, 245),
(240, 'Gallinago solitaria', 1, 246),
(241, 'Gallinago stenura', 1, 247),
(325, 'Gallinula chloropus', 1, 248),
(313, 'Gavia adamsii', 1, 249),
(314, 'Gavia arctica', 1, 250),
(315, 'Gavia arctica pacifica', 4, 252),
(316, 'Gavia immer', 1, 251),
(317, 'Gavia pacifica', 1, 252),
(318, 'Gavia stellata', 1, 253),
(502, 'Geothlypis philadelphia', 1, 254),
(503, 'Geothlypis tolmiei', 1, 255),
(504, 'Geothlypis trichas', 1, 256),
(157, 'Glareola maldivarum', 1, 257),
(714, 'Glaucidium gnoma', 1, 258),
(889, 'Glaucomys sabrinus', 1, 259),
(805, 'Globicephala macrorhynchus', 1, 260),
(806, 'Grampus griseus', 1, 261),
(320, 'Grus canadensis', 4, 42),
(321, 'Grus grus', 1, 262),
(322, 'Grus monacha', 1, 263),
(339, 'Guiraca caerulea', 4, 439),
(760, 'Gulo gulo', 1, 264),
(761, 'Gulo luscus', 4, 264),
(158, 'Haematopus bachmani', 1, 265),
(159, 'Haematopus ostralegus', 1, 266),
(387, 'Haemorhous cassinii', 1, 267),
(388, 'Haemorhous mexicanus', 1, 268),
(389, 'Haemorhous purpureus', 1, 269),
(22, 'Haliaeetus albicilla', 1, 270),
(23, 'Haliaeetus leucocephalus', 1, 271),
(24, 'Haliaeetus pelagicus', 1, 272),
(428, 'Helopsaltes certhiola', 1, 273),
(429, 'Helopsaltes ochotensis', 1, 274),
(390, 'Hesperiphona vespertinus', 4, 174),
(242, 'Heteroscelus brevipes', 4, 606),
(243, 'Heteroscelus incanus', 4, 610),
(202, 'Himantopus himantopus', 1, 275),
(105, 'Hirundapus caudacutus', 1, 276),
(402, 'Hirundo pyrrhonota', 4, 447),
(403, 'Hirundo rustica', 1, 277),
(404, 'Hirundo thalassinus', 4, 599),
(73, 'Histrionicus histrionicus', 1, 278),
(783, 'Histriophoca fasciata', 1, 279),
(686, 'Hydrobates furcatus', 1, 280),
(687, 'Hydrobates leucorhous', 1, 281),
(164, 'Hydrocoloeus minutus', 1, 282),
(165, 'Hydroprogne caspia', 1, 283),
(583, 'Hylocichla aliciae', 4, 144),
(584, 'Hylocichla aonalaschkae', 4, 143),
(585, 'Hylocichla fuscescens', 4, 142),
(586, 'Hylocichla guttata', 4, 143),
(587, 'Hylocichla minima', 4, 144),
(588, 'Hylocichla mustelina', 1, 284),
(589, 'Hylocichla ustulata', 4, 145),
(166, 'Ichthyaetus ichthyaetus', 1, 285),
(416, 'Icterus bullockii', 1, 286),
(417, 'Icterus cucullatus', 1, 287),
(418, 'Icterus spurius', 1, 288),
(405, 'Iridoprocne bicolor', 4, 598),
(652, 'Ixobrychus sinensis', 1, 289),
(590, 'Ixoreus naevius', 1, 290),
(542, 'Junco hyemalis', 1, 291),
(662, 'Jynx torquilla', 1, 292),
(819, 'Kogia breviceps', 1, 293),
(807, 'Lagenorhynchus obliquidens', 4, 523),
(307, 'Lagopus lagopus', 1, 294),
(308, 'Lagopus leucura', 1, 295),
(309, 'Lagopus leucurus', 3, 295),
(310, 'Lagopus muta', 1, 296),
(311, 'Lagopus mutus', 3, 296),
(423, 'Lanius borealis', 1, 297),
(424, 'Lanius collurio', 1, 298),
(425, 'Lanius cristatus', 1, 299),
(426, 'Lanius excubitor borealis', 4, 297),
(427, 'Lanius septentrionalis', 4, 297),
(167, 'Larus argentatus', 1, 300),
(168, 'Larus atricilla', 4, 325),
(169, 'Larus brachyrhynchus', 1, 301),
(170, 'Larus californicus', 1, 302),
(171, 'Larus canus', 1, 303),
(172, 'Larus crassirostris', 1, 304),
(173, 'Larus delawarensis', 1, 305),
(174, 'Larus fuscus', 1, 306),
(175, 'Larus glaucescens', 1, 307),
(176, 'Larus glaucoides', 1, 308),
(177, 'Larus heermanni', 1, 309),
(178, 'Larus hyperboreus', 1, 310),
(179, 'Larus leucopterus', 4, 308),
(180, 'Larus marinus', 1, 311),
(181, 'Larus minutus', 4, 282),
(182, 'Larus occidentalis', 1, 312),
(183, 'Larus philadelphia', 4, 167),
(184, 'Larus pipixcan', 4, 326),
(185, 'Larus ridibundus', 4, 168),
(186, 'Larus schistisagus', 1, 313),
(449, 'Larvivora cyane', 1, 314),
(450, 'Larvivora sibilans', 1, 315),
(825, 'Lasionycteris noctivagans', 1, 316),
(826, 'Lasiurus cinereus', 1, 317),
(505, 'Leiothlypis celata', 1, 318),
(506, 'Leiothlypis peregrina', 1, 319),
(507, 'Leiothlypis ruficapilla', 1, 320),
(864, 'Lemmus sibiricus', 4, 321),
(865, 'Lemmus trimucronatus', 1, 321),
(899, 'Lepidochelys olivacea', 1, 322),
(851, 'Lepus americanus', 1, 323),
(852, 'Lepus arcticus', 4, 324),
(853, 'Lepus othus', 1, 324),
(187, 'Leucophaeus atricilla', 1, 325),
(188, 'Leucophaeus pipixcan', 1, 326),
(391, 'Leucosticte arctoa', 1, 327),
(392, 'Leucosticte tephrocotis', 1, 328),
(244, 'Limicola falcinellus', 4, 108),
(245, 'Limnodromus griseus', 1, 329),
(246, 'Limnodromus scolopaceus', 1, 330),
(247, 'Limosa fedoa', 1, 331),
(248, 'Limosa haemastica', 1, 332),
(249, 'Limosa lapponica', 1, 333),
(250, 'Limosa limosa', 1, 334),
(808, 'Lissodelphis borealis', 1, 335),
(5, 'Lithobates sylvaticus', 1, 336),
(430, 'Locustella fluviatilis', 1, 337),
(431, 'Locustella lanceolata', 1, 338),
(432, 'Locustella ochotensis', 4, 274),
(762, 'Lontra canadensis', 1, 339),
(74, 'Lophodytes cucullatus', 1, 340),
(340, 'Loxia caerulea', 4, 439),
(393, 'Loxia curvirostra', 1, 341),
(394, 'Loxia leucoptera', 1, 342),
(135, 'Lunda cirrhata', 4, 237),
(451, 'Luscinia calliope', 4, 127),
(452, 'Luscinia cyane', 4, 314),
(453, 'Luscinia sibilans', 4, 315),
(454, 'Luscinia svecica', 4, 184),
(763, 'Lutra canadensis', 4, 339),
(251, 'Lymnocryptes minimus', 1, 343),
(757, 'Lynx canadensis', 1, 344),
(75, 'Mareca americana', 1, 345),
(76, 'Mareca falcata', 1, 346),
(77, 'Mareca penelope', 1, 347),
(78, 'Mareca strepera', 1, 348),
(890, 'Marmota broweri', 1, 349),
(891, 'Marmota caligata', 1, 350),
(892, 'Marmota caligata broweri', 4, 349),
(893, 'Marmota monax', 1, 351),
(764, 'Martes americana', 1, 352),
(765, 'Martes americana caurina', 4, 353),
(766, 'Martes caurina', 1, 353),
(767, 'Martes pennanti', 1, 354),
(290, 'Megaceryle alcyon', 1, 355),
(804, 'Megaptera novaeangliae', 1, 356),
(715, 'Megascops kennicottii', 1, 357),
(663, 'Melanerpes lewis', 1, 358),
(79, 'Melanitta americana', 1, 359),
(80, 'Melanitta deglandi', 1, 360),
(81, 'Melanitta fusca deglandi', 4, 360),
(82, 'Melanitta fusca stejnegeri', 4, 362),
(83, 'Melanitta nigra', 4, 359),
(84, 'Melanitta perspicillata', 1, 361),
(85, 'Melanitta stejnegeri', 1, 362),
(543, 'Melospiza georgiana', 1, 363),
(544, 'Melospiza lincolnii', 1, 364),
(545, 'Melospiza melodia', 1, 365),
(86, 'Mergellus albellus', 1, 366),
(87, 'Mergus merganser', 1, 367),
(88, 'Mergus serrator', 1, 368),
(591, 'Merula solitaria', 4, 143),
(653, 'Mesophoyx intermedia', 4, 52),
(823, 'Mesoplodon stejnegeri', 1, 369),
(866, 'Microtus abbreviatus', 4, 371),
(867, 'Microtus amakensis', 4, 372),
(868, 'Microtus coronarius', 4, 370),
(869, 'Microtus longicaudus', 1, 370),
(870, 'Microtus miurus', 1, 371),
(871, 'Microtus oeconomus', 1, 372),
(872, 'Microtus pennsylvanicus', 1, 373),
(873, 'Microtus xanthognathus', 1, 374),
(25, 'Milvus migrans', 1, 375),
(434, 'Mimus polyglottos', 1, 376),
(784, 'Mirounga angustirostris', 1, 377),
(508, 'Mniotilta varia', 1, 378),
(419, 'Molothrus ater', 1, 379),
(816, 'Monodon monoceros', 1, 380),
(455, 'Monticola saxatilis', 1, 381),
(441, 'Motacilla alba', 1, 382),
(442, 'Motacilla cinerea', 1, 383),
(443, 'Motacilla tschutschensis', 1, 384),
(885, 'Mus musculus', 1, 385),
(456, 'Muscicapa albicilla', 4, 235),
(457, 'Muscicapa dauurica', 1, 386),
(458, 'Muscicapa griseisticta', 1, 387),
(592, 'Muscicapa guttata', 4, 143),
(459, 'Muscicapa parva', 4, 235),
(460, 'Muscicapa sibirica', 1, 388),
(461, 'Muscicapa striata', 1, 389),
(622, 'Muscivora forficatus', 4, 626),
(768, 'Mustela erminea', 1, 390),
(769, 'Mustela erminea', 4, 393),
(770, 'Mustela haidarum', 1, 391),
(771, 'Mustela nivalis', 1, 392),
(772, 'Mustela richardsonii', 1, 393),
(773, 'Mustela vison', 4, 405),
(593, 'Myadestes townsendi', 1, 394),
(623, 'Myiarchus cinerascens', 1, 395),
(624, 'Myiarchus crinitus', 1, 396),
(874, 'Myodes gapperi', 1, 397),
(875, 'Myodes rutilus', 1, 398),
(827, 'Myotis californicus', 1, 399),
(828, 'Myotis evotis', 2, 400),
(829, 'Myotis keenii', 4, 400),
(830, 'Myotis lucifugus', 1, 401),
(831, 'Myotis volans', 1, 402),
(832, 'Myotis yumanensis', 1, 403),
(726, 'Nannopterum auritum', 1, 404),
(774, 'Neogale vison', 1, 405),
(876, 'Neotoma cinerea', 1, 406),
(775, 'Neovison vison', 4, 405),
(716, 'Ninox japonica', 1, 407),
(717, 'Ninox scutulata', 4, 407),
(357, 'Nucifraga columbiana', 1, 408),
(252, 'Numenius americanus', 1, 409),
(253, 'Numenius borealis', 1, 410),
(254, 'Numenius madagascariensis', 1, 411),
(255, 'Numenius minutus', 1, 412),
(256, 'Numenius phaeopus', 1, 413),
(257, 'Numenius tahitiensis', 1, 414),
(625, 'Nuttallornis cooperi', 4, 177),
(718, 'Nyctea scandiaca', 4, 90),
(654, 'Nycticorax nycticorax', 1, 415),
(688, 'Oceanodroma furcata', 4, 280),
(689, 'Oceanodroma leucorhoa', 4, 281),
(855, 'Ochotona collaris', 1, 416),
(776, 'Odobenus rosmarus', 1, 417),
(748, 'Odocoileus hemionus', 1, 418),
(462, 'Oenanthe oenanthe', 1, 419),
(463, 'Oenanthe pleschanka', 1, 420),
(89, 'Oidemia americana', 4, 359),
(877, 'Ondatra zibethicus', 1, 421),
(189, 'Onychoprion aleuticus', 1, 422),
(190, 'Onychoprion fuscatus', 1, 423),
(509, 'Oporornis philadelphia', 4, 254),
(510, 'Oporornis tolmiei', 4, 255),
(809, 'Orcinus orca', 1, 424),
(740, 'Oreamnos americanus', 1, 425),
(511, 'Oreothlypis celata', 4, 318),
(512, 'Oreothlypis peregrina', 4, 319),
(513, 'Oreothlypis ruficapilla', 4, 320),
(854, 'Oryctolagus cuniculus', 1, 426),
(719, 'Otus kennicottii', 4, 357),
(720, 'Otus sunia', 1, 427),
(741, 'Ovibos moschatus', 1, 428),
(742, 'Ovis dalli', 1, 429),
(90, 'Oxyura jamaicensis', 1, 430),
(191, 'Pagophila eburnea', 1, 431),
(785, 'Pagophilus groenlandicus', 1, 432),
(27, 'Pandion haliaetus', 1, 433),
(514, 'Parkesia noveboracensis', 1, 434),
(515, 'Parula americana', 4, 532),
(469, 'Parus atricapillus', 4, 489),
(470, 'Parus cinctus', 4, 490),
(471, 'Parus gambeli', 4, 491),
(472, 'Parus hudsonicus', 4, 492),
(473, 'Parus rufescens', 4, 493),
(559, 'Passer domesticus', 1, 435),
(546, 'Passerculus sandwichensis', 1, 436),
(547, 'Passerella iliaca', 1, 437),
(341, 'Passerina amoena', 1, 438),
(342, 'Passerina caerulea', 1, 439),
(343, 'Passerina cyanea', 1, 440),
(285, 'Patagioenas fasciata', 1, 441),
(655, 'Pelecanus erythrorhynchos', 1, 442),
(656, 'Pelecanus occidentalis', 1, 443),
(474, 'Penthestes atricapillus', 4, 489),
(475, 'Penthestes cinctus', 4, 490),
(476, 'Penthestes gambeli', 4, 491),
(477, 'Penthestes hudsonicus', 4, 492),
(478, 'Penthestes rufescens', 4, 493),
(358, 'Perisoreus canadensis', 1, 444),
(878, 'Peromyscus keeni', 1, 445),
(879, 'Peromyscus maniculatus', 1, 446),
(406, 'Petrochelidon pyrrhonota', 1, 447),
(727, 'Phalacrocorax auritus', 4, 404),
(728, 'Phalacrocorax pelagicus', 4, 633),
(729, 'Phalacrocorax penicillatus', 4, 634),
(730, 'Phalacrocorax urile', 4, 635),
(258, 'Phalaropus fulicaria', 3, 448),
(259, 'Phalaropus fulicarius', 1, 448),
(260, 'Phalaropus lobatus', 1, 449),
(261, 'Phalaropus tricolor', 1, 450),
(880, 'Phenacomys intermedius', 1, 451),
(344, 'Pheucticus ludovicianus', 1, 452),
(345, 'Pheucticus melanocephalus', 1, 453),
(262, 'Philomachus pugnax', 4, 118),
(786, 'Phoca fasciata', 4, 279),
(787, 'Phoca groenlandica', 4, 432),
(788, 'Phoca hispida', 4, 508),
(789, 'Phoca largha', 1, 454),
(790, 'Phoca vitulina', 1, 455),
(817, 'Phocoena phocoena', 1, 456),
(818, 'Phocoenoides dalli', 1, 457),
(681, 'Phoebastria albatrus', 1, 458),
(682, 'Phoebastria immutabilis', 1, 459),
(683, 'Phoebastria nigripes', 1, 460),
(464, 'Phoenicurus phoenicurus', 1, 461),
(560, 'Phylloscopus borealis', 1, 462),
(561, 'Phylloscopus collybita', 1, 463),
(562, 'Phylloscopus examinandus', 1, 464),
(563, 'Phylloscopus fuscatus', 1, 465),
(564, 'Phylloscopus inornatus', 1, 466),
(565, 'Phylloscopus proregulus', 1, 467),
(566, 'Phylloscopus sibilatrix', 1, 468),
(567, 'Phylloscopus trochilus', 1, 469),
(820, 'Physeter catodon', 4, 470),
(821, 'Physeter macrocephalus', 1, 470),
(359, 'Pica hudsonia', 1, 471),
(360, 'Pica pica', 4, 471),
(664, 'Picoides arcticus', 1, 472),
(665, 'Picoides dorsalis', 1, 473),
(666, 'Picoides pubescens', 4, 198),
(667, 'Picoides tridactylus', 4, 473),
(668, 'Picoides villosus', 4, 199),
(669, 'Picus tridactylus', 4, 473),
(395, 'Pinicola enucleator', 1, 474),
(548, 'Pipilo maculatus', 1, 475),
(346, 'Piranga ludoviciana', 1, 476),
(347, 'Piranga olivacea', 1, 477),
(348, 'Pitylus lazulus', 4, 439),
(337, 'Plectrophenax hyperboreus', 1, 478),
(338, 'Plectrophenax nivalis', 1, 479),
(657, 'Plegadis chihi', 1, 480),
(152, 'Pluvialis apricaria', 1, 481),
(153, 'Pluvialis dominica', 1, 482),
(154, 'Pluvialis fulva', 1, 483),
(155, 'Pluvialis squatarola', 1, 484),
(673, 'Podiceps auritus', 1, 485),
(674, 'Podiceps grisegena', 1, 486),
(675, 'Podiceps nigricollis', 1, 487),
(676, 'Podilymbus podiceps', 1, 488),
(479, 'Poecile atricapilla', 3, 489),
(480, 'Poecile atricapillus', 1, 489),
(481, 'Poecile cincta', 3, 490),
(482, 'Poecile cinctus', 1, 490),
(483, 'Poecile gambeli', 1, 491),
(484, 'Poecile hudsonica', 3, 492),
(485, 'Poecile hudsonicus', 1, 492),
(486, 'Poecile rufescens', 1, 493),
(91, 'Polysticta stelleri', 1, 494),
(549, 'Pooecetes gramineus', 1, 495),
(326, 'Porzana carolina', 1, 496),
(792, 'Procyon lotor', 1, 497),
(407, 'Progne subis', 1, 498),
(568, 'Prunella montanella', 1, 499),
(4, 'Pseudacris regilla', 1, 500),
(810, 'Pseudorca crassidens', 1, 501),
(697, 'Pterodroma cookii', 1, 502),
(698, 'Pterodroma inexpectata', 1, 503),
(699, 'Pterodroma solandri', 1, 504),
(136, 'Ptychoramphus aleuticus', 1, 505),
(700, 'Puffinus bulleri', 4, 53),
(701, 'Puffinus carneipes', 4, 54),
(702, 'Puffinus creatopus', 4, 55),
(703, 'Puffinus gravis', 4, 56),
(704, 'Puffinus griseus', 4, 57),
(705, 'Puffinus puffinus', 1, 506),
(706, 'Puffinus tenuirostris', 4, 58),
(758, 'Puma concolor', 1, 507),
(791, 'Pusa hispida', 1, 508),
(396, 'Pyrrhula pyrrhula', 1, 509),
(420, 'Quiscalus quiscula', 1, 510),
(327, 'Rallus limicola', 1, 511),
(6, 'Rana aurora', 1, 512),
(7, 'Rana luteiventris', 1, 513),
(8, 'Rana pretiosa', 4, 513),
(9, 'Rana sylvatica', 4, 336),
(749, 'Rangifer tarandus', 1, 514),
(886, 'Rattus norvegicus', 1, 515),
(887, 'Rattus rattus', 1, 516),
(203, 'Recurvirostra americana', 1, 517),
(570, 'Regulus calendula', 4, 179),
(571, 'Regulus satrapa', 1, 518),
(192, 'Rhodostethia rosea', 1, 519),
(408, 'Riparia riparia', 1, 520),
(193, 'Rissa brevirostris', 1, 521),
(194, 'Rissa tridactyla', 1, 522),
(811, 'Sagmatias obliquidens', 2, 523),
(576, 'Salpinctes obsoletus', 1, 524),
(465, 'Saxicola torquata', 3, 525),
(466, 'Saxicola torquatus', 1, 525),
(626, 'Sayornis nigricans', 1, 526),
(627, 'Sayornis phoebe', 1, 527),
(628, 'Sayornis saya', 1, 528),
(263, 'Scolopax delicata', 4, 244),
(516, 'Seiurus aurocapilla', 1, 529),
(517, 'Seiurus aurocapillus', 3, 529),
(518, 'Seiurus noveboracensis', 4, 434),
(112, 'Selasphorus rufus', 1, 531),
(519, 'Setophaga americana', 1, 532),
(520, 'Setophaga caerulescens', 1, 533),
(521, 'Setophaga castanea', 1, 534),
(522, 'Setophaga coronata', 1, 535),
(523, 'Setophaga discolor', 1, 536),
(524, 'Setophaga dominica', 1, 537),
(525, 'Setophaga magnolia', 1, 538),
(526, 'Setophaga nigrescens', 1, 539),
(527, 'Setophaga palmarum', 1, 540),
(528, 'Setophaga pensylvanica', 1, 541),
(529, 'Setophaga petechia', 1, 542),
(530, 'Setophaga ruticilla', 1, 543),
(531, 'Setophaga striata', 1, 544),
(532, 'Setophaga tigrina', 1, 545),
(533, 'Setophaga townsendi', 1, 546),
(534, 'Setophaga virens', 1, 547),
(594, 'Sialia currucoides', 1, 548),
(92, 'Sibirionetta formosa', 1, 549),
(572, 'Sitta canadensis', 1, 550),
(93, 'Somateria fischeri', 1, 551),
(94, 'Somateria mollissima', 1, 552),
(95, 'Somateria spectabilis', 1, 553),
(833, 'Sorex alaskanus', 4, 558),
(834, 'Sorex arcticus', 4, 561),
(835, 'Sorex cinereus', 1, 554),
(836, 'Sorex cinereus ugyunak', 4, 562),
(837, 'Sorex eximius', 1, 555),
(838, 'Sorex hoyi', 4, 555),
(839, 'Sorex hydrodromus', 4, 560),
(840, 'Sorex jacksoni', 1, 556),
(841, 'Sorex minutissimus', 1, 557),
(842, 'Sorex monticola', 4, 559),
(843, 'Sorex monticolus', 4, 559),
(844, 'Sorex navigator', 1, 558),
(845, 'Sorex obscurus', 1, 559),
(846, 'Sorex palustris', 4, 558),
(847, 'Sorex pribilofensis', 1, 560),
(848, 'Sorex tundrensis', 1, 561),
(849, 'Sorex ugyunak', 1, 562),
(850, 'Sorex yukonicus', 4, 557),
(96, 'Spatula clypeata', 1, 563),
(97, 'Spatula cyanoptera', 1, 564),
(98, 'Spatula discors', 1, 565),
(99, 'Spatula querquedula', 1, 566),
(894, 'Spermophilus parryii', 4, 636),
(670, 'Sphyrapicus ruber', 1, 567),
(671, 'Sphyrapicus varius', 1, 568),
(397, 'Spinus pinus', 1, 569),
(398, 'Spinus spinus', 1, 570),
(399, 'Spinus tristis', 1, 571),
(349, 'Spiza americana', 1, 572),
(550, 'Spizella arborea', 4, 576),
(551, 'Spizella breweri', 1, 573),
(552, 'Spizella pallida', 1, 574),
(553, 'Spizella passerina', 1, 575),
(554, 'Spizelloides arborea', 1, 576),
(264, 'Steganopus tricolor', 4, 450),
(409, 'Stelgidopteryx serripennis', 1, 577),
(113, 'Stellula calliope', 1, 530),
(114, 'Stellula calliope', 4, 530),
(812, 'Stenella attenuata', 1, 578),
(280, 'Stercorarius longicaudus', 1, 579),
(281, 'Stercorarius maccormicki', 1, 580),
(282, 'Stercorarius parasiticus', 1, 581),
(283, 'Stercorarius pomarinus', 1, 582),
(195, 'Sterna aleutica', 4, 422),
(196, 'Sterna caspia', 4, 283),
(197, 'Sterna fuscata', 4, 423),
(198, 'Sterna hirundo', 1, 583),
(199, 'Sterna paradisaea', 1, 584),
(286, 'Streptopelia decaocto', 1, 585),
(287, 'Streptopelia orientalis', 1, 586),
(721, 'Strix nebulosa', 1, 587),
(722, 'Strix scutulata', 4, 407),
(723, 'Strix varia', 1, 588),
(421, 'Sturnella neglecta', 1, 589),
(573, 'Sturnus vulgaris', 1, 590),
(734, 'Sula granti', 1, 591),
(735, 'Sula leucogaster', 1, 592),
(736, 'Sula sula', 1, 593),
(724, 'Surnia ulula', 1, 594),
(574, 'Sylvia curruca', 1, 595),
(881, 'Synaptomys borealis', 1, 596),
(467, 'Synornis joulaimus', 4, 235),
(137, 'Synthliboramphus antiquus', 1, 597),
(410, 'Tachycineta bicolor', 1, 598),
(411, 'Tachycineta thalassina', 1, 599),
(895, 'Tamiasciurus hudsonicus', 1, 600),
(12, 'Taricha granulosa', 1, 601),
(468, 'Tarsiger cyanurus', 1, 602),
(793, 'Thalarctos maritimus', 4, 639),
(684, 'Thalassarche cauta salvini', 4, 603),
(685, 'Thalassarche salvini', 1, 603),
(200, 'Thalasseus sandvicensis', 1, 604),
(435, 'Toxostoma rufum', 1, 605),
(265, 'Tringa brevipes', 1, 606),
(266, 'Tringa cinerea', 4, 650),
(267, 'Tringa erythropus', 1, 607),
(268, 'Tringa flavipes', 1, 608),
(269, 'Tringa glareola', 1, 609),
(270, 'Tringa hypoleucos', 4, 7),
(271, 'Tringa incana', 1, 610),
(272, 'Tringa melanoleuca', 1, 611),
(273, 'Tringa nebularia', 1, 612),
(274, 'Tringa ochropus', 1, 613),
(275, 'Tringa semipalmata', 1, 614),
(276, 'Tringa solitaria', 1, 615),
(277, 'Tringa stagnatilis', 1, 616),
(577, 'Troglodytes pacificus', 1, 617),
(578, 'Troglodytes troglodytes', 4, 617),
(278, 'Tryngites subruficollis', 4, 123),
(595, 'Turdus aliciae', 4, 144),
(596, 'Turdus aonalaschkae', 4, 143),
(597, 'Turdus eunomus', 1, 618),
(598, 'Turdus fuscescens', 4, 142),
(599, 'Turdus iliacus', 1, 619),
(600, 'Turdus migratorius', 1, 620),
(601, 'Turdus minimus', 4, 144),
(602, 'Turdus naumanni', 1, 621),
(603, 'Turdus obscurus', 1, 622),
(604, 'Turdus philomelos', 1, 623),
(605, 'Turdus pilaris', 1, 624),
(606, 'Turdus ustulatus', 4, 145),
(312, 'Tympanuchus phasianellus', 1, 625),
(629, 'Tyrannus forficatus', 1, 626),
(630, 'Tyrannus melancholicus', 1, 627),
(631, 'Tyrannus tyrannus', 1, 628),
(632, 'Tyrannus verticalis', 1, 629),
(737, 'Upupa epops', 1, 630),
(138, 'Uria aalge', 1, 631),
(139, 'Uria lomvia', 1, 632),
(731, 'Urile pelagicus', 1, 633),
(732, 'Urile penicillatus', 1, 634),
(733, 'Urile urile', 1, 635),
(896, 'Urocitellus parryii', 1, 636),
(794, 'Ursus americanus', 1, 637),
(795, 'Ursus arctos', 1, 638),
(796, 'Ursus maritimus', 1, 639),
(156, 'Vanellus vanellus', 1, 640),
(535, 'Vermivora celata', 4, 318),
(536, 'Vermivora peregrina', 4, 319),
(537, 'Vermivora ruficapilla', 4, 320),
(633, 'Vireo cassinii', 1, 641),
(634, 'Vireo gilvus', 1, 642),
(635, 'Vireo olivaceus', 1, 643),
(636, 'Vireo philadelphicus', 1, 644),
(637, 'Vireo solitarius', 1, 645),
(753, 'Vulpes lagopus', 1, 646),
(754, 'Vulpes vulpes', 1, 647),
(538, 'Wilsonia canadensis', 4, 135),
(539, 'Wilsonia pusilla', 4, 136),
(422, 'Xanthocephalus xanthocephalus', 1, 648),
(201, 'Xema sabini', 1, 649),
(279, 'Xenus cinereus', 1, 650),
(780, 'Zalophus californianus', 1, 651),
(882, 'Zapus hudsonius', 1, 652),
(883, 'Zapus princeps', 1, 653),
(288, 'Zenaida asiatica', 1, 654),
(289, 'Zenaida macroura', 1, 655),
(824, 'Ziphius cavirostris', 1, 656),
(555, 'Zonotrichia albicollis', 1, 657),
(556, 'Zonotrichia atricapilla', 1, 658),
(557, 'Zonotrichia leucophrys', 1, 659),
(558, 'Zonotrichia querula', 1, 660),
(607, 'Zoothera naevia', 4, 290);

-- Commit transaction
COMMIT TRANSACTION;
