-- -*- coding: utf-8 -*-
-- ---------------------------------------------------------------------------
-- Insert metadata and constraints
-- Author: Timm Nawrocki, Alaska Center for Conservation Science
-- Last Updated:  2021-02-02
-- Usage: Script should be executed in a PostgreSQL 12 database.
-- Description: "Insert metadata and constraints" pushes data from the database dictionary and schema into the database server. The script "Build metadata and constraint tables" should be run prior to this script to start with empty, properly formatted tables.
-- ---------------------------------------------------------------------------

-- Initialize transaction
START TRANSACTION;

-- Insert data into constraint tables
INSERT INTO completion (completion_id, completion) VALUES
(1, 'finished'),
(2, 'ongoing');
INSERT INTO cover_method (cover_method_id, cover_method) VALUES
(1, 'line-point intercept'),
(2, 'grid-point intercept'),
(3, 'semi-quantitative visual estimate'),
(4, 'braun-blanquet visual estimate'),
(5, 'daubenmire visual estimate'),
(6, 'custom classification visual estimate');
INSERT INTO cover_type (cover_type_id, cover_type) VALUES
(1, 'top cover'),
(2, 'total cover'),
(3, 'density');
INSERT INTO data_type (data_type_id, data_type) VALUES
(1, 'boolean'),
(2, 'date'),
(3, 'decimal'),
(4, 'integer'),
(5, 'serial'),
(6, 'smallint'),
(7, 'varchar');
INSERT INTO datum (datum_id, datum) VALUES
(1, 'NAD83');
INSERT INTO disturbance (disturbance_id, disturbance) VALUES
(1, 'aeolian process'),
(2, 'agricultural'),
(3, 'ATV use'),
(4, 'clearing'),
(5, 'contaminants'),
(6, 'developed site'),
(7, 'disturbance complex'),
(8, 'excavation'),
(9, 'fill'),
(10, 'fire'),
(11, 'geomorphic process'),
(12, 'historic anthropogenic'),
(13, 'man-made waterbody'),
(14, 'none'),
(15, 'permafrost dynamics'),
(16, 'riparian'),
(17, 'road'),
(18, 'solifluction'),
(19, 'structure'),
(20, 'tidal'),
(21, 'timber harvest'),
(22, 'trail'),
(23, 'weather process'),
(24, 'wildlife digging'),
(25, 'wildlife grazing'),
(26, 'wildlife trails'),
(27, 'wildlife trampling');
INSERT INTO drainage (drainage_id, drainage) VALUES
(1, 'well drained'),
(2, 'moderately drained'),
(3, 'poorly drained'),
(4, 'flooded'),
(5, 'aquatic');
INSERT INTO geomorphology (geomorphology_id, geomorphology) VALUES
(1, 'aeolian deposit'),
(2, 'alluvial plain'),
(3, 'alluvial plain remnant'),
(4, 'aquatic, lake'),
(5, 'aquatic, river'),
(6, 'barrier island'),
(7, 'basin'),
(8, 'batholith'),
(9, 'breached anticline'),
(10, 'caldera'),
(11, 'canyon'),
(12, 'coastal plain'),
(13, 'colluvial deposit'),
(14, 'delta'),
(15, 'drumlin'),
(16, 'estuary'),
(17, 'fjord'),
(18, 'floodplain'),
(19, 'fluviomarine terrace'),
(20, 'glaciofluvial outwash'),
(21, 'gorge'),
(22, 'headwater stream'),
(23, 'hill'),
(24, 'ice-margin complex'),
(25, 'intermontane basin'),
(26, 'island'),
(27, 'lagoon'),
(28, 'lake'),
(29, 'marine, bay'),
(30, 'marine, gulf'),
(31, 'marine, ocean'),
(32, 'marine, sea'),
(33, 'marine, terrace'),
(34, 'mountain'),
(35, 'ocean shore'),
(36, 'peninsula'),
(37, 'plain'),
(38, 'plateau'),
(39, 'stream'),
(40, 'valley'),
(41, 'valley, alpine'),
(42, 'valley, lowland'),
(43, 'volcano'),
(44, 'volcano, shield');
INSERT INTO macrotopography (macrotopography_id, macrotopography) VALUES
(1, 'alluvial cone'),
(2, 'alluvial fan'),
(3, 'alluvial flat'),
(4, 'beach'),
(5, 'beach berm'),
(6, 'beach plain'),
(7, 'beach terrace'),
(8, 'bench'),
(9, 'bluff'),
(10, 'cirque'),
(11, 'colluvial apron'),
(12, 'cove'),
(13, 'depression'),
(14, 'draw'),
(15, 'dunes'),
(16, 'esker'),
(17, 'floodplain abandoned'),
(18, 'floodplain bar'),
(19, 'floodplain basin'),
(20, 'floodplain island'),
(21, 'floodplain overflow channel'),
(22, 'floodplain oxbow'),
(23, 'floodplain terrace'),
(24, 'glacier'),
(25, 'inlet'),
(26, 'lake bed'),
(27, 'lake shore'),
(28, 'moraine'),
(29, 'moraine lateral'),
(30, 'moraine medial'),
(31, 'moraine terminal'),
(32, 'nearshore zone'),
(33, 'non-patterned drained thaw lake basin'),
(34, 'pingo'),
(35, 'plane'),
(36, 'polygons flat-center'),
(37, 'polygons high-center'),
(38, 'polygons low-center'),
(39, 'polygons low-center coalescent'),
(40, 'polygons mixed'),
(41, 'ridge'),
(42, 'river bed'),
(43, 'saddle'),
(44, 'slope'),
(45, 'slope concave'),
(46, 'slope convex'),
(47, 'slope planar'),
(48, 'spur'),
(49, 'summit'),
(50, 'terrace'),
(51, 'tidal'),
(52, 'tidal flat'),
(53, 'tidal inlet'),
(54, 'undulating');
INSERT INTO microtopography (microtopography_id, microtopography) VALUES
(1, 'anthroscape'),
(2, 'boulder field'),
(3, 'channeled'),
(4, 'circles (non-sorted, sorted)'),
(5, 'concave'),
(6, 'convex'),
(7, 'debris'),
(8, 'fluviokarst'),
(9, 'frost scars and boils'),
(10, 'hummocks'),
(11, 'gelifluction lobes'),
(12, 'glaciokarst'),
(13, 'ice wedge'),
(14, 'ice-cored mounds'),
(15, 'karst'),
(16, 'lava field'),
(17, 'mounds'),
(18, 'mounds caused by trees'),
(19, 'mounds caused by wildlife'),
(20, 'nets (non-sorted, sorted)'),
(21, 'outcrops'),
(22, 'peat mounds'),
(23, 'plane'),
(24, 'polygonal'),
(25, 'ponds'),
(26, 'reticulate'),
(27, 'ridges and swales'),
(28, 'scree'),
(29, 'soil-covered rocks'),
(30, 'solifluction lobes'),
(31, 'steps (non-sorted, sorted)'),
(32, 'string'),
(33, 'stripes (non-sorted, sorted)'),
(34, 'talus'),
(35, 'thermokarst'),
(36, 'tors'),
(37, 'treads and risers'),
(38, 'tussocks'),
(39, 'undulating'),
(40, 'water tracks');
INSERT INTO moisture (moisture_id, moisture) VALUES
(1, 'marine'),
(2, 'brackish'),
(3, 'aquatic'),
(4, 'hydric-aquatic'),
(5, 'hydric'),
(6, 'hygric-hydric'),
(7, 'hygric'),
(8, 'mesic-hygric'),
(9, 'mesic'),
(10, 'xeric-mesic'),
(11, 'xeric');
INSERT INTO organization_type (organization_type_id, organization_type) VALUES
(1, 'University'),
(2, 'Federal Agency'),
(3, 'State Agency'),
(4, 'Environmental Consultant'),
(5, 'Industry');
INSERT INTO personnel (personnel_id, personnel) VALUES
(1, 'Abbey Rosso'),
(2, 'Abe Schmidt'),
(3, 'Aliza Segal'),
(4, 'Amanda Droghini'),
(5, 'Amanda Hardman'),
(6, 'Amy Breen'),
(7, 'Amy Miller'),
(8, 'Anaka Mines'),
(9, 'Anjanette Steer'),
(10, 'Ann Garibaldi'),
(11, 'Anna Jansen'),
(12, 'Beth Koltun'),
(13, 'Bonnie Bernard'),
(14, 'Brian Heitz'),
(15, 'Cassandra Wright'),
(16, 'Chuck Lindsay'),
(17, 'Dan Fehringer'),
(18, 'David Yokel'),
(19, 'Elaine Blok'),
(20, 'Elise Kahl'),
(21, 'Emily Holt'),
(22, 'Emily Kachergis'),
(23, 'Eric Geisler'),
(24, 'Greg Streveler'),
(25, 'Heath Powers'),
(26, 'Helen Klein'),
(27, 'Janet Jorgenson'),
(28, 'Jason Karl'),
(29, 'Jeanne Osnas'),
(30, 'Jen McGrath'),
(31, 'Jennifer Allen'),
(32, 'Jennifer Stevens'),
(33, 'Jess Grunblatt'),
(34, 'Jessy Ward'),
(35, 'Jodi McClory'),
(36, 'Jon Hall'),
(37, 'Julia Steege'),
(38, 'Justin Fulkerson'),
(39, 'Karen Bosworth'),
(40, 'Keith Boggs'),
(41, 'Kelly Walton'),
(42, 'Koren Bosworth'),
(43, 'Kristin Schroder'),
(44, 'Linda Geiser'),
(45, 'Linda Hasselbach'),
(46, 'Lindsey Flagstad'),
(47, 'Lisa Stratford'),
(48, 'Lorene Lynn'),
(49, 'Mary Booth'),
(50, 'Matthew Carlson'),
(51, 'Michael Shephard'),
(52, 'Michelle Sturdy'),
(53, 'Monica McTeague'),
(54, 'Monte Garroutte'),
(55, 'None'),
(56, 'Page Spencer'),
(57, 'Parker Martyn'),
(58, 'Peter Neitlich'),
(59, 'Priscilla Lema'),
(60, 'Rebecca Shaftel'),
(61, 'Robert Lieberman'),
(62, 'Robert Lipkin'),
(63, 'Ruth Gronquist'),
(64, 'Sara Wesser'),
(65, 'Sarah Burnett'),
(66, 'Sarah Lamagna'),
(67, 'Sarah McCord'),
(68, 'Sarah Nobel'),
(69, 'Sarah Nunn'),
(70, 'Scott Guyer'),
(71, 'Scott Miller'),
(72, 'Sean Patrick'),
(73, 'Sean Salley'),
(74, 'Shanti Berryman'),
(75, 'Shawnee Gowan'),
(76, 'Stephen Talbot'),
(77, 'Sue Ives'),
(78, 'Susan Klein'),
(79, 'Theresa Rzeczycki'),
(80, 'Timm Nawrocki'),
(81, 'Tina Boucher'),
(82, 'Todd Helt'),
(83, 'Tom Smith'),
(84, 'Unknown');
INSERT INTO perspective (perspective_id, perspective) VALUES
(1, 'ground'),
(2, 'aerial');
INSERT INTO physiography (physiography_id, physiography) VALUES
(1, 'alpine'),
(2, 'subalpine'),
(3, 'montane'),
(4, 'hills'),
(5, 'upland'),
(6, 'lowland'),
(7, 'coastal'),
(8, 'glacial'),
(9, 'lacustrine'),
(10, 'riverine'),
(11, 'anthropogenic'),
(12, 'volcanic');
INSERT INTO plot_dimensions (plot_dimensions_id, plot_dimensions) VALUES
(1, '1 radius'),
(2, '1×7'),
(3, '1×8'),
(4, '1×10'),
(5, '1×12'),
(6, '2×2'),
(7, '2×5'),
(8, '2×7'),
(9, '2×10'),
(10, '2×12'),
(11, '2×20'),
(12, '2×30'),
(13, '3×6'),
(14, '3×7'),
(15, '3×8'),
(16, '3×10'),
(17, '3×12'),
(18, '3×15'),
(19, '3×20'),
(20, '3×25'),
(21, '4×4'),
(22, '4×8'),
(23, '4×25'),
(24, '5 radius'),
(25, '5×5'),
(26, '5×8'),
(27, '5×10'),
(28, '5×15'),
(29, '5×20'),
(30, '5×30'),
(31, '6×6'),
(32, '6×10'),
(33, '6×12'),
(34, '7×8'),
(35, '7×10'),
(36, '8 radius'),
(37, '8×8'),
(38, '8×10'),
(39, '8×12'),
(40, '10 radius'),
(41, '10×10'),
(42, '10×12'),
(43, '10×20'),
(44, '10×30'),
(45, '10×40'),
(46, '100×100'),
(47, '12×12'),
(48, '15 radius'),
(49, '15×15'),
(50, '15×18'),
(51, '15×30'),
(52, '18×18'),
(53, '20 radius'),
(54, '20×20'),
(55, '20×40'),
(56, '20×80'),
(57, '20×100'),
(58, '25×25'),
(59, '25×50'),
(60, '25×80'),
(61, '25×100'),
(62, '23 radius'),
(63, '30 radius'),
(64, '30×30'),
(65, '30×80'),
(66, '34.7 radius'),
(67, '40×40'),
(68, '50×50'),
(69, '50×80'),
(70, '55 radius'),
(71, 'unknown');
INSERT INTO restrictive_type (restrictive_type_id, restrictive_type) VALUES
(1, 'seasonal frost'),
(2, 'permafrost'),
(3, 'bedrock'),
(4, 'paralithic contact'),
(5, 'densic layer'),
(6, 'rock, unconsolidated');
INSERT INTO schema_category (schema_category_id, schema_category) VALUES
(1, 'environment'),
(2, 'metadata'),
(3, 'project'),
(4, 'site'),
(5, 'taxonomy'),
(6, 'vegetation');
INSERT INTO schema_table (schema_table_id, schema_table) VALUES
(1, 'author'),
(2, 'category'),
(3, 'completion'),
(4, 'cover'),
(5, 'cover_method'),
(6, 'cover_type'),
(7, 'database_dictionary'),
(8, 'database_schema'),
(9, 'data_type'),
(10, 'datum'),
(11, 'disturbance'),
(12, 'drainage'),
(13, 'environment'),
(14, 'family'),
(15, 'geomorphology'),
(16, 'habit'),
(17, 'hierarchy'),
(18, 'macrotopography'),
(19, 'microtopography'),
(20, 'moisture'),
(21, 'organization'),
(22, 'organization_type'),
(23, 'personnel'),
(24, 'perspective'),
(25, 'physiography'),
(26, 'plot_dimensions'),
(27, 'project'),
(28, 'project_status'),
(29, 'restrictive_type'),
(30, 'schema_category'),
(31, 'schema_table'),
(32, 'scope'),
(33, 'site'),
(34, 'soil_class'),
(35, 'stratification'),
(36, 'taxon_accepted'),
(37, 'taxon_adjudicated'),
(38, 'taxon_level'),
(39, 'taxon_source'),
(40, 'taxon_status');
INSERT INTO scope (scope_id, scope) VALUES
(1, 'exhaustive'),
(2, 'non-trace species'),
(3, 'high cover species'),
(4, 'common species'),
(5, 'partial'),
(6, 'genus'),
(7, 'functional group or life form'),
(8, 'none');
INSERT INTO soil_class (soil_class_id, soil_class) VALUES
(1, 'aeric cryaquepts'),
(2, 'aeric humic cryaquepts'),
(3, 'andic aquorthels'),
(4, 'andic cryofluvents'),
(5, 'andic dystrocryepts'),
(6, 'andic haplocryalfs'),
(7, 'andic haplocryepts'),
(8, 'andic haplocryods'),
(9, 'andic haplocryolls'),
(10, 'andic humicryepts'),
(11, 'andic humicryods'),
(12, 'andic humigelepts'),
(13, 'aquandic cryaquents'),
(14, 'aquandic cryaquepts'),
(15, 'aquandic haplocryepts'),
(16, 'aquic cryofluvents'),
(17, 'aquic cryopsamments'),
(18, 'aquic cryorthents'),
(19, 'aquic duricryands'),
(20, 'aquic dystrogelepts'),
(21, 'aquic eutrocryepts'),
(22, 'aquic gelifluvents'),
(23, 'aquic gelorthents'),
(24, 'aquic haplocryepts'),
(25, 'aquic haplogelepts'),
(26, 'aquic haplorthels'),
(27, 'aquic haploturbels'),
(28, 'aquic humicryods'),
(29, 'aquic molliturbels'),
(30, 'aquic umbrorthels'),
(31, 'cryaquents'),
(32, 'entic haplocryods'),
(33, 'eutric duricryands'),
(34, 'eutric fulvicryands'),
(35, 'eutric humicryepts'),
(36, 'eutric pachic fulvicryands'),
(37, 'fibric haplowassists'),
(38, 'fluvaquentic aquorthels'),
(39, 'fluvaquentic cryaquepts'),
(40, 'fluvaquentic cryofibrists'),
(41, 'fluvaquentic cryohemists'),
(42, 'fluvaquentic cryosaprists'),
(43, 'fluvaquentic dystrocryepts'),
(44, 'fluvaquentic fibristels'),
(45, 'fluvaquentic gelaquepts'),
(46, 'fluvaquentic haplocryepts'),
(47, 'fluvaquentic haplorthels'),
(48, 'fluvaquentic hemistels'),
(49, 'fluvaquentic historthels'),
(50, 'fluvaquentic humicryepts'),
(51, 'fluvaquentic sapristels'),
(52, 'fluventic dystrocryepts'),
(53, 'fluventic haplocryepts'),
(54, 'fluventic haplorthels'),
(55, 'fluventic historthels'),
(56, 'fluventic humicryepts'),
(57, 'folistic dystrocryepts'),
(58, 'folistic haplocryands'),
(59, 'folistic haplocryods'),
(60, 'folistic haplorthels'),
(61, 'folistic haploturbels'),
(62, 'folistic histoturbels'),
(63, 'folistic humicryods'),
(64, 'folistic vitricryands'),
(65, 'glacic folistels'),
(66, 'glacic umbriturbels'),
(67, 'histic cryaquepts'),
(68, 'histic gelaquepts'),
(69, 'humic cryaquepts'),
(70, 'humic dystrocryepts'),
(71, 'humic dystrogelepts'),
(72, 'humic eutrocryepts'),
(73, 'humic eutrogelepts'),
(74, 'humic gelaquepts'),
(75, 'humic vitricryands'),
(76, 'humigelepts'),
(77, 'hydric cryofibrists'),
(78, 'hydric cryohemists'),
(79, 'hydric sphagnofibrists'),
(80, 'inceptic haplocryalfs'),
(81, 'inceptic hapludalfs'),
(82, 'limnic cryosaprists'),
(83, 'lithic argicryolls'),
(84, 'lithic cryorthents'),
(85, 'lithic dystrocryepts'),
(86, 'lithic dystrogelepts'),
(87, 'lithic haplocryepts'),
(88, 'lithic haplocryolls'),
(89, 'lithic haplogelepts'),
(90, 'lithic haploturbels'),
(91, 'lithic humicryepts'),
(92, 'lithic vitricryands'),
(93, 'mollic cryofluvents'),
(94, 'not available'),
(95, 'not determined'),
(96, 'oxyaquic cryofluvents'),
(97, 'oxyaquic cryopsamments'),
(98, 'oxyaquic cryorthents'),
(99, 'oxyaquic dystrocryepts'),
(100, 'oxyaquic eutrocryepts'),
(101, 'oxyaquic gelorthents'),
(102, 'oxyaquic haplocryepts'),
(103, 'oxyaquic humicryepts'),
(104, 'psammentic aquiturbels'),
(105, 'psammentic aquorthels'),
(106, 'ruptic historthels'),
(107, 'ruptic histoturbels'),
(108, 'ruptic-histic aquiturbels'),
(109, 'ruptic-histic aquorthels'),
(110, 'salic aquorthels'),
(111, 'sphagnic cryofibrists'),
(112, 'sphagnic fibristels'),
(113, 'spodic cryopsamments'),
(114, 'spodic dystrocryepts'),
(115, 'spodic haplocryands'),
(116, 'spodic vitricryands'),
(117, 'terric cryofibrists'),
(118, 'terric cryohemists'),
(119, 'terric cryosaprists'),
(120, 'terric fibristels'),
(121, 'terric hemistels'),
(122, 'terric sapristels'),
(123, 'turbic haplogelepts'),
(124, 'turbic haplogelods'),
(125, 'turbic vitrigelands'),
(126, 'typic aquiturbels'),
(127, 'typic aquorthels'),
(128, 'typic argiorthels'),
(129, 'typic cryaquands'),
(130, 'typic cryaquents'),
(131, 'typic cryaquepts'),
(132, 'typic cryofibrists'),
(133, 'typic cryofluvents'),
(134, 'typic cryofolists'),
(135, 'typic cryohemists'),
(136, 'typic cryopsamments'),
(137, 'typic cryorthents'),
(138, 'typic duricryands'),
(139, 'typic dystrocryepts'),
(140, 'typic dystrogelepts'),
(141, 'typic eutrocryepts'),
(142, 'typic eutrogelepts'),
(143, 'typic fibristels'),
(144, 'typic folistels'),
(145, 'typic gelaquents'),
(146, 'typic gelaquepts'),
(147, 'typic gelifluvents'),
(148, 'typic gelorthents'),
(149, 'typic gelpsamments'),
(150, 'typic haplocryands'),
(151, 'typic haplocryepts'),
(152, 'typic haplocryods'),
(153, 'typic haplocryolls'),
(154, 'typic haplogelepts'),
(155, 'typic haplogelods'),
(156, 'typic haplogelolls'),
(157, 'typic haplorthels'),
(158, 'typic haploturbels'),
(159, 'typic haplowassents'),
(160, 'typic hemistels'),
(161, 'typic historthels'),
(162, 'typic histoturbels'),
(163, 'typic humicryepts'),
(164, 'typic humicryods'),
(165, 'typic humigelepts'),
(166, 'typic molliturbels'),
(167, 'typic mollorthels'),
(168, 'typic petraquepts'),
(169, 'typic psammorthels'),
(170, 'typic psammoturbels'),
(171, 'typic quartzipsamments'),
(172, 'typic sapristels'),
(173, 'typic udifolists'),
(174, 'typic umbriturbels'),
(175, 'typic umbrorthels'),
(176, 'typic vitricryands'),
(177, 'ustic eutrocryepts'),
(178, 'vitrandic cryofluvents'),
(179, 'vitrandic cryopsamments'),
(180, 'vitrandic cryorthents'),
(181, 'vitrandic dystrocryepts'),
(182, 'vitrandic haplocryalfs'),
(183, 'vitrandic haplocryepts'),
(184, 'vitrandic haplocryolls'),
(185, 'vitrandic humicryepts'),
(186, 'vitric haplocryands');
INSERT INTO stratification (strata_id, strata) VALUES
(1, 'aquatic forb'),
(2, 'barrens or partially vegetated'),
(3, 'bog meadow'),
(4, 'deciduous forest'),
(5, 'bryoid herbaceous'),
(6, 'coastal water'),
(7, 'dwarf shrub'),
(8, 'forb emergent'),
(9, 'forb meadow'),
(10, 'glacial ice'),
(11, 'graminoid emergent'),
(12, 'grass meadow'),
(13, 'lake water'),
(14, 'lichen tundra'),
(15, 'low shrub'),
(16, 'low-tall shrub'),
(17, 'marine water'),
(18, 'mixed forest'),
(19, 'moist tundra'),
(20, 'coniferous forest'),
(21, 'open water'),
(22, 'river water'),
(23, 'sedge emergent'),
(24, 'sedge meadow'),
(25, 'tall shrub'),
(26, 'tidal marsh'),
(27, 'tussock tundra'),
(28, 'wet meadow'),
(29, 'wetland');
INSERT INTO organization (organization_id, organization, organization_abbr, organization_type_id) VALUES
(1, 'ABR, Inc.—Environmental Research & Services', 'ABR', 4),
(2, 'Alaska Center for Conservation Science', 'ACCS', 1),
(3, 'Alaska Department of Fish and Game', 'ADF&G', 3),
(4, 'Alaska Department of Natural Resources', 'ADNR', 3),
(5, 'Bureau of Land Management', 'BLM', 2),
(6, 'Environmental Protection Agency', 'EPA', 2),
(7, 'National Park Service', 'NPS', 2),
(8, 'National Science Foundation', 'NSF', 2),
(9, 'North Slope Science Initiative', 'NSSI', 2),
(10, 'U.S. Fish and Wildlife Service', 'USFWS', 2),
(11, 'U.S. Forest Service', 'USFS', 2),
(12, 'University of Alaska Anchorage', 'UAA', 1),
(13, 'University of Alaska Fairbanks', 'UAF', 1),
(14, 'University of Alaska Southeast', 'UAS', 1),
(15, 'Ducks Unlimited, Inc.', 'DU', 4);

-- Insert data into database schema
INSERT INTO database_schema (field_id, schema_category_id, schema_table_id, field, data_type_id, field_length, is_unique, is_key, required, link_table_id, field_description) VALUES
(1, 1, 11, 'disturbance_id', 6, NULL, TRUE, TRUE, TRUE, NULL, 'Unique integer key value per disturbance.'),
(2, 1, 11, 'disturbance', 7, '50', TRUE, FALSE, TRUE, NULL, 'One to two word description of primary disturbance processes.'),
(3, 1, 12, 'drainage_id', 6, NULL, TRUE, TRUE, TRUE, NULL, 'Unique integer key value per drainage.'),
(4, 1, 12, 'drainage', 7, '50', TRUE, FALSE, TRUE, NULL, 'One to two word description of water drainage regime.'),
(5, 1, 13, 'environment_id', 5, NULL, TRUE, TRUE, TRUE, NULL, 'Unique integer key value per environmental site observation.'),
(6, 1, 13, 'project_id', 6, NULL, FALSE, TRUE, TRUE, 27, 'Foreign key value that links environmental observations to project.'),
(7, 1, 13, 'site_id', 4, NULL, FALSE, TRUE, TRUE, 33, 'Foreign key value that links environmental observations to site.'),
(8, 1, 13, 'env_observe_date', 2, NULL, FALSE, FALSE, TRUE, NULL, 'Date of observation.'),
(9, 1, 13, 'env_observer_id', 6, NULL, FALSE, TRUE, TRUE, 23, 'Foreign key value that identifies primary environmental observer.'),
(10, 1, 13, 'soil_observer_id', 6, NULL, FALSE, TRUE, FALSE, 23, 'Foreign key value that identifies primary soils observer.'),
(11, 1, 13, 'strata_id', 6, NULL, FALSE, TRUE, FALSE, 35, 'Foreign key value that identifies site strata.'),
(12, 1, 13, 'physiography_id', 6, NULL, FALSE, TRUE, FALSE, 25, 'Foreign key value that identifies site physiography.'),
(13, 1, 13, 'geomorphology_id', 6, NULL, FALSE, TRUE, FALSE, 15, 'Foreign key value that identifies geomorphology (surface terrain).'),
(14, 1, 13, 'macrotopography_id', 6, NULL, FALSE, TRUE, FALSE, 18, 'Foreign key value that identifies macrotopography descriptor.'),
(15, 1, 13, 'microtopography_id', 6, NULL, FALSE, TRUE, FALSE, 19, 'Foreign key value that identifies microtopography descriptor.'),
(16, 1, 13, 'microrelief', 3, '4,1', FALSE, FALSE, FALSE, NULL, 'Approximate mean deviation from neutral in within-site surface elevation measured in centimeters (cm).'),
(17, 1, 13, 'drainage_id', 6, NULL, FALSE, TRUE, FALSE, 12, 'Foreign key value that identifies drainage regime.'),
(18, 1, 13, 'moisture_id', 6, NULL, FALSE, TRUE, FALSE, 20, 'Foreign key value that identifies moisture regime.'),
(19, 1, 13, 'soilClass_id', 6, NULL, FALSE, TRUE, FALSE, NULL, 'Foreign key value that identifies soil class.'),
(20, 1, 13, 'depth_water', 3, '4,1', FALSE, FALSE, FALSE, NULL, 'Mean depth of water table from soil surface measured in centimeters (cm) with positive values indicating above surface depth and negative values indicating below surface depth.'),
(21, 1, 13, 'depth_moss_duff', 3, '4,1', FALSE, FALSE, FALSE, NULL, 'Mean depth of live moss and/or lichen (including both live and undecomposed dead) and duff (recognizable decomposed dead vegetation) measure in centimeters (cm).'),
(22, 1, 13, 'depth_restrictive_layer', 3, '4,1', FALSE, FALSE, FALSE, NULL, 'Mean depth to restrictive layer (if present within uppermost meter of soil) from soil surface measured in centimeters (cm).'),
(23, 1, 13, 'restrictive_type_id', 6, NULL, FALSE, TRUE, FALSE, NULL, 'Foreign key value that identifies the type of restrictive layer encountered.'),
(24, 1, 13, 'soil_ph_10', 3, '4,2', FALSE, FALSE, FALSE, NULL, 'Soil pH at 10 cm.'),
(25, 1, 13, 'conductivity_10', 3, '7,2', FALSE, FALSE, FALSE, NULL, 'Soil conductivity at 10 cm.'),
(26, 1, 13, 'temperature_10', 3, '5,2', FALSE, FALSE, FALSE, NULL, 'Soil temperature (°C) at 10 cm.'),
(27, 1, 13, 'soil_ph_30', 3, '4,2', FALSE, FALSE, FALSE, NULL, 'Soil pH at 30 cm.'),
(28, 1, 13, 'conductivity_30', 3, '7,2', FALSE, FALSE, FALSE, NULL, 'Soil conductivity at 30 cm.'),
(29, 1, 13, 'temperature_30', 3, '5,2', FALSE, FALSE, FALSE, NULL, 'Soil temperature in °C at 30 cm.'),
(30, 1, 13, 'water_ph', 3, '4,2', FALSE, FALSE, FALSE, NULL, 'Surface water pH (if water above soil surface is present).'),
(31, 1, 13, 'water_conductivity', 3, '7,2', FALSE, FALSE, FALSE, NULL, 'Surface water conductivity (if water above soil surface is present).'),
(32, 1, 13, 'water_temperature', 3, '5,2', FALSE, FALSE, FALSE, NULL, 'Surface water temperature in °C (if water above soil surface is present).'),
(33, 1, 13, 'disturbance_id', 6, NULL, FALSE, TRUE, FALSE, 11, 'Foreign key value that identifies descriptor of primary disturbance processes.'),
(34, 1, 13, 'homogenous', 1, NULL, FALSE, FALSE, TRUE, NULL, 'Boolean value with 0 representing sites with non-homogenous vegetation and 1 representing sites where the dominant vegetation is homogenous.'),
(35, 1, 15, 'geomorphology_id', 6, NULL, TRUE, TRUE, TRUE, NULL, 'Unique integer key value per geomorphic surface.'),
(36, 1, 15, 'geomorphology', 7, '50', TRUE, FALSE, TRUE, NULL, 'One to two word descriptor of primary geomorphic surface form and deposition process.'),
(37, 1, 18, 'macrotopography_id', 6, NULL, TRUE, TRUE, TRUE, NULL, 'Unique integer key value per macrotopography descriptor.'),
(38, 1, 18, 'macrotopography', 7, '50', TRUE, FALSE, TRUE, NULL, 'One to several word descriptor of surface shape and texture on a scale larger than the plot (hundreds of meters).'),
(39, 1, 19, 'microtopography_id', 6, NULL, TRUE, TRUE, TRUE, NULL, 'Unique integer key value per microtopography descriptor.'),
(40, 1, 19, 'microtopography', 7, '50', TRUE, FALSE, TRUE, NULL, 'One to several word descriptor of surface shape and texture on a scale smaller than the plot (meters or less).'),
(41, 1, 20, 'moisture_id', 6, NULL, TRUE, TRUE, TRUE, NULL, 'Unique integer key value per moisture regime.'),
(42, 1, 20, 'moisture', 7, '50', TRUE, FALSE, TRUE, NULL, 'One to two word description of moisture regime.'),
(43, 1, 25, 'physiography_id', 6, NULL, TRUE, TRUE, TRUE, NULL, 'Unique integer key value per physiography.'),
(44, 1, 25, 'physiography', 7, '30', TRUE, FALSE, TRUE, NULL, 'One to two word general description of landscape position and form.'),
(45, 1, 29, 'restrictive_type_id', 6, NULL, TRUE, TRUE, TRUE, NULL, 'Unique integer key value per restrictive layer type.'),
(46, 1, 29, 'restrictive_type', 7, '150', TRUE, FALSE, TRUE, NULL, 'Full name of type of restrictive layer.'),
(47, 1, 34, 'soil_class_id', 6, NULL, TRUE, TRUE, TRUE, NULL, 'Unique integer key value per soil class.'),
(48, 1, 34, 'soil_class', 7, '50', TRUE, FALSE, TRUE, NULL, 'Several word descriptor for general soil class based on soil taxonomy.'),
(49, 1, 35, 'strata_id', 6, NULL, TRUE, TRUE, TRUE, NULL, 'Unique integer key value per stratification unit.'),
(50, 1, 35, 'strata', 7, '50', TRUE, FALSE, TRUE, NULL, 'Stratification unit as defined in the original project.'),
(51, 2, 3, 'completion_id', 6, NULL, TRUE, TRUE, TRUE, NULL, 'Unique integer key value per completion value.'),
(52, 2, 3, 'completion', 7, '30', TRUE, FALSE, TRUE, NULL, 'Completion value indicating project status.'),
(53, 2, 7, 'dictionary_id', 4, NULL, TRUE, TRUE, TRUE, NULL, 'Unique integer key value per constrained data attribute.'),
(54, 2, 7, 'field_id', 6, NULL, FALSE, TRUE, TRUE, NULL, 'Foreign key value that identifies the schema category to which a particular data attribute belongs.'),
(55, 2, 7, 'attribute_id', 4, NULL, FALSE, FALSE, TRUE, NULL, 'Key value used for a particular attribute in a particular constraint table.'),
(56, 2, 7, 'attribute', 7, '120', FALSE, FALSE, TRUE, NULL, 'Valid attribute value character string in a constraint table. These are the possible data values that can populate a particular constrained field.'),
(57, 2, 8, 'field_id', 6, NULL, TRUE, TRUE, TRUE, NULL, 'Unique integer key value per schema table-field combination.'),
(58, 2, 8, 'schema_category_id', 6, NULL, FALSE, TRUE, TRUE, NULL, 'Foreign key value that identifies the schema category to which a particular field belongs.'),
(59, 2, 8, 'schema_table_id', 6, NULL, FALSE, TRUE, TRUE, NULL, 'Foreign key value that identifies the schema table to which a particular field belongs.'),
(60, 2, 8, 'field', 7, '50', FALSE, FALSE, TRUE, NULL, 'Field name in database.'),
(61, 2, 8, 'data_type_id', 6, NULL, FALSE, TRUE, TRUE, NULL, 'Foreign key value that identifies the data type stored in the field.'),
(62, 2, 8, 'field_length', 7, '10', FALSE, FALSE, FALSE, NULL, 'Integer value representing the maximum possible character length stored in the field.'),
(63, 2, 8, 'is_unique', 1, NULL, FALSE, FALSE, TRUE, NULL, 'Boolean value indicating whether the field requires unique entries or not.'),
(64, 2, 8, 'is_key', 1, NULL, FALSE, FALSE, TRUE, NULL, 'Boolean value indicating whether the field contains key values or not.'),
(65, 2, 8, 'required', 1, NULL, FALSE, FALSE, TRUE, NULL, 'Boolean value indicating whether the field requires values or accepts null.'),
(66, 2, 8, 'link_table_id', 6, NULL, FALSE, FALSE, FALSE, NULL, 'Foreign key value that identifies the table in which a foreign key identifies a primary key value.'),
(67, 2, 8, 'field_description', 7, '255', FALSE, FALSE, TRUE, NULL, 'Description of the data stored in the field.'),
(68, 2, 9, 'data_type_id', 6, NULL, TRUE, TRUE, TRUE, NULL, 'Unique integer key value of the data type stored in the field.'),
(69, 2, 9, 'data_type', 7, '80', TRUE, TRUE, TRUE, NULL, 'Name of the data type stored in the field.'),
(70, 2, 23, 'personnel_id', 6, NULL, TRUE, TRUE, TRUE, NULL, 'Unique integer key value per person.'),
(71, 2, 23, 'personnel', 7, '50', TRUE, FALSE, TRUE, NULL, 'First name and last name of person.'),
(72, 2, 30, 'schema_category_id', 6, NULL, TRUE, TRUE, TRUE, NULL, 'Unique integer key value per schema category.'),
(73, 2, 30, 'schema_category', 7, '80', TRUE, FALSE, TRUE, NULL, 'One word description of the purpose of the data stored in a particular field.'),
(74, 2, 31, 'schema_table_id', 6, NULL, TRUE, TRUE, TRUE, NULL, 'Unique integer key value per name of table in database.'),
(75, 2, 31, 'schema_table', 7, '80', TRUE, FALSE, TRUE, NULL, 'Name of table in database.'),
(76, 3, 21, 'organization_id', 6, NULL, TRUE, TRUE, TRUE, NULL, 'Unique integer key value per organization.'),
(77, 3, 21, 'organization', 7, '250', TRUE, FALSE, TRUE, NULL, 'Full name of organization.'),
(78, 3, 21, 'organization_abbr', 7, '20', TRUE, FALSE, TRUE, NULL, 'Abbreviated name of organization.'),
(79, 3, 21, 'organization_type_id', 6, NULL, FALSE, TRUE, TRUE, NULL, 'Foreign key value that identifies the organization type of the organization.'),
(80, 3, 22, 'organization_type_id', 6, NULL, TRUE, TRUE, TRUE, NULL, 'Unique integer key value per organization type.'),
(81, 3, 22, 'organization_type', 7, '50', TRUE, FALSE, TRUE, NULL, 'One to two word description of organization type.'),
(82, 3, 27, 'project_id', 6, NULL, TRUE, TRUE, TRUE, NULL, 'Unique integer key value per project.'),
(83, 3, 27, 'originator_id', 6, NULL, FALSE, TRUE, TRUE, 21, 'Foreign key value that identifies the organization that originated the data.'),
(84, 3, 27, 'funder_id', 6, NULL, FALSE, TRUE, TRUE, 21, 'Foreign key value that identifies the organization that provided the primary funding for the project.'),
(85, 3, 27, 'manager_id', 6, NULL, FALSE, TRUE, TRUE, 23, 'Foreign key value that identifies the person with primary responsibility for leading the project.'),
(86, 3, 27, 'project_name', 7, '250', TRUE, FALSE, TRUE, NULL, 'Full title of the project.'),
(87, 3, 27, 'project_abbr', 7, '20', TRUE, FALSE, TRUE, NULL, 'Shortened name of the project to be used for convenience.'),
(88, 3, 27, 'completion_id', 6, NULL, FALSE, TRUE, TRUE, 3, 'Foreign key value that identifies the status of the project.'),
(89, 3, 27, 'year_start', 6, NULL, FALSE, FALSE, TRUE, NULL, 'Four digit year of the start of field data collection for the project.'),
(90, 3, 27, 'year_end', 6, NULL, FALSE, FALSE, FALSE, NULL, 'Four digit year of the end of field data collection for the project.'),
(91, 3, 27, 'project_description', 7, '255', TRUE, FALSE, TRUE, NULL, 'Description of the purpose, method, and (anticipated) outcome of the project.'),
(92, 3, 28, 'project_status_id', 6, NULL, TRUE, TRUE, TRUE, NULL, 'Unique integer key value per project status.'),
(93, 3, 28, 'project_id', 6, NULL, TRUE, TRUE, TRUE, 27, 'Foreign key value that identifies the project.'),
(94, 3, 28, 'project_modified', 2, NULL, FALSE, FALSE, TRUE, NULL, 'Date of most recent update to the project metadata for the project in the database.'),
(95, 3, 28, 'site_modified', 2, NULL, FALSE, FALSE, FALSE, NULL, 'Date of most recent update to the site data for the project in the database.'),
(96, 3, 28, 'cover_modified', 2, NULL, FALSE, FALSE, FALSE, NULL, 'Date of most recent update to the foliar cover data for the project in the database.'),
(97, 3, 28, 'environment_modified', 2, NULL, FALSE, FALSE, FALSE, NULL, 'Date of most recent update to the environment data for the project in the database.'),
(98, 3, 28, 'modified_by_id', 6, NULL, FALSE, TRUE, TRUE, 23, 'Foreign key value that identifies the person who most recently updated any of the project data in the database.'),
(99, 4, 5, 'cover_method_id', 6, NULL, TRUE, TRUE, TRUE, NULL, 'Unique integer key value per cover estimation method.'),
(100, 4, 5, 'cover_method', 7, '50', TRUE, FALSE, TRUE, NULL, 'One to several word descriptor of method used to estimate foliar cover.'),
(101, 4, 10, 'datum_id', 6, NULL, TRUE, TRUE, TRUE, NULL, 'Unique integer key value per datum.'),
(102, 4, 10, 'datum', 7, '10', TRUE, FALSE, TRUE, NULL, 'Five character EPSG geographic horizontal datum abbreviation.'),
(103, 4, 24, 'perspective_id', 6, NULL, TRUE, TRUE, TRUE, NULL, 'Unique integer key value per perspective.'),
(104, 4, 24, 'perspective', 7, '50', TRUE, FALSE, TRUE, NULL, 'One word descriptor of the viewing perspective of the vegetation observer.'),
(105, 4, 26, 'plot_dimensions_id', 6, NULL, TRUE, TRUE, TRUE, NULL, 'Unique integer key value per plot size and shape.'),
(106, 4, 26, 'plot_dimensions', 7, '20', TRUE, FALSE, TRUE, NULL, 'Description of plot size and shape either as a set of two numbers or as a single number radius, where all numbers are measured as meters (m).'),
(107, 4, 32, 'scope_id', 6, NULL, TRUE, TRUE, TRUE, NULL, 'Unique integer key value per scope category.'),
(108, 4, 32, 'scope', 7, '30', TRUE, FALSE, TRUE, NULL, 'One to several word description of species-level vegetation survey intensity.'),
(109, 4, 33, 'site_id', 4, NULL, TRUE, TRUE, TRUE, NULL, 'Unique integer key value per site, where site is the unique combination of physical location, plot size, and survey methods.'),
(110, 4, 33, 'site_code', 7, '50', TRUE, FALSE, TRUE, NULL, 'Unique alpha-numeric identifier assigned to the site or plot in the project.'),
(111, 4, 33, 'project_id', 6, NULL, FALSE, TRUE, TRUE, 27, 'Foreign key value that identifies the project for which the site was initially sampled.'),
(112, 4, 33, 'perspective_id', 6, NULL, FALSE, TRUE, TRUE, 24, 'Foreign key value that identifies the viewing perspective of the vegetation observer at the site.'),
(113, 4, 33, 'cover_method_id', 6, NULL, FALSE, TRUE, TRUE, NULL, 'Foreign key value that identifies the cover estimation method used to sample vegetation at the site.'),
(114, 4, 33, 'scope_vascular_id', 6, NULL, FALSE, TRUE, TRUE, 32, 'Foreign key value that identifies the survey intensity of vascular plants at the site.'),
(115, 4, 33, 'scope_bryophyte_id', 6, NULL, FALSE, TRUE, TRUE, 32, 'Foreign key value that identifies the survey intensity of bryophytes at the site.'),
(116, 4, 33, 'scope_lichen_id', 6, NULL, FALSE, TRUE, TRUE, 32, 'Foreign key value that identifies the survey intensity of lichens at the site.'),
(117, 4, 33, 'plot_dimensions_id', 6, NULL, FALSE, TRUE, TRUE, NULL, 'Foreign key value that identifies the plot dimensions at the site.'),
(118, 4, 33, 'datum_id', 6, NULL, FALSE, TRUE, TRUE, 10, 'Foreign key value that identifies the geographic horizontal datum of the site position.'),
(119, 4, 33, 'latitude', 3, '12,9', FALSE, FALSE, TRUE, NULL, 'Latitude in decimal degrees with up to 6 decimal places.'),
(120, 4, 33, 'longitude', 3, '12,9', FALSE, FALSE, TRUE, NULL, 'Longitude in decimal degrees with up to 6 decimal places.'),
(121, 4, 33, 'error', 3, '6,2', FALSE, FALSE, TRUE, NULL, 'Error in meters (m) of position fix.'),
(122, 5, 1, 'author_id', 4, NULL, TRUE, TRUE, TRUE, NULL, 'Unique integer key value per authorship set.'),
(123, 5, 1, 'author', 7, '120', TRUE, FALSE, TRUE, NULL, 'Abbreviated authorship set.'),
(124, 5, 2, 'category_id', 6, NULL, TRUE, TRUE, TRUE, NULL, 'Unique integer key value per life form category.'),
(125, 5, 2, 'category', 7, '30', TRUE, FALSE, TRUE, NULL, 'Life form category.'),
(126, 5, 14, 'family_id', 6, NULL, TRUE, TRUE, TRUE, NULL, 'Unique integer key value per taxonomic family.'),
(127, 5, 14, 'family', 7, '80', TRUE, FALSE, TRUE, NULL, 'Full name of the taxonomic family.'),
(128, 5, 16, 'habit_id', 6, NULL, TRUE, TRUE, TRUE, NULL, 'Unique integer key value per growth habit.'),
(129, 5, 16, 'habit', 7, '80', TRUE, FALSE, TRUE, NULL, 'Growth habit descriptor.'),
(130, 5, 17, 'hierarchy_id', 6, NULL, TRUE, TRUE, TRUE, NULL, 'Unique integer key value per accepted genus.'),
(131, 5, 17, 'genus_accepted', 7, '50', TRUE, FALSE, TRUE, NULL, 'Full name of accepted genus.'),
(132, 5, 17, 'family_id', 6, NULL, FALSE, TRUE, TRUE, 14, 'Foreign key value that identifies the family that encompasses the accepted genus.'),
(133, 5, 17, 'category_id', 6, NULL, FALSE, TRUE, TRUE, 2, 'Foreign key value that identifies the life form category that encompasses the accepted genus.'),
(134, 5, 36, 'accepted_id', 4, NULL, TRUE, TRUE, TRUE, NULL, 'Unique integer key value per taxon, inclusive of infraspecies, species, genera, and general life form codes.'),
(135, 5, 36, 'name_accepted', 7, '120', TRUE, FALSE, TRUE, NULL, 'Taxon name, inclusive of infraspecies, species, genera, and general life form codes.'),
(136, 5, 36, 'auth_accepted_id', 4, NULL, FALSE, TRUE, FALSE, 1, 'Foreign key value that identifies the author for the taxon.'),
(137, 5, 36, 'hierarchy_id', 6, NULL, FALSE, TRUE, FALSE, 17, 'Foreign key value that identifies the hierarchy of the taxon genus.'),
(138, 5, 36, 'taxon_source_id', 6, NULL, FALSE, TRUE, FALSE, NULL, 'Foreign key value that identifies the primary name source defining the taxon concept applied in the database.'),
(139, 5, 36, 'link_source', 7, '255', TRUE, FALSE, FALSE, NULL, 'Html link to the primary name source that defines the taxon concept applied in the database.'),
(140, 5, 36, 'level_id', 6, NULL, FALSE, TRUE, FALSE, NULL, 'Foreign key value that identifies the taxonomic level of the accepted taxon.'),
(141, 5, 36, 'habit_id', 6, NULL, FALSE, TRUE, FALSE, 16, 'Foreign key value that identifies the primary growth habit typical of the taxon throughout the majority of its range in Northwestern North America.'),
(142, 5, 36, 'native', 1, NULL, FALSE, FALSE, TRUE, NULL, 'Boolean value with 1 indicating that the taxon is native in Alaska, which is not exclusive to the taxon also being non-native in Alaska.'),
(143, 5, 36, 'non_native', 1, NULL, FALSE, FALSE, TRUE, NULL, 'Boolean value with 1 indicating that the taxon is non-native in Alaska, which is not exclusive to the taxon also being native in Alaska.'),
(144, 5, 37, 'adjudicated_id', 4, NULL, TRUE, TRUE, TRUE, NULL, 'Unique integer key value per taxon name that has been applied in Alaska (includes accepted names, synonyms, misapplied names, and orthographic variants).'),
(145, 5, 37, 'name_adjudicated', 7, '120', TRUE, FALSE, TRUE, NULL, 'Taxon name that has been applied in Alaska (includes accepted names, synonyms, misapplied names, and orthographic variants).'),
(146, 5, 37, 'auth_adjudicated_id', 4, NULL, FALSE, TRUE, FALSE, 1, 'Foreign key value that identifies the author for the taxon.'),
(147, 5, 37, 'status_adjudicated_id', 6, NULL, FALSE, TRUE, FALSE, NULL, 'Foreign key value that identifies the taxonomic status of the name.'),
(148, 5, 37, 'accepted_id', 4, NULL, FALSE, TRUE, TRUE, NULL, 'Foreign key value that identifies the accepted name to which the adjudicated name should refer.'),
(149, 5, 38, 'level_id', 6, NULL, TRUE, TRUE, TRUE, NULL, 'Unique integer key value per taxonomic level.'),
(150, 5, 38, 'level', 7, '30', TRUE, FALSE, TRUE, NULL, 'Taxonomic level of name.'),
(151, 5, 39, 'taxon_source_id', 6, NULL, TRUE, TRUE, TRUE, NULL, 'Unique integer key value per name source.'),
(152, 5, 39, 'taxon_source', 7, '50', TRUE, FALSE, TRUE, NULL, 'Short reference for source of taxon concept applied in database.'),
(153, 5, 39, 'citation', 7, '500', TRUE, FALSE, TRUE, NULL, 'Full citation for source of taxon concept applied in database.'),
(154, 5, 40, 'taxon_status_id', 6, NULL, TRUE, TRUE, TRUE, NULL, 'Unique integer key value per taxon status.'),
(155, 5, 40, 'taxon_status', 7, '30', TRUE, FALSE, TRUE, NULL, 'One to two word description of the taxonomic status of the name.'),
(156, 6, 4, 'cover_id', 5, NULL, TRUE, TRUE, TRUE, NULL, 'Unique integer key value per species abundance observation.'),
(157, 6, 4, 'site_id', 4, NULL, FALSE, TRUE, TRUE, 33, 'Foreign key value that links abundance observations to site.'),
(158, 6, 4, 'project_id', 6, NULL, FALSE, TRUE, TRUE, 27, 'Foreign key value that links abundance observations to project.'),
(159, 6, 4, 'veg_observe_date', 2, NULL, FALSE, FALSE, TRUE, NULL, 'Date of observation.'),
(160, 6, 4, 'veg_observer_id', 6, NULL, FALSE, TRUE, TRUE, 23, 'Foreign key value that identifies primary vegetation observer.'),
(161, 6, 4, 'veg_recorder_id', 6, NULL, FALSE, TRUE, FALSE, 23, 'Foreign key value that identifies secondary vegetation observer (e.g., recorder).'),
(162, 6, 4, 'cover_type_id', 6, NULL, FALSE, TRUE, TRUE, NULL, 'Foreign key value that links cover type to site.'),
(163, 6, 4, 'name_original', 7, '120', FALSE, FALSE, TRUE, NULL, 'Unconstrained taxon name for original identification.'),
(164, 6, 4, 'adjudicated_id', 4, NULL, FALSE, TRUE, TRUE, NULL, 'Foreign key value that identifies the adjudicated taxon name.'),
(165, 6, 4, 'cover', 3, '6,3', FALSE, FALSE, TRUE, NULL, 'Percentage foliar cover.'),
(166, 6, 6, 'cover_type_id', 6, NULL, TRUE, TRUE, TRUE, NULL, 'Unique integer key value per cover type.'),
(167, 6, 6, 'cover_type', 7, '50', TRUE, FALSE, TRUE, NULL, 'One to several word descriptor of cover type.');

-- Insert data into database dictionary
INSERT INTO database_dictionary (dictionary_id, field_id, attribute_id, attribute) VALUES
(1, 52, 1, 'finished'),
(2, 52, 2, 'ongoing'),
(3, 100, 1, 'line-point intercept'),
(4, 100, 2, 'grid-point intercept'),
(5, 100, 3, 'semi-quantitative visual estimate'),
(6, 100, 4, 'braun-blanquet visual estimate'),
(7, 100, 5, 'daubenmire visual estimate'),
(8, 100, 6, 'custom classification visual estimate'),
(9, 167, 1, 'top cover'),
(10, 167, 2, 'total cover'),
(11, 167, 3, 'density'),
(12, 69, 1, 'boolean'),
(13, 69, 2, 'date'),
(14, 69, 3, 'decimal'),
(15, 69, 4, 'integer'),
(16, 69, 5, 'serial'),
(17, 69, 6, 'smallint'),
(18, 69, 7, 'varchar'),
(19, 102, 1, 'NAD83'),
(20, 2, 1, 'aeolian process'),
(21, 2, 2, 'agricultural'),
(22, 2, 3, 'ATV use'),
(23, 2, 4, 'clearing'),
(24, 2, 5, 'contaminants'),
(25, 2, 6, 'developed site'),
(26, 2, 7, 'disturbance complex'),
(27, 2, 8, 'excavation'),
(28, 2, 9, 'fill'),
(29, 2, 10, 'fire'),
(30, 2, 11, 'geomorphic process'),
(31, 2, 12, 'historic anthropogenic'),
(32, 2, 13, 'man-made waterbody'),
(33, 2, 14, 'none'),
(34, 2, 15, 'permafrost dynamics'),
(35, 2, 16, 'riparian'),
(36, 2, 17, 'road'),
(37, 2, 18, 'solifluction'),
(38, 2, 19, 'structure'),
(39, 2, 20, 'tidal'),
(40, 2, 21, 'timber harvest'),
(41, 2, 22, 'trail'),
(42, 2, 23, 'weather process'),
(43, 2, 24, 'wildlife digging'),
(44, 2, 25, 'wildlife grazing'),
(45, 2, 26, 'wildlife trails'),
(46, 2, 27, 'wildlife trampling'),
(47, 4, 1, 'well drained'),
(48, 4, 2, 'moderately drained'),
(49, 4, 3, 'poorly drained'),
(50, 4, 4, 'flooded'),
(51, 4, 5, 'aquatic'),
(52, 36, 1, 'aeolian deposit'),
(53, 36, 2, 'alluvial plain'),
(54, 36, 3, 'alluvial plain remnant'),
(55, 36, 4, 'aquatic, lake'),
(56, 36, 5, 'aquatic, river'),
(57, 36, 6, 'barrier island'),
(58, 36, 7, 'basin'),
(59, 36, 8, 'batholith'),
(60, 36, 9, 'breached anticline'),
(61, 36, 10, 'caldera'),
(62, 36, 11, 'canyon'),
(63, 36, 12, 'coastal plain'),
(64, 36, 13, 'colluvial deposit'),
(65, 36, 14, 'delta'),
(66, 36, 15, 'drumlin'),
(67, 36, 16, 'estuary'),
(68, 36, 17, 'fjord'),
(69, 36, 18, 'floodplain'),
(70, 36, 19, 'fluviomarine terrace'),
(71, 36, 20, 'glaciofluvial outwash'),
(72, 36, 21, 'gorge'),
(73, 36, 22, 'headwater stream'),
(74, 36, 23, 'hill'),
(75, 36, 24, 'ice-margin complex'),
(76, 36, 25, 'intermontane basin'),
(77, 36, 26, 'island'),
(78, 36, 27, 'lagoon'),
(79, 36, 28, 'lake'),
(80, 36, 29, 'marine, bay'),
(81, 36, 30, 'marine, gulf'),
(82, 36, 31, 'marine, ocean'),
(83, 36, 32, 'marine, sea'),
(84, 36, 33, 'marine, terrace'),
(85, 36, 34, 'mountain'),
(86, 36, 35, 'ocean shore'),
(87, 36, 36, 'peninsula'),
(88, 36, 37, 'plain'),
(89, 36, 38, 'plateau'),
(90, 36, 39, 'stream'),
(91, 36, 40, 'valley'),
(92, 36, 41, 'valley, alpine'),
(93, 36, 42, 'valley, lowland'),
(94, 36, 43, 'volcano'),
(95, 36, 44, 'volcano, shield'),
(96, 38, 1, 'alluvial cone'),
(97, 38, 2, 'alluvial fan'),
(98, 38, 3, 'alluvial flat'),
(99, 38, 4, 'beach'),
(100, 38, 5, 'beach berm'),
(101, 38, 6, 'beach plain'),
(102, 38, 7, 'beach terrace'),
(103, 38, 8, 'bench'),
(104, 38, 9, 'bluff'),
(105, 38, 10, 'cirque'),
(106, 38, 11, 'colluvial apron'),
(107, 38, 12, 'cove'),
(108, 38, 13, 'depression'),
(109, 38, 14, 'draw'),
(110, 38, 15, 'dunes'),
(111, 38, 16, 'esker'),
(112, 38, 17, 'floodplain abandoned'),
(113, 38, 18, 'floodplain bar'),
(114, 38, 19, 'floodplain basin'),
(115, 38, 20, 'floodplain island'),
(116, 38, 21, 'floodplain overflow channel'),
(117, 38, 22, 'floodplain oxbow'),
(118, 38, 23, 'floodplain terrace'),
(119, 38, 24, 'glacier'),
(120, 38, 25, 'inlet'),
(121, 38, 26, 'lake bed'),
(122, 38, 27, 'lake shore'),
(123, 38, 28, 'moraine'),
(124, 38, 29, 'moraine lateral'),
(125, 38, 30, 'moraine medial'),
(126, 38, 31, 'moraine terminal'),
(127, 38, 32, 'nearshore zone'),
(128, 38, 33, 'non-patterned drained thaw lake basin'),
(129, 38, 34, 'pingo'),
(130, 38, 35, 'plane'),
(131, 38, 36, 'polygons flat-center'),
(132, 38, 37, 'polygons high-center'),
(133, 38, 38, 'polygons low-center'),
(134, 38, 39, 'polygons low-center coalescent'),
(135, 38, 40, 'polygons mixed'),
(136, 38, 41, 'ridge'),
(137, 38, 42, 'river bed'),
(138, 38, 43, 'saddle'),
(139, 38, 44, 'slope'),
(140, 38, 45, 'slope concave'),
(141, 38, 46, 'slope convex'),
(142, 38, 47, 'slope planar'),
(143, 38, 48, 'spur'),
(144, 38, 49, 'summit'),
(145, 38, 50, 'terrace'),
(146, 38, 51, 'tidal'),
(147, 38, 52, 'tidal flat'),
(148, 38, 53, 'tidal inlet'),
(149, 38, 54, 'undulating'),
(150, 40, 1, 'anthroscape'),
(151, 40, 2, 'boulder field'),
(152, 40, 3, 'channeled'),
(153, 40, 4, 'circles (non-sorted, sorted)'),
(154, 40, 5, 'concave'),
(155, 40, 6, 'convex'),
(156, 40, 7, 'debris'),
(157, 40, 8, 'fluviokarst'),
(158, 40, 9, 'frost scars and boils'),
(159, 40, 10, 'hummocks'),
(160, 40, 11, 'gelifluction lobes'),
(161, 40, 12, 'glaciokarst'),
(162, 40, 13, 'ice wedge'),
(163, 40, 14, 'ice-cored mounds'),
(164, 40, 15, 'karst'),
(165, 40, 16, 'lava field'),
(166, 40, 17, 'mounds'),
(167, 40, 18, 'mounds caused by trees'),
(168, 40, 19, 'mounds caused by wildlife'),
(169, 40, 20, 'nets (non-sorted, sorted)'),
(170, 40, 21, 'outcrops'),
(171, 40, 22, 'peat mounds'),
(172, 40, 23, 'plane'),
(173, 40, 24, 'polygonal'),
(174, 40, 25, 'ponds'),
(175, 40, 26, 'reticulate'),
(176, 40, 27, 'ridges and swales'),
(177, 40, 28, 'scree'),
(178, 40, 29, 'soil-covered rocks'),
(179, 40, 30, 'solifluction lobes'),
(180, 40, 31, 'steps (non-sorted, sorted)'),
(181, 40, 32, 'string'),
(182, 40, 33, 'stripes (non-sorted, sorted)'),
(183, 40, 34, 'talus'),
(184, 40, 35, 'thermokarst'),
(185, 40, 36, 'tors'),
(186, 40, 37, 'treads and risers'),
(187, 40, 38, 'tussocks'),
(188, 40, 39, 'undulating'),
(189, 40, 40, 'water tracks'),
(190, 42, 1, 'marine'),
(191, 42, 2, 'brackish'),
(192, 42, 3, 'aquatic'),
(193, 42, 4, 'hydric-aquatic'),
(194, 42, 5, 'hydric'),
(195, 42, 6, 'hygric-hydric'),
(196, 42, 7, 'hygric'),
(197, 42, 8, 'mesic-hygric'),
(198, 42, 9, 'mesic'),
(199, 42, 10, 'xeric-mesic'),
(200, 42, 11, 'xeric'),
(201, 81, 1, 'University'),
(202, 81, 2, 'Federal Agency'),
(203, 81, 3, 'State Agency'),
(204, 81, 4, 'Environmental Consultant'),
(205, 81, 5, 'Industry'),
(206, 71, 1, 'Abbey Rosso'),
(207, 71, 2, 'Abe Schmidt'),
(208, 71, 3, 'Aliza Segal'),
(209, 71, 4, 'Amanda Droghini'),
(210, 71, 5, 'Amanda Hardman'),
(211, 71, 6, 'Amy Breen'),
(212, 71, 7, 'Amy Miller'),
(213, 71, 8, 'Anaka Mines'),
(214, 71, 9, 'Anjanette Steer'),
(215, 71, 10, 'Ann Garibaldi'),
(216, 71, 11, 'Anna Jansen'),
(217, 71, 12, 'Beth Koltun'),
(218, 71, 13, 'Bonnie Bernard'),
(219, 71, 14, 'Brian Heitz'),
(220, 71, 15, 'Cassandra Wright'),
(221, 71, 16, 'Chuck Lindsay'),
(222, 71, 17, 'Dan Fehringer'),
(223, 71, 18, 'David Yokel'),
(224, 71, 19, 'Elaine Blok'),
(225, 71, 20, 'Elise Kahl'),
(226, 71, 21, 'Emily Holt'),
(227, 71, 22, 'Emily Kachergis'),
(228, 71, 23, 'Eric Geisler'),
(229, 71, 24, 'Greg Streveler'),
(230, 71, 25, 'Heath Powers'),
(231, 71, 26, 'Helen Klein'),
(232, 71, 27, 'Janet Jorgenson'),
(233, 71, 28, 'Jason Karl'),
(234, 71, 29, 'Jeanne Osnas'),
(235, 71, 30, 'Jen McGrath'),
(236, 71, 31, 'Jennifer Allen'),
(237, 71, 32, 'Jennifer Stevens'),
(238, 71, 33, 'Jess Grunblatt'),
(239, 71, 34, 'Jessy Ward'),
(240, 71, 35, 'Jodi McClory'),
(241, 71, 36, 'Jon Hall'),
(242, 71, 37, 'Julia Steege'),
(243, 71, 38, 'Justin Fulkerson'),
(244, 71, 39, 'Karen Bosworth'),
(245, 71, 40, 'Keith Boggs'),
(246, 71, 41, 'Kelly Walton'),
(247, 71, 42, 'Koren Bosworth'),
(248, 71, 43, 'Kristin Schroder'),
(249, 71, 44, 'Linda Geiser'),
(250, 71, 45, 'Linda Hasselbach'),
(251, 71, 46, 'Lindsey Flagstad'),
(252, 71, 47, 'Lisa Stratford'),
(253, 71, 48, 'Lorene Lynn'),
(254, 71, 49, 'Mary Booth'),
(255, 71, 50, 'Matthew Carlson'),
(256, 71, 51, 'Michael Shephard'),
(257, 71, 52, 'Michelle Sturdy'),
(258, 71, 53, 'Monica McTeague'),
(259, 71, 54, 'Monte Garroutte'),
(260, 71, 55, 'None'),
(261, 71, 56, 'Page Spencer'),
(262, 71, 57, 'Parker Martyn'),
(263, 71, 58, 'Peter Neitlich'),
(264, 71, 59, 'Priscilla Lema'),
(265, 71, 60, 'Rebecca Shaftel'),
(266, 71, 61, 'Robert Lieberman'),
(267, 71, 62, 'Robert Lipkin'),
(268, 71, 63, 'Ruth Gronquist'),
(269, 71, 64, 'Sara Wesser'),
(270, 71, 65, 'Sarah Burnett'),
(271, 71, 66, 'Sarah Lamagna'),
(272, 71, 67, 'Sarah McCord'),
(273, 71, 68, 'Sarah Nobel'),
(274, 71, 69, 'Sarah Nunn'),
(275, 71, 70, 'Scott Guyer'),
(276, 71, 71, 'Scott Miller'),
(277, 71, 72, 'Sean Patrick'),
(278, 71, 73, 'Sean Salley'),
(279, 71, 74, 'Shanti Berryman'),
(280, 71, 75, 'Shawnee Gowan'),
(281, 71, 76, 'Stephen Talbot'),
(282, 71, 77, 'Sue Ives'),
(283, 71, 78, 'Susan Klein'),
(284, 71, 79, 'Theresa Rzeczycki'),
(285, 71, 80, 'Timm Nawrocki'),
(286, 71, 81, 'Tina Boucher'),
(287, 71, 82, 'Todd Helt'),
(288, 71, 83, 'Tom Smith'),
(289, 71, 84, 'Unknown'),
(290, 104, 1, 'ground'),
(291, 104, 2, 'aerial'),
(292, 44, 1, 'alpine'),
(293, 44, 2, 'subalpine'),
(294, 44, 3, 'montane'),
(295, 44, 4, 'hills'),
(296, 44, 5, 'upland'),
(297, 44, 6, 'lowland'),
(298, 44, 7, 'coastal'),
(299, 44, 8, 'glacial'),
(300, 44, 9, 'lacustrine'),
(301, 44, 10, 'riverine'),
(302, 44, 11, 'anthropogenic'),
(303, 44, 12, 'volcanic'),
(304, 106, 1, '1 radius'),
(305, 106, 2, '1×7'),
(306, 106, 3, '1×8'),
(307, 106, 4, '1×10'),
(308, 106, 5, '1×12'),
(309, 106, 6, '2×2'),
(310, 106, 7, '2×5'),
(311, 106, 8, '2×7'),
(312, 106, 9, '2×10'),
(313, 106, 10, '2×12'),
(314, 106, 11, '2×20'),
(315, 106, 12, '2×30'),
(316, 106, 13, '3×6'),
(317, 106, 14, '3×7'),
(318, 106, 15, '3×8'),
(319, 106, 16, '3×10'),
(320, 106, 17, '3×12'),
(321, 106, 18, '3×15'),
(322, 106, 19, '3×20'),
(323, 106, 20, '3×25'),
(324, 106, 21, '4×4'),
(325, 106, 22, '4×8'),
(326, 106, 23, '4×25'),
(327, 106, 24, '5 radius'),
(328, 106, 25, '5×5'),
(329, 106, 26, '5×8'),
(330, 106, 27, '5×10'),
(331, 106, 28, '5×15'),
(332, 106, 29, '5×20'),
(333, 106, 30, '5×30'),
(334, 106, 31, '6×6'),
(335, 106, 32, '6×10'),
(336, 106, 33, '6×12'),
(337, 106, 34, '7×8'),
(338, 106, 35, '7×10'),
(339, 106, 36, '8 radius'),
(340, 106, 37, '8×8'),
(341, 106, 38, '8×10'),
(342, 106, 39, '8×12'),
(343, 106, 40, '10 radius'),
(344, 106, 41, '10×10'),
(345, 106, 42, '10×12'),
(346, 106, 43, '10×20'),
(347, 106, 44, '10×30'),
(348, 106, 45, '10×40'),
(349, 106, 46, '100×100'),
(350, 106, 47, '12×12'),
(351, 106, 48, '15 radius'),
(352, 106, 49, '15×15'),
(353, 106, 50, '15×18'),
(354, 106, 51, '15×30'),
(355, 106, 52, '18×18'),
(356, 106, 53, '20 radius'),
(357, 106, 54, '20×20'),
(358, 106, 55, '20×40'),
(359, 106, 56, '20×80'),
(360, 106, 57, '20×100'),
(361, 106, 58, '25×25'),
(362, 106, 59, '25×50'),
(363, 106, 60, '25×80'),
(364, 106, 61, '25×100'),
(365, 106, 62, '23 radius'),
(366, 106, 63, '30 radius'),
(367, 106, 64, '30×30'),
(368, 106, 65, '30×80'),
(369, 106, 66, '34.7 radius'),
(370, 106, 67, '40×40'),
(371, 106, 68, '50×50'),
(372, 106, 69, '50×80'),
(373, 106, 70, '55 radius'),
(374, 106, 71, 'unknown'),
(375, 46, 1, 'seasonal frost'),
(376, 46, 2, 'permafrost'),
(377, 46, 3, 'bedrock'),
(378, 46, 4, 'paralithic contact'),
(379, 46, 5, 'densic layer'),
(380, 46, 6, 'rock, unconsolidated'),
(381, 73, 1, 'environment'),
(382, 73, 2, 'metadata'),
(383, 73, 3, 'project'),
(384, 73, 4, 'site'),
(385, 73, 5, 'taxonomy'),
(386, 73, 6, 'vegetation'),
(387, 75, 1, 'author'),
(388, 75, 2, 'category'),
(389, 75, 3, 'completion'),
(390, 75, 4, 'cover'),
(391, 75, 5, 'cover_method'),
(392, 75, 6, 'cover_type'),
(393, 75, 7, 'database_dictionary'),
(394, 75, 8, 'database_schema'),
(395, 75, 9, 'data_type'),
(396, 75, 10, 'datum'),
(397, 75, 11, 'disturbance'),
(398, 75, 12, 'drainage'),
(399, 75, 13, 'environment'),
(400, 75, 14, 'family'),
(401, 75, 15, 'geomorphology'),
(402, 75, 16, 'habit'),
(403, 75, 17, 'hierarchy'),
(404, 75, 18, 'macrotopography'),
(405, 75, 19, 'microtopography'),
(406, 75, 20, 'moisture'),
(407, 75, 21, 'organization'),
(408, 75, 22, 'organization_type'),
(409, 75, 23, 'personnel'),
(410, 75, 24, 'perspective'),
(411, 75, 25, 'physiography'),
(412, 75, 26, 'plot_dimensions'),
(413, 75, 27, 'project'),
(414, 75, 28, 'project_status'),
(415, 75, 29, 'restrictive_type'),
(416, 75, 30, 'schema_category'),
(417, 75, 31, 'schema_table'),
(418, 75, 32, 'scope'),
(419, 75, 33, 'site'),
(420, 75, 34, 'soil_class'),
(421, 75, 35, 'stratification'),
(422, 75, 36, 'taxon_accepted'),
(423, 75, 37, 'taxon_adjudicated'),
(424, 75, 38, 'taxon_level'),
(425, 75, 39, 'taxon_source'),
(426, 75, 40, 'taxon_status'),
(427, 108, 1, 'exhaustive'),
(428, 108, 2, 'non-trace species'),
(429, 108, 3, 'high cover species'),
(430, 108, 4, 'common species'),
(431, 108, 5, 'partial'),
(432, 108, 6, 'genus'),
(433, 108, 7, 'functional group or life form'),
(434, 108, 8, 'none'),
(435, 48, 1, 'aeric cryaquepts'),
(436, 48, 2, 'aeric humic cryaquepts'),
(437, 48, 3, 'andic aquorthels'),
(438, 48, 4, 'andic cryofluvents'),
(439, 48, 5, 'andic dystrocryepts'),
(440, 48, 6, 'andic haplocryalfs'),
(441, 48, 7, 'andic haplocryepts'),
(442, 48, 8, 'andic haplocryods'),
(443, 48, 9, 'andic haplocryolls'),
(444, 48, 10, 'andic humicryepts'),
(445, 48, 11, 'andic humicryods'),
(446, 48, 12, 'andic humigelepts'),
(447, 48, 13, 'aquandic cryaquents'),
(448, 48, 14, 'aquandic cryaquepts'),
(449, 48, 15, 'aquandic haplocryepts'),
(450, 48, 16, 'aquic cryofluvents'),
(451, 48, 17, 'aquic cryopsamments'),
(452, 48, 18, 'aquic cryorthents'),
(453, 48, 19, 'aquic duricryands'),
(454, 48, 20, 'aquic dystrogelepts'),
(455, 48, 21, 'aquic eutrocryepts'),
(456, 48, 22, 'aquic gelifluvents'),
(457, 48, 23, 'aquic gelorthents'),
(458, 48, 24, 'aquic haplocryepts'),
(459, 48, 25, 'aquic haplogelepts'),
(460, 48, 26, 'aquic haplorthels'),
(461, 48, 27, 'aquic haploturbels'),
(462, 48, 28, 'aquic humicryods'),
(463, 48, 29, 'aquic molliturbels'),
(464, 48, 30, 'aquic umbrorthels'),
(465, 48, 31, 'cryaquents'),
(466, 48, 32, 'entic haplocryods'),
(467, 48, 33, 'eutric duricryands'),
(468, 48, 34, 'eutric fulvicryands'),
(469, 48, 35, 'eutric humicryepts'),
(470, 48, 36, 'eutric pachic fulvicryands'),
(471, 48, 37, 'fibric haplowassists'),
(472, 48, 38, 'fluvaquentic aquorthels'),
(473, 48, 39, 'fluvaquentic cryaquepts'),
(474, 48, 40, 'fluvaquentic cryofibrists'),
(475, 48, 41, 'fluvaquentic cryohemists'),
(476, 48, 42, 'fluvaquentic cryosaprists'),
(477, 48, 43, 'fluvaquentic dystrocryepts'),
(478, 48, 44, 'fluvaquentic fibristels'),
(479, 48, 45, 'fluvaquentic gelaquepts'),
(480, 48, 46, 'fluvaquentic haplocryepts'),
(481, 48, 47, 'fluvaquentic haplorthels'),
(482, 48, 48, 'fluvaquentic hemistels'),
(483, 48, 49, 'fluvaquentic historthels'),
(484, 48, 50, 'fluvaquentic humicryepts'),
(485, 48, 51, 'fluvaquentic sapristels'),
(486, 48, 52, 'fluventic dystrocryepts'),
(487, 48, 53, 'fluventic haplocryepts'),
(488, 48, 54, 'fluventic haplorthels'),
(489, 48, 55, 'fluventic historthels'),
(490, 48, 56, 'fluventic humicryepts'),
(491, 48, 57, 'folistic dystrocryepts'),
(492, 48, 58, 'folistic haplocryands'),
(493, 48, 59, 'folistic haplocryods'),
(494, 48, 60, 'folistic haplorthels'),
(495, 48, 61, 'folistic haploturbels'),
(496, 48, 62, 'folistic histoturbels'),
(497, 48, 63, 'folistic humicryods'),
(498, 48, 64, 'folistic vitricryands'),
(499, 48, 65, 'glacic folistels'),
(500, 48, 66, 'glacic umbriturbels'),
(501, 48, 67, 'histic cryaquepts'),
(502, 48, 68, 'histic gelaquepts'),
(503, 48, 69, 'humic cryaquepts'),
(504, 48, 70, 'humic dystrocryepts'),
(505, 48, 71, 'humic dystrogelepts'),
(506, 48, 72, 'humic eutrocryepts'),
(507, 48, 73, 'humic eutrogelepts'),
(508, 48, 74, 'humic gelaquepts'),
(509, 48, 75, 'humic vitricryands'),
(510, 48, 76, 'humigelepts'),
(511, 48, 77, 'hydric cryofibrists'),
(512, 48, 78, 'hydric cryohemists'),
(513, 48, 79, 'hydric sphagnofibrists'),
(514, 48, 80, 'inceptic haplocryalfs'),
(515, 48, 81, 'inceptic hapludalfs'),
(516, 48, 82, 'limnic cryosaprists'),
(517, 48, 83, 'lithic argicryolls'),
(518, 48, 84, 'lithic cryorthents'),
(519, 48, 85, 'lithic dystrocryepts'),
(520, 48, 86, 'lithic dystrogelepts'),
(521, 48, 87, 'lithic haplocryepts'),
(522, 48, 88, 'lithic haplocryolls'),
(523, 48, 89, 'lithic haplogelepts'),
(524, 48, 90, 'lithic haploturbels'),
(525, 48, 91, 'lithic humicryepts'),
(526, 48, 92, 'lithic vitricryands'),
(527, 48, 93, 'mollic cryofluvents'),
(528, 48, 94, 'not available'),
(529, 48, 95, 'not determined'),
(530, 48, 96, 'oxyaquic cryofluvents'),
(531, 48, 97, 'oxyaquic cryopsamments'),
(532, 48, 98, 'oxyaquic cryorthents'),
(533, 48, 99, 'oxyaquic dystrocryepts'),
(534, 48, 100, 'oxyaquic eutrocryepts'),
(535, 48, 101, 'oxyaquic gelorthents'),
(536, 48, 102, 'oxyaquic haplocryepts'),
(537, 48, 103, 'oxyaquic humicryepts'),
(538, 48, 104, 'psammentic aquiturbels'),
(539, 48, 105, 'psammentic aquorthels'),
(540, 48, 106, 'ruptic historthels'),
(541, 48, 107, 'ruptic histoturbels'),
(542, 48, 108, 'ruptic-histic aquiturbels'),
(543, 48, 109, 'ruptic-histic aquorthels'),
(544, 48, 110, 'salic aquorthels'),
(545, 48, 111, 'sphagnic cryofibrists'),
(546, 48, 112, 'sphagnic fibristels'),
(547, 48, 113, 'spodic cryopsamments'),
(548, 48, 114, 'spodic dystrocryepts'),
(549, 48, 115, 'spodic haplocryands'),
(550, 48, 116, 'spodic vitricryands'),
(551, 48, 117, 'terric cryofibrists'),
(552, 48, 118, 'terric cryohemists'),
(553, 48, 119, 'terric cryosaprists'),
(554, 48, 120, 'terric fibristels'),
(555, 48, 121, 'terric hemistels'),
(556, 48, 122, 'terric sapristels'),
(557, 48, 123, 'turbic haplogelepts'),
(558, 48, 124, 'turbic haplogelods'),
(559, 48, 125, 'turbic vitrigelands'),
(560, 48, 126, 'typic aquiturbels'),
(561, 48, 127, 'typic aquorthels'),
(562, 48, 128, 'typic argiorthels'),
(563, 48, 129, 'typic cryaquands'),
(564, 48, 130, 'typic cryaquents'),
(565, 48, 131, 'typic cryaquepts'),
(566, 48, 132, 'typic cryofibrists'),
(567, 48, 133, 'typic cryofluvents'),
(568, 48, 134, 'typic cryofolists'),
(569, 48, 135, 'typic cryohemists'),
(570, 48, 136, 'typic cryopsamments'),
(571, 48, 137, 'typic cryorthents'),
(572, 48, 138, 'typic duricryands'),
(573, 48, 139, 'typic dystrocryepts'),
(574, 48, 140, 'typic dystrogelepts'),
(575, 48, 141, 'typic eutrocryepts'),
(576, 48, 142, 'typic eutrogelepts'),
(577, 48, 143, 'typic fibristels'),
(578, 48, 144, 'typic folistels'),
(579, 48, 145, 'typic gelaquents'),
(580, 48, 146, 'typic gelaquepts'),
(581, 48, 147, 'typic gelifluvents'),
(582, 48, 148, 'typic gelorthents'),
(583, 48, 149, 'typic gelpsamments'),
(584, 48, 150, 'typic haplocryands'),
(585, 48, 151, 'typic haplocryepts'),
(586, 48, 152, 'typic haplocryods'),
(587, 48, 153, 'typic haplocryolls'),
(588, 48, 154, 'typic haplogelepts'),
(589, 48, 155, 'typic haplogelods'),
(590, 48, 156, 'typic haplogelolls'),
(591, 48, 157, 'typic haplorthels'),
(592, 48, 158, 'typic haploturbels'),
(593, 48, 159, 'typic haplowassents'),
(594, 48, 160, 'typic hemistels'),
(595, 48, 161, 'typic historthels'),
(596, 48, 162, 'typic histoturbels'),
(597, 48, 163, 'typic humicryepts'),
(598, 48, 164, 'typic humicryods'),
(599, 48, 165, 'typic humigelepts'),
(600, 48, 166, 'typic molliturbels'),
(601, 48, 167, 'typic mollorthels'),
(602, 48, 168, 'typic petraquepts'),
(603, 48, 169, 'typic psammorthels'),
(604, 48, 170, 'typic psammoturbels'),
(605, 48, 171, 'typic quartzipsamments'),
(606, 48, 172, 'typic sapristels'),
(607, 48, 173, 'typic udifolists'),
(608, 48, 174, 'typic umbriturbels'),
(609, 48, 175, 'typic umbrorthels'),
(610, 48, 176, 'typic vitricryands'),
(611, 48, 177, 'ustic eutrocryepts'),
(612, 48, 178, 'vitrandic cryofluvents'),
(613, 48, 179, 'vitrandic cryopsamments'),
(614, 48, 180, 'vitrandic cryorthents'),
(615, 48, 181, 'vitrandic dystrocryepts'),
(616, 48, 182, 'vitrandic haplocryalfs'),
(617, 48, 183, 'vitrandic haplocryepts'),
(618, 48, 184, 'vitrandic haplocryolls'),
(619, 48, 185, 'vitrandic humicryepts'),
(620, 48, 186, 'vitric haplocryands'),
(621, 50, 1, 'aquatic forb'),
(622, 50, 2, 'barrens or partially vegetated'),
(623, 50, 3, 'bog meadow'),
(624, 50, 4, 'deciduous forest'),
(625, 50, 5, 'bryoid herbaceous'),
(626, 50, 6, 'coastal water'),
(627, 50, 7, 'dwarf shrub'),
(628, 50, 8, 'forb emergent'),
(629, 50, 9, 'forb meadow'),
(630, 50, 10, 'glacial ice'),
(631, 50, 11, 'graminoid emergent'),
(632, 50, 12, 'grass meadow'),
(633, 50, 13, 'lake water'),
(634, 50, 14, 'lichen tundra'),
(635, 50, 15, 'low shrub'),
(636, 50, 16, 'low-tall shrub'),
(637, 50, 17, 'marine water'),
(638, 50, 18, 'mixed forest'),
(639, 50, 19, 'moist tundra'),
(640, 50, 20, 'coniferous forest'),
(641, 50, 21, 'open water'),
(642, 50, 22, 'river water'),
(643, 50, 23, 'sedge emergent'),
(644, 50, 24, 'sedge meadow'),
(645, 50, 25, 'tall shrub'),
(646, 50, 26, 'tidal marsh'),
(647, 50, 27, 'tussock tundra'),
(648, 50, 28, 'wet meadow'),
(649, 50, 29, 'wetland');

-- Commit transaction
COMMIT TRANSACTION;
